l_orderkey,l_partkey,l_linenumber,l_quantity,l_extendedprice,l_discount,l_shipdate,l_returnflag
1,421,1,2,2243.37,0.06,1995-04-10,A
1,202,2,42,9374.89,0.08,1994-03-06,R
2,14,1,32,802.24,0.04,1992-03-23,A
2,244,2,7,9921.18,0.0,1996-04-20,N
2,686,3,43,3665.16,0.09,1996-08-23,A
3,625,1,33,715.81,0.07,1996-01-19,R
4,725,1,11,726.87,0.09,1993-03-26,N
4,443,2,15,1488.35,0.08,1998-12-26,N
4,606,3,19,9529.99,0.06,1993-05-18,N
5,525,1,36,288.33,0.08,1994-03-27,R
5,225,2,8,3099.83,0.04,1996-08-05,R
5,503,3,20,2842.05,0.01,1997-08-26,R
6,694,1,11,3732.11,0.07,1997-10-13,A
6,79,2,5,6713.28,0.08,1994-05-14,A
6,519,3,41,949.92,0.05,1992-07-13,A
7,415,1,46,3209.6,0.04,1998-04-07,R
7,382,2,36,1570.8,0.01,1994-08-10,N
8,733,1,19,1119.36,0.09,1994-06-03,N
9,6,1,46,5733.8,0.06,1993-02-16,A
9,41,2,17,9130.37,0.07,1997-10-13,A
10,271,1,12,4958.78,0.01,1994-06-07,R
10,527,2,38,1961.17,0.07,1994-09-28,R
11,256,1,4,6856.73,0.03,1995-01-24,R
11,637,2,16,3490.73,0.08,1996-02-02,N
12,688,1,16,8026.8,0.08,1996-04-23,R
12,609,2,15,267.91,0.03,1997-08-08,R
12,312,3,22,5537.69,0.09,1998-06-22,A
12,759,4,35,9891.56,0.03,1992-11-01,N
13,19,1,4,5989.15,0.1,1997-10-01,R
13,478,2,13,8660.38,0.02,1998-10-11,R
13,360,3,35,3474.14,0.08,1997-05-22,R
14,457,1,32,4290.15,0.03,1998-05-06,A
14,670,2,50,295.2,0.05,1992-07-10,R
14,686,3,26,5396.74,0.1,1993-10-09,A
15,298,1,13,7423.48,0.09,1996-08-11,R
16,247,1,40,8671.86,0.05,1997-08-20,R
16,404,2,32,9145.24,0.05,1994-01-18,N
16,490,3,4,9959.59,0.07,1998-04-27,N
17,112,1,5,7054.07,0.1,1995-11-21,A
17,742,2,38,8223.02,0.03,1996-02-11,R
18,420,1,36,8732.65,0.0,1997-08-09,A
18,197,2,20,7898.1,0.02,1993-07-28,R
19,68,1,32,428.62,0.01,1992-07-04,A
20,362,1,6,2307.32,0.09,1993-03-18,A
20,394,2,43,3011.99,0.06,1992-01-16,A
21,423,1,35,9874.05,0.1,1993-01-05,N
22,399,1,37,4854.77,0.02,1996-08-02,R
22,328,2,7,8806.36,0.09,1996-07-20,R
23,264,1,23,797.81,0.08,1994-10-04,R
24,637,1,2,5099.54,0.04,1998-10-03,R
24,746,2,44,4683.23,0.02,1995-01-16,A
25,540,1,37,9755.14,0.02,1997-03-23,N
25,591,2,9,7103.07,0.0,1998-03-20,A
26,772,1,21,1103.12,0.01,1995-02-20,N
26,753,2,30,9610.97,0.08,1992-12-11,A
27,104,1,32,475.44,0.03,1996-01-13,N
28,655,1,14,1861.05,0.03,1992-04-05,A
29,619,1,43,8115.65,0.08,1996-10-21,R
29,761,2,38,3177.52,0.04,1996-09-20,R
30,345,1,49,7414.12,0.03,1993-02-28,N
31,105,1,36,5551.61,0.02,1996-01-02,N
31,673,2,6,1470.2,0.03,1993-10-18,R
31,4,3,10,4074.07,0.02,1993-11-24,N
32,405,1,46,7110.84,0.1,1995-11-09,N
32,255,2,33,3529.94,0.0,1993-07-18,R
33,767,1,8,6531.21,0.04,1994-09-16,R
33,738,2,36,8822.16,0.09,1993-08-14,R
34,20,1,2,2559.39,0.05,1992-01-21,N
34,99,2,28,5182.22,0.09,1992-08-22,N
35,722,1,28,9549.04,0.07,1994-03-12,R
35,498,2,39,4748.26,0.03,1992-05-07,A
36,338,1,28,8875.09,0.05,1996-11-12,R
36,722,2,9,6336.36,0.03,1994-12-13,A
37,193,1,24,3830.18,0.01,1996-03-05,N
37,284,2,31,9992.14,0.05,1993-08-01,A
37,187,3,50,6731.24,0.0,1996-11-11,A
38,212,1,46,2970.93,0.09,1992-07-22,A
38,32,2,33,1907.58,0.02,1992-06-21,R
39,251,1,23,6692.91,0.03,1997-08-22,N
40,547,1,44,6619.24,0.0,1996-05-02,A
40,532,2,34,5281.09,0.1,1992-08-21,A
41,147,1,33,4541.78,0.09,1992-12-17,R
41,426,2,3,9872.01,0.03,1998-10-06,R
42,515,1,41,9484.81,0.01,1992-09-09,N
43,535,1,24,7728.52,0.04,1996-06-19,R
43,355,2,21,6553.07,0.04,1997-06-05,N
44,549,1,11,3913.52,0.0,1995-08-17,N
44,344,2,12,2231.82,0.07,1995-05-21,N
44,703,3,16,5703.44,0.03,1998-03-21,N
44,287,4,14,4114.05,0.06,1994-03-10,R
44,769,5,26,3042.86,0.02,1994-01-21,N
45,670,1,31,7158.27,0.01,1994-11-28,N
45,82,2,15,7207.25,0.08,1996-12-07,A
46,585,1,39,744.03,0.03,1994-08-15,A
46,7,2,22,5462.86,0.1,1993-05-16,A
47,616,1,22,1329.22,0.05,1998-04-20,N
48,384,1,46,9310.01,0.06,1994-05-05,A
49,274,1,22,1827.53,0.08,1995-05-14,A
49,252,2,19,1507.83,0.05,1996-07-04,A
50,732,1,3,662.41,0.02,1993-05-26,R
50,587,2,1,2890.68,0.1,1997-01-14,N
51,410,1,1,9536.28,0.04,1995-02-04,A
52,604,1,27,4650.27,0.09,1995-05-15,R
53,19,1,48,4826.68,0.07,1994-03-18,A
53,244,2,16,1401.17,0.1,1992-07-09,A
54,121,1,32,6797.76,0.03,1997-12-05,R
54,650,2,3,4985.76,0.07,1993-12-04,N
55,39,1,33,4173.0,0.01,1998-11-07,A
56,657,1,46,4350.15,0.07,1993-10-04,N
56,411,2,5,6668.45,0.04,1992-01-17,N
57,389,1,26,4297.42,0.09,1998-04-18,N
57,147,2,46,9116.38,0.06,1993-06-13,N
58,163,1,19,6502.48,0.09,1994-11-25,R
58,17,2,25,6089.25,0.01,1998-04-08,R
59,749,1,26,7367.39,0.08,1997-11-04,R
59,266,2,43,4827.82,0.06,1992-06-07,R
59,167,3,22,2384.87,0.01,1994-06-17,R
60,660,1,21,7308.46,0.07,1992-06-18,R
60,18,2,12,4925.89,0.07,1994-08-10,R
61,250,1,50,6081.01,0.02,1994-02-11,N
61,357,2,33,3733.03,0.1,1992-05-08,R
62,768,1,35,2898.53,0.06,1994-06-19,N
63,412,1,33,5032.55,0.09,1995-10-13,N
64,130,1,38,3534.68,0.1,1997-05-16,N
65,305,1,11,715.43,0.1,1993-11-16,N
65,699,2,10,2440.3,0.06,1992-11-04,R
65,491,3,12,8790.57,0.02,1997-10-12,N
65,561,4,1,3083.39,0.03,1998-05-22,R
66,32,1,10,4332.3,0.03,1997-10-14,R
66,559,2,21,8307.33,0.02,1996-10-17,R
66,489,3,36,3676.1,0.08,1992-02-03,N
67,355,1,4,8960.29,0.1,1995-04-17,R
68,454,1,40,1703.43,0.02,1993-07-21,N
69,494,1,19,8197.21,0.1,1992-04-18,R
70,62,1,16,454.84,0.04,1997-05-01,A
71,52,1,5,2656.37,0.08,1997-12-25,N
71,413,2,10,5068.7,0.03,1995-08-26,R
71,356,3,29,8093.85,0.0,1992-08-14,A
72,517,1,46,307.25,0.05,1998-01-27,R
72,700,2,3,8209.17,0.0,1996-03-24,A
73,372,1,19,3516.6,0.08,1993-05-21,R
73,205,2,9,7414.17,0.07,1997-06-26,N
73,799,3,15,3314.05,0.09,1995-05-22,R
74,760,1,18,8630.32,0.07,1995-01-23,R
75,690,1,2,1727.58,0.08,1996-09-12,R
75,285,2,50,3342.59,0.05,1994-05-07,N
75,376,3,22,4631.34,0.05,1998-03-02,A
75,414,4,41,2452.43,0.03,1994-03-16,N
76,611,1,4,932.41,0.01,1992-07-28,N
77,798,1,38,3987.27,0.02,1992-12-24,R
77,474,2,35,4744.73,0.09,1998-03-22,N
77,649,3,12,7470.19,0.04,1993-12-20,R
78,790,1,24,6415.07,0.01,1994-12-02,A
78,232,2,27,7065.6,0.06,1996-10-10,A
78,285,3,49,9931.4,0.04,1992-04-28,A
79,636,1,22,4508.46,0.09,1994-03-03,N
79,715,2,44,6753.58,0.1,1997-12-23,A
79,132,3,40,8578.61,0.02,1994-09-02,N
79,777,4,10,3583.21,0.06,1995-12-09,A
80,393,1,27,5702.7,0.05,1997-11-05,N
80,747,2,50,9066.34,0.0,1994-08-27,R
81,794,1,42,6186.75,0.0,1994-08-15,N
81,33,2,29,2403.87,0.03,1998-06-14,N
82,712,1,42,1563.55,0.09,1995-02-07,N
83,677,1,10,4552.55,0.0,1995-08-05,R
83,626,2,39,710.52,0.03,1998-07-03,A
84,778,1,41,7006.46,0.0,1997-04-25,A
85,44,1,49,5046.72,0.05,1997-07-15,N
85,517,2,1,6753.39,0.07,1997-02-28,N
86,771,1,14,6067.07,0.04,1996-09-15,N
86,360,2,23,2619.38,0.06,1992-01-25,N
86,138,3,21,5873.26,0.0,1994-07-03,N
87,697,1,4,9434.12,0.07,1992-11-12,R
87,536,2,12,3764.93,0.01,1993-07-26,R
88,171,1,46,8362.21,0.03,1998-03-28,A
88,445,2,14,8956.25,0.1,1994-01-01,R
89,164,1,36,3926.18,0.01,1993-12-04,N
89,516,2,23,3775.2,0.08,1993-10-11,R
90,50,1,50,4461.7,0.01,1996-01-09,N
91,721,1,39,1633.87,0.01,1994-06-08,N
92,507,1,12,3411.74,0.05,1993-06-23,R
92,505,2,13,4899.67,0.03,1992-02-24,R
92,575,3,49,7327.31,0.08,1993-10-21,A
92,616,4,46,3099.92,0.01,1993-11-22,N
93,418,1,21,2790.34,0.07,1998-03-26,R
93,22,2,18,4071.63,0.05,1996-04-23,R
93,673,3,23,8434.29,0.09,1998-12-24,R
94,652,1,15,5568.25,0.06,1992-01-21,A
94,766,2,20,777.09,0.07,1997-02-15,R
94,451,3,16,8310.61,0.07,1997-06-01,A
94,167,4,2,6578.49,0.02,1997-08-18,N
95,33,1,2,9346.82,0.01,1993-08-14,N
95,95,2,35,6953.76,0.1,1996-05-03,N
95,506,3,24,7499.5,0.0,1994-10-15,N
96,709,1,7,6538.25,0.01,1998-03-23,R
96,454,2,41,8389.94,0.04,1996-09-27,N
97,746,1,38,1375.63,0.0,1996-01-16,A
97,384,2,2,5473.24,0.09,1997-03-25,A
98,390,1,17,2579.55,0.06,1992-06-01,A
98,195,2,25,4678.42,0.07,1995-08-08,N
98,539,3,26,5381.01,0.05,1998-02-06,N
99,254,1,28,6184.29,0.04,1998-05-24,A
99,798,2,5,8621.72,0.1,1996-01-09,R
100,39,1,9,2817.05,0.02,1992-07-07,N
100,249,2,45,8981.41,0.06,1994-02-15,A
101,13,1,18,3995.82,0.01,1997-12-25,R
101,760,2,24,5087.91,0.07,1998-07-05,R
102,577,1,31,6890.27,0.09,1996-10-14,A
102,321,2,46,2071.0,0.0,1995-05-05,R
103,240,1,2,1092.99,0.04,1993-11-11,R
103,623,2,9,8376.83,0.04,1995-01-26,A
103,389,3,35,6340.61,0.04,1996-02-23,N
103,562,4,33,3637.93,0.03,1993-01-13,A
103,6,5,17,6867.81,0.01,1998-12-15,R
104,241,1,16,6776.12,0.01,1996-02-15,R
104,412,2,32,2883.72,0.01,1997-11-12,N
104,219,3,42,5053.74,0.05,1995-04-08,R
105,593,1,8,9241.05,0.09,1996-10-15,A
106,342,1,8,4758.79,0.01,1992-12-22,A
106,408,2,5,883.4,0.03,1994-11-04,A
106,325,3,34,4734.89,0.03,1997-02-15,N
107,656,1,2,479.12,0.06,1993-02-02,N
107,124,2,28,3531.73,0.0,1998-05-26,R
108,545,1,16,757.32,0.06,1993-05-08,N
108,513,2,30,5243.56,0.01,1997-01-10,N
109,71,1,43,2616.56,0.05,1993-11-10,R
109,179,2,5,3315.06,0.02,1994-11-07,N
109,101,3,9,634.33,0.03,1996-06-05,N
110,468,1,13,946.41,0.09,1992-05-01,R
110,659,2,16,2695.27,0.06,1994-04-14,R
110,558,3,48,2946.57,0.03,1992-07-27,A
111,771,1,31,3917.44,0.07,1997-07-25,N
112,338,1,39,5337.52,0.06,1996-11-18,A
113,405,1,50,8736.37,0.08,1996-08-04,R
113,109,2,38,8227.63,0.01,1998-01-01,A
114,601,1,16,6399.43,0.09,1995-04-03,A
115,718,1,17,1616.56,0.05,1993-03-28,R
116,277,1,35,5089.77,0.1,1997-08-11,A
116,733,2,19,5981.39,0.08,1997-09-28,A
116,478,3,12,2176.75,0.06,1996-04-19,A
117,643,1,44,2204.18,0.07,1997-02-03,R
117,741,2,35,2866.8,0.04,1996-09-02,N
118,257,1,32,506.69,0.06,1993-07-04,A
118,22,2,23,3178.27,0.0,1995-07-09,N
119,208,1,23,1685.75,0.01,1998-01-14,R
120,90,1,50,7210.63,0.03,1993-01-25,N
120,244,2,24,1808.58,0.08,1997-11-26,R
121,199,1,12,9414.39,0.02,1994-02-03,A
121,327,2,33,1315.98,0.04,1998-11-09,R
122,386,1,26,899.44,0.05,1998-01-20,N
122,621,2,27,2860.22,0.04,1996-03-20,R
123,349,1,45,7854.99,0.09,1997-09-22,R
123,582,2,31,7357.31,0.06,1995-12-13,A
124,503,1,24,7599.92,0.0,1993-06-15,N
124,477,2,22,7194.79,0.01,1994-03-14,R
124,672,3,50,5566.68,0.04,1995-02-21,N
125,235,1,19,3019.19,0.04,1996-10-04,N
125,520,2,12,7349.86,0.04,1997-03-27,R
125,488,3,33,4507.22,0.01,1995-12-14,N
126,714,1,13,3511.88,0.03,1998-12-09,A
126,45,2,35,678.16,0.0,1998-05-06,R
126,433,3,8,8901.25,0.1,1993-10-26,R
127,409,1,49,4106.19,0.08,1997-09-18,A
127,227,2,5,689.17,0.02,1996-05-17,N
128,585,1,5,2928.9,0.09,1997-06-03,R
129,361,1,28,2835.06,0.04,1995-06-10,R
130,523,1,25,173.06,0.09,1995-09-05,A
131,768,1,3,8011.37,0.0,1995-09-28,R
132,178,1,11,351.78,0.08,1998-07-12,N
133,593,1,25,1285.33,0.0,1994-02-16,A
133,189,2,38,5230.14,0.1,1994-08-21,A
134,752,1,32,4759.33,0.0,1993-11-24,A
134,123,2,44,3971.85,0.05,1996-01-11,R
134,33,3,32,278.51,0.05,1992-01-04,R
135,525,1,18,761.42,0.04,1992-04-19,N
135,672,2,20,4915.37,0.01,1994-03-03,N
136,202,1,32,2413.61,0.03,1995-05-02,A
137,266,1,19,7970.34,0.1,1993-04-02,A
137,165,2,9,4096.89,0.02,1992-02-15,N
138,253,1,5,2138.96,0.07,1992-09-09,A
139,23,1,27,8576.04,0.0,1997-01-17,R
139,583,2,22,8391.96,0.03,1998-12-27,A
140,646,1,7,4606.33,0.09,1996-07-03,N
141,65,1,49,7591.01,0.03,1997-07-28,N
142,530,1,16,7443.78,0.1,1993-11-06,R
143,618,1,34,7287.12,0.07,1995-02-26,R
143,395,2,18,8373.11,0.09,1997-12-10,N
143,27,3,3,7738.03,0.0,1996-12-21,N
144,23,1,39,2865.36,0.01,1995-06-02,N
144,205,2,20,691.28,0.02,1997-01-05,N
145,665,1,1,683.43,0.06,1996-07-01,A
145,372,2,47,7285.72,0.04,1993-05-12,R
146,294,1,9,4478.86,0.1,1997-03-25,N
146,594,2,1,6319.39,0.1,1996-07-10,N
147,95,1,36,242.84,0.01,1994-04-01,R
148,379,1,3,109.56,0.08,1996-04-01,N
149,263,1,14,9606.57,0.02,1993-08-02,N
149,782,2,7,805.99,0.06,1993-02-18,R
150,685,1,12,8753.15,0.06,1995-07-27,A
150,720,2,8,6092.43,0.05,1997-10-25,A
151,477,1,29,4865.77,0.01,1992-11-16,N
151,628,2,22,1679.18,0.02,1992-11-19,R
151,394,3,49,4047.56,0.01,1995-04-25,A
152,613,1,17,3180.46,0.03,1996-10-04,N
152,361,2,48,6050.75,0.0,1996-09-03,R
152,93,3,6,4822.17,0.02,1995-11-28,R
152,563,4,48,1503.45,0.08,1998-01-17,A
153,355,1,6,5405.43,0.05,1993-02-03,A
154,68,1,48,8260.78,0.0,1997-04-21,A
155,690,1,33,107.56,0.06,1993-10-23,R
155,222,2,35,9055.81,0.08,1995-02-08,R
155,337,3,46,5219.7,0.0,1992-01-15,N
155,607,4,21,1765.78,0.04,1996-11-18,R
155,533,5,45,5876.75,0.08,1998-05-13,R
156,438,1,31,4203.18,0.07,1997-08-13,N
156,589,2,1,9976.65,0.06,1992-05-28,N
157,262,1,10,1784.18,0.02,1998-05-03,R
158,368,1,9,6860.07,0.01,1995-02-23,R
158,404,2,18,224.23,0.06,1992-02-01,A
159,213,1,50,7421.02,0.1,1995-01-22,R
160,501,1,10,5774.1,0.01,1992-07-24,N
160,307,2,22,9509.12,0.04,1995-11-12,N
160,115,3,23,1510.66,0.06,1992-11-04,R
160,674,4,31,4985.18,0.06,1996-09-13,N
161,570,1,22,9325.19,0.0,1996-05-27,A
162,147,1,24,6892.41,0.1,1997-06-06,R
162,467,2,15,7629.28,0.09,1994-09-28,N
163,551,1,20,5293.2,0.0,1998-12-04,N
163,207,2,10,439.11,0.06,1994-08-11,A
163,641,3,16,1140.1,0.0,1992-10-26,N
163,791,4,48,9949.39,0.04,1996-09-04,A
163,157,5,27,8664.63,0.02,1992-10-01,A
164,558,1,21,4847.21,0.07,1993-09-27,A
164,206,2,20,1069.1,0.04,1997-07-01,R
164,124,3,2,8917.92,0.07,1995-01-23,R
165,169,1,42,5442.32,0.02,1994-10-03,A
165,76,2,6,907.69,0.0,1993-07-27,R
166,637,1,40,1677.98,0.04,1996-09-28,R
166,270,2,14,5071.28,0.1,1996-02-26,R
166,256,3,29,5230.95,0.09,1996-08-01,A
166,564,4,22,1668.32,0.01,1994-07-08,N
167,169,1,22,9773.74,0.03,1996-04-20,A
168,474,1,15,2032.53,0.06,1992-04-19,N
169,391,1,44,9475.55,0.02,1998-10-05,N
170,637,1,50,1467.86,0.08,1996-08-04,N
170,117,2,9,3169.17,0.09,1995-07-02,N
171,646,1,18,6528.64,0.03,1998-01-24,N
171,762,2,30,2092.66,0.02,1992-08-09,N
171,24,3,47,5341.05,0.0,1992-02-16,A
172,408,1,25,396.84,0.03,1994-11-24,N
173,290,1,27,9659.35,0.01,1997-09-11,R
173,392,2,38,6970.15,0.07,1993-12-01,R
174,21,1,37,3141.39,0.0,1998-03-11,A
174,648,2,2,7953.26,0.1,1992-10-18,A
174,101,3,2,4230.43,0.05,1994-10-24,N
175,149,1,8,6460.49,0.05,1995-07-16,A
175,777,2,1,3297.88,0.06,1995-12-12,A
176,250,1,40,2972.39,0.09,1998-04-18,R
176,86,2,36,6146.57,0.07,1994-10-21,A
177,566,1,12,487.38,0.02,1994-12-28,N
178,507,1,38,5928.81,0.06,1995-02-23,A
178,217,2,27,1974.77,0.08,1995-06-20,R
179,338,1,7,6636.78,0.05,1996-10-23,R
180,139,1,46,5488.65,0.08,1992-05-06,A
180,702,2,40,3285.31,0.04,1993-03-08,N
181,647,1,22,5640.69,0.07,1995-05-06,R
182,639,1,18,2338.9,0.09,1993-06-15,N
183,251,1,14,7683.57,0.08,1994-06-27,A
183,276,2,41,8140.75,0.02,1993-02-22,A
183,89,3,45,3891.54,0.05,1997-05-08,N
184,327,1,48,4510.88,0.06,1994-09-03,R
185,341,1,42,9507.29,0.02,1998-12-21,A
186,128,1,37,5488.05,0.07,1995-10-28,A
186,24,2,32,6498.41,0.09,1993-05-09,R
187,378,1,30,4726.01,0.06,1993-04-09,A
187,710,2,36,2052.67,0.09,1992-04-16,N
188,114,1,39,9792.92,0.04,1996-12-08,A
188,575,2,49,8736.77,0.1,1996-12-02,A
189,729,1,28,8235.07,0.01,1997-07-28,A
190,282,1,42,4123.14,0.03,1994-07-03,R
190,236,2,35,9230.02,0.09,1996-11-13,N
191,187,1,24,4849.53,0.04,1995-07-03,N
191,732,2,14,4459.84,0.07,1998-12-04,R
192,772,1,31,5326.14,0.07,1994-11-25,R
192,614,2,29,3057.77,0.0,1998-05-18,N
193,740,1,16,2887.27,0.04,1996-11-14,R
194,570,1,15,8884.04,0.03,1992-01-04,R
195,171,1,30,131.8,0.07,1993-01-20,R
196,250,1,22,8487.94,0.07,1997-07-15,R
196,419,2,5,4092.0,0.03,1998-12-18,R
196,739,3,32,8421.34,0.1,1992-04-11,N
196,457,4,17,821.19,0.1,1994-08-10,A
197,780,1,34,9450.53,0.09,1992-11-28,R
198,446,1,21,5329.61,0.04,1993-08-19,A
198,619,2,18,8041.7,0.06,1997-11-22,A
199,462,1,2,807.47,0.05,1998-09-19,N
199,420,2,12,6304.21,0.05,1993-03-20,A
200,295,1,39,7691.78,0.07,1998-12-14,N
200,67,2,44,1311.39,0.03,1998-10-16,R
200,637,3,6,2991.33,0.05,1992-11-27,R
201,776,1,3,2219.66,0.02,1992-07-17,R
201,670,2,19,8353.92,0.04,1998-07-21,A
201,346,3,13,5085.59,0.08,1994-09-05,R
202,591,1,30,5503.59,0.01,1997-06-21,R
203,669,1,36,1572.17,0.05,1994-11-01,A
203,445,2,39,4992.82,0.01,1998-02-20,N
204,521,1,34,2136.09,0.04,1998-07-25,N
205,154,1,6,6916.56,0.05,1993-08-25,R
205,60,2,19,2346.68,0.06,1997-10-18,N
205,304,3,32,4930.27,0.02,1995-05-18,R
206,476,1,3,9625.19,0.09,1998-11-18,R
206,16,2,46,5225.28,0.07,1995-01-23,N
206,390,3,49,3398.21,0.02,1996-03-26,A
207,570,1,32,4864.48,0.07,1998-02-25,N
208,455,1,37,1775.93,0.01,1998-07-07,R
208,628,2,16,8140.65,0.09,1998-12-21,N
209,365,1,5,4773.57,0.08,1998-11-23,N
210,298,1,31,6171.88,0.1,1992-01-22,R
210,706,2,12,1824.24,0.09,1993-06-11,N
211,554,1,36,2181.62,0.0,1994-07-10,N
212,398,1,9,9812.41,0.05,1993-07-15,N
212,690,2,31,257.74,0.06,1996-08-08,R
213,318,1,20,1086.31,0.05,1995-01-18,N
214,374,1,10,5481.06,0.1,1992-01-06,R
214,435,2,5,4054.94,0.1,1995-07-05,N
215,319,1,50,6622.89,0.1,1997-11-21,R
215,574,2,15,5386.45,0.03,1995-12-26,A
216,782,1,17,2805.86,0.03,1997-11-25,N
217,241,1,47,3487.84,0.01,1994-08-12,A
218,78,1,5,8759.44,0.09,1993-06-17,R
219,580,1,22,6173.98,0.0,1994-09-11,R
220,304,1,18,2231.06,0.03,1992-12-05,N
220,770,2,32,8370.33,0.08,1996-06-26,N
221,753,1,24,315.09,0.09,1995-10-19,A
222,507,1,25,5129.55,0.03,1993-07-11,A
222,732,2,37,4001.2,0.02,1994-05-12,R
223,233,1,29,7396.29,0.03,1992-09-14,A
224,513,1,48,233.43,0.06,1997-08-11,R
225,708,1,19,7391.46,0.03,1996-06-17,R
226,462,1,9,6692.36,0.08,1998-12-27,R
227,634,1,41,4323.89,0.03,1997-08-04,A
227,631,2,32,7509.25,0.07,1996-12-13,N
228,409,1,40,8117.17,0.07,1994-11-21,A
228,779,2,40,2008.19,0.03,1998-08-23,A
228,210,3,4,4508.3,0.09,1996-02-04,N
229,668,1,24,5415.87,0.1,1992-11-28,R
229,150,2,41,2003.05,0.01,1992-05-25,R
229,215,3,11,3129.8,0.0,1995-07-06,N
230,797,1,47,3306.41,0.02,1997-12-24,N
230,371,2,22,725.4,0.0,1996-01-20,R
230,537,3,46,5208.29,0.08,1994-08-12,A
231,262,1,27,7872.76,0.04,1995-10-14,N
232,31,1,44,5265.02,0.06,1993-07-22,R
232,379,2,18,7724.0,0.07,1998-12-07,R
233,682,1,12,1966.51,0.08,1997-11-13,N
233,640,2,35,950.8,0.05,1995-08-25,A
234,385,1,19,801.24,0.01,1995-08-09,R
234,485,2,20,6470.26,0.07,1992-05-25,A
235,761,1,7,4789.43,0.0,1997-10-24,N
236,93,1,17,2553.14,0.1,1997-10-13,A
237,664,1,6,4497.91,0.03,1998-04-18,N
237,518,2,36,9944.74,0.03,1994-06-10,R
238,254,1,3,1810.58,0.05,1998-07-08,A
238,152,2,7,4404.9,0.01,1998-03-14,R
239,490,1,11,4225.01,0.05,1993-03-03,A
239,739,2,12,6839.27,0.09,1995-08-16,A
240,97,1,10,5851.7,0.1,1998-10-25,R
241,452,1,44,3755.81,0.06,1996-01-01,A
241,322,2,2,8042.38,0.04,1997-05-17,N
242,278,1,15,5575.22,0.02,1998-02-07,N
242,52,2,35,2575.94,0.04,1995-12-09,R
242,386,3,32,2819.86,0.03,1997-10-27,A
243,69,1,30,2839.63,0.06,1992-09-12,A
243,197,2,2,4592.75,0.06,1995-05-22,N
243,39,3,47,8525.8,0.1,1992-06-21,A
243,644,4,38,2282.89,0.03,1996-11-27,R
244,695,1,34,745.84,0.08,1996-06-02,N
244,269,2,31,4156.76,0.1,1993-06-14,R
245,512,1,18,2603.91,0.07,1993-09-11,R
245,481,2,31,897.07,0.02,1994-05-01,A
246,499,1,24,5273.07,0.05,1993-11-26,A
246,197,2,25,6520.24,0.03,1995-11-08,A
247,12,1,3,5507.59,0.05,1994-01-04,N
247,3,2,41,182.99,0.03,1995-07-17,A
247,693,3,47,8044.99,0.04,1996-08-02,R
248,701,1,44,7000.96,0.07,1995-12-21,R
248,669,2,41,8653.93,0.07,1992-11-23,N
249,380,1,37,9424.59,0.0,1993-02-06,N
249,703,2,1,3313.12,0.09,1998-10-04,A
250,678,1,40,2125.19,0.03,1997-08-03,R
251,229,1,19,6805.61,0.1,1992-07-12,R
251,611,2,33,4157.69,0.09,1993-08-15,A
252,55,1,40,6823.58,0.02,1996-06-14,R
253,303,1,20,9579.76,0.07,1997-06-25,A
253,674,2,41,8289.42,0.05,1997-03-01,N
254,614,1,21,6923.14,0.0,1994-09-23,A
255,510,1,45,7886.84,0.09,1998-02-09,A
255,504,2,29,3057.52,0.04,1998-06-26,N
256,238,1,5,4070.54,0.05,1997-07-28,A
256,521,2,50,5257.58,0.0,1994-05-04,A
257,427,1,49,6533.02,0.0,1992-11-04,N
258,406,1,40,3587.14,0.1,1994-07-18,N
259,738,1,33,9433.74,0.01,1995-07-02,A
260,385,1,18,6547.67,0.06,1992-07-12,A
261,469,1,47,3495.48,0.04,1998-01-22,R
261,541,2,3,2588.7,0.09,1996-10-11,R
261,333,3,49,5384.79,0.08,1996-07-28,A
262,434,1,13,517.44,0.07,1994-02-24,R
262,571,2,10,3594.47,0.05,1998-10-12,N
263,213,1,15,562.95,0.1,1993-10-18,R
263,450,2,40,2822.16,0.04,1995-11-23,N
263,780,3,8,3231.24,0.06,1995-10-06,N
264,87,1,32,2389.38,0.09,1996-11-02,A
264,286,2,47,9553.27,0.06,1993-06-10,R
264,523,3,21,5238.04,0.01,1992-06-01,A
264,264,4,6,7394.94,0.08,1992-02-04,N
265,58,1,47,9997.29,0.03,1996-02-19,A
265,644,2,33,3778.04,0.1,1993-04-18,R
265,268,3,29,8909.73,0.1,1992-06-18,A
266,318,1,29,9891.52,0.06,1994-11-20,N
266,264,2,14,7488.92,0.04,1995-12-27,R
266,1,3,12,5029.56,0.0,1995-11-25,R
266,555,4,39,2028.76,0.1,1998-01-17,A
267,15,1,43,5421.82,0.01,1993-05-10,A
267,164,2,26,1616.96,0.08,1998-10-14,A
267,318,3,16,3564.75,0.03,1994-10-18,A
268,412,1,3,932.05,0.09,1995-08-27,R
268,481,2,19,7132.32,0.04,1992-11-10,N
269,311,1,35,7776.3,0.03,1996-08-16,R
269,259,2,43,2464.05,0.0,1993-10-07,N
270,270,1,1,1916.46,0.0,1997-10-19,N
270,648,2,44,7848.36,0.04,1996-08-15,N
270,149,3,7,368.77,0.05,1996-02-21,A
271,730,1,47,710.02,0.06,1993-02-22,A
271,192,2,41,4790.7,0.08,1997-11-13,A
272,77,1,48,5139.44,0.1,1993-06-15,A
272,201,2,29,768.57,0.07,1997-06-23,R
273,323,1,40,844.1,0.02,1997-11-26,N
273,391,2,1,6245.3,0.08,1996-05-18,R
273,527,3,38,5698.03,0.01,1993-10-15,N
274,391,1,42,2906.12,0.05,1995-12-14,A
274,337,2,17,5790.32,0.01,1995-02-23,A
274,299,3,19,943.22,0.06,1992-01-19,N
275,637,1,22,3932.25,0.07,1998-04-12,R
275,282,2,40,858.23,0.0,1992-07-03,N
276,107,1,41,5025.71,0.0,1996-04-18,N
276,53,2,5,7844.4,0.08,1992-09-23,N
276,526,3,25,9574.0,0.04,1997-05-28,R
276,606,4,32,6419.76,0.0,1992-04-18,A
277,177,1,29,1252.06,0.02,1996-08-08,A
277,352,2,50,2500.04,0.09,1995-11-07,R
277,663,3,17,9362.48,0.06,1992-10-16,A
277,401,4,46,5055.74,0.1,1993-04-23,A
278,690,1,45,2581.34,0.09,1994-02-19,N
279,272,1,22,6816.86,0.04,1998-05-08,R
280,84,1,43,9328.23,0.02,1992-11-19,A
281,138,1,15,3275.4,0.07,1997-12-01,R
281,600,2,22,8354.99,0.02,1994-07-22,N
282,169,1,4,2277.04,0.0,1994-08-13,N
282,325,2,32,6754.62,0.03,1993-10-21,N
282,774,3,4,7194.41,0.1,1993-07-16,A
283,222,1,3,9853.52,0.04,1992-05-01,A
283,497,2,38,7048.48,0.01,1998-09-23,A
283,133,3,18,7722.83,0.08,1994-12-11,R
283,203,4,33,908.19,0.06,1994-04-15,R
284,483,1,6,8108.89,0.02,1994-09-11,R
284,63,2,7,3552.44,0.02,1997-10-19,R
284,165,3,13,727.9,0.0,1997-05-07,A
285,332,1,10,8933.36,0.06,1997-08-08,R
286,769,1,13,998.19,0.01,1994-09-17,A
287,180,1,28,5034.44,0.06,1992-06-22,R
288,195,1,42,4138.02,0.05,1996-07-04,R
288,56,2,41,7622.62,0.02,1994-01-09,N
288,583,3,30,3870.06,0.07,1995-07-27,N
288,565,4,41,7601.48,0.03,1992-02-27,A
289,709,1,13,3797.08,0.04,1998-07-19,R
290,146,1,2,6654.77,0.09,1994-02-20,N
290,158,2,10,348.82,0.09,1994-06-26,R
290,568,3,3,931.15,0.03,1996-05-01,R
290,231,4,5,6367.17,0.04,1994-08-13,A
291,296,1,7,679.83,0.01,1997-08-12,N
291,542,2,12,7175.17,0.09,1997-07-26,N
291,429,3,29,6969.6,0.02,1992-05-21,N
291,5,4,10,3340.85,0.03,1996-05-14,R
292,273,1,22,793.93,0.04,1995-05-16,R
292,432,2,41,609.69,0.03,1998-03-14,R
293,441,1,35,1682.98,0.07,1998-02-17,N
294,132,1,10,3718.0,0.1,1993-04-17,R
294,330,2,17,9590.4,0.05,1996-09-01,R
294,209,3,11,2818.33,0.06,1998-06-04,R
294,298,4,25,7108.72,0.0,1994-08-25,R
295,737,1,7,7798.81,0.03,1994-10-05,N
295,431,2,39,5151.66,0.04,1992-11-10,N
296,190,1,46,8062.9,0.0,1996-11-12,A
296,671,2,5,9306.38,0.02,1993-07-11,R
297,366,1,34,8924.99,0.1,1997-01-21,N
298,502,1,10,3465.01,0.06,1997-04-12,R
298,797,2,41,8448.17,0.08,1993-03-02,R
298,673,3,20,8675.64,0.0,1995-08-28,N
299,483,1,11,1732.47,0.01,1998-04-23,R
299,434,2,31,945.04,0.09,1996-03-15,R
300,137,1,6,167.49,0.03,1997-04-17,A
300,406,2,27,1438.52,0.06,1992-04-26,R
301,410,1,28,5951.66,0.1,1996-06-20,A
301,92,2,23,861.74,0.04,1998-07-06,A
302,35,1,37,2460.68,0.05,1998-05-18,A
302,379,2,6,5522.48,0.07,1992-09-05,N
303,709,1,41,9235.63,0.08,1996-11-27,R
304,733,1,31,179.88,0.03,1992-10-26,R
304,411,2,21,9590.44,0.04,1998-03-28,R
305,304,1,6,5503.04,0.01,1992-03-24,A
306,389,1,49,3569.49,0.08,1995-10-07,A
306,547,2,20,2802.54,0.04,1992-12-14,N
306,65,3,7,5300.71,0.0,1997-06-26,A
306,760,4,36,3425.93,0.09,1993-06-19,N
307,163,1,27,6112.42,0.1,1993-07-08,N
307,464,2,22,6866.6,0.06,1993-10-13,N
308,154,1,49,4615.72,0.1,1997-12-23,R
308,565,2,25,799.61,0.01,1993-09-01,A
308,176,3,24,3808.27,0.09,1992-01-22,A
309,158,1,5,277.63,0.03,1994-09-09,R
309,532,2,43,1171.87,0.03,1993-12-07,R
310,617,1,47,6106.03,0.0,1993-07-14,R
310,249,2,7,1820.44,0.09,1997-10-05,N
311,140,1,16,2849.62,0.04,1996-11-02,N
312,236,1,42,2650.5,0.01,1993-05-11,R
313,596,1,6,8088.45,0.0,1994-04-11,N
314,6,1,40,5773.15,0.09,1992-01-02,R
315,755,1,27,7656.38,0.07,1996-02-09,A
316,252,1,9,9446.5,0.08,1994-10-24,N
317,50,1,11,3902.05,0.04,1997-07-02,N
317,10,2,34,6848.68,0.01,1995-04-12,R
317,669,3,5,5906.25,0.05,1993-04-07,A
318,555,1,3,3532.52,0.08,1997-12-21,R
318,101,2,9,8522.48,0.08,1997-07-20,N
319,411,1,45,9906.93,0.01,1994-08-28,R
319,178,2,11,4909.32,0.04,1996-11-13,N
319,547,3,4,175.46,0.09,1994-12-04,A
320,166,1,50,3164.92,0.07,1996-05-17,N
320,798,2,20,1557.14,0.07,1992-03-03,R
321,54,1,42,2900.49,0.1,1998-04-20,A
322,110,1,22,5755.66,0.02,1992-09-25,R
322,312,2,6,9790.52,0.07,1993-07-21,R
322,765,3,30,4905.71,0.01,1993-01-18,R
322,281,4,39,6526.98,0.01,1995-07-01,N
323,329,1,15,3289.24,0.09,1995-11-08,R
323,728,2,45,9847.0,0.03,1992-06-14,R
323,350,3,14,2330.87,0.08,1997-04-07,R
324,662,1,44,6064.71,0.02,1995-06-21,A
325,599,1,47,7212.12,0.07,1996-06-28,N
325,636,2,6,6751.45,0.06,1993-05-16,A
325,307,3,6,1194.23,0.02,1998-08-13,A
326,386,1,1,1415.84,0.02,1995-03-09,R
326,113,2,33,8141.26,0.0,1994-02-05,R
326,611,3,27,382.97,0.01,1993-06-24,N
327,791,1,14,2274.86,0.09,1995-03-17,R
327,142,2,22,494.54,0.09,1993-08-05,R
328,283,1,27,6845.12,0.02,1993-08-10,R
328,314,2,36,2448.59,0.07,1992-09-17,N
329,587,1,46,8062.58,0.08,1993-11-07,A
329,544,2,45,5266.25,0.1,1996-09-07,R
330,136,1,36,7368.53,0.04,1995-04-13,A
330,182,2,50,5176.8,0.06,1993-01-07,A
330,515,3,38,7874.32,0.02,1998-07-15,A
331,572,1,5,2872.51,0.08,1997-12-27,A
332,445,1,17,1696.16,0.1,1993-02-04,A
332,272,2,41,869.37,0.01,1998-06-11,R
333,294,1,46,3764.77,0.06,1996-12-15,N
334,488,1,45,7197.03,0.02,1993-08-26,A
335,228,1,3,3601.56,0.03,1997-07-27,R
335,113,2,26,1639.69,0.1,1995-02-27,N
335,679,3,48,9701.18,0.1,1998-06-25,R
336,445,1,9,6636.93,0.08,1997-10-26,R
336,711,2,34,9979.86,0.07,1997-03-17,R
337,71,1,26,3778.32,0.02,1995-06-01,A
337,618,2,37,4971.16,0.09,1994-02-18,R
338,568,1,43,9986.65,0.01,1995-06-14,A
338,558,2,9,3261.85,0.08,1993-08-06,A
338,769,3,6,6703.35,0.08,1996-10-06,N
339,185,1,1,1054.94,0.09,1997-06-19,A
339,761,2,37,4255.15,0.06,1992-03-20,N
340,264,1,23,9373.94,0.09,1998-03-16,R
340,485,2,36,8040.16,0.07,1995-02-09,R
341,128,1,12,5830.45,0.05,1993-07-18,R
341,123,2,1,8817.21,0.07,1996-05-13,A
342,130,1,31,2645.8,0.01,1996-12-19,R
343,236,1,2,4118.16,0.06,1995-03-18,A
344,186,1,50,4720.36,0.08,1996-05-14,N
344,110,2,45,2877.23,0.02,1997-11-28,N
345,472,1,28,546.17,0.1,1994-02-01,N
345,365,2,30,2270.97,0.04,1998-10-26,A
346,62,1,11,4292.84,0.09,1994-06-05,R
346,397,2,45,3277.08,0.1,1997-12-27,N
347,246,1,44,546.64,0.05,1996-12-18,N
347,265,2,6,3773.53,0.02,1996-09-04,A
348,267,1,4,4832.91,0.03,1998-04-07,R
349,546,1,32,6000.84,0.04,1995-04-03,A
349,480,2,27,2351.8,0.02,1992-08-09,A
350,370,1,43,5772.71,0.08,1994-12-17,A
350,335,2,28,433.98,0.1,1997-09-15,A
350,131,3,32,2484.58,0.05,1997-04-27,A
351,423,1,29,648.56,0.09,1993-07-25,R
351,398,2,33,5096.19,0.04,1998-04-28,N
351,429,3,11,3233.04,0.01,1995-08-01,A
352,413,1,49,5617.82,0.03,1996-05-26,N
352,736,2,18,2713.05,0.09,1998-05-21,R
352,591,3,31,4697.58,0.08,1992-04-15,A
353,331,1,44,5746.05,0.07,1998-05-08,A
353,562,2,20,4567.57,0.01,1997-10-23,A
354,501,1,39,2609.37,0.08,1993-01-02,N
354,334,2,15,3764.19,0.03,1994-02-18,N
355,685,1,23,505.98,0.01,1996-07-01,N
355,355,2,49,449.11,0.02,1994-10-24,R
355,613,3,5,6491.13,0.03,1993-08-16,A
356,187,1,47,3594.85,0.1,1997-10-20,N
356,611,2,5,9658.54,0.0,1993-06-08,R
356,397,3,38,2428.87,0.09,1996-03-10,R
356,183,4,3,1368.33,0.07,1995-12-19,A
357,201,1,20,8789.73,0.1,1995-05-06,A
358,674,1,9,633.84,0.06,1992-09-28,R
358,32,2,3,7406.18,0.05,1996-03-19,R
358,116,3,28,5458.91,0.04,1997-08-18,N
359,447,1,31,2587.83,0.06,1998-08-22,N
359,88,2,26,1016.97,0.01,1992-09-25,A
360,784,1,21,5989.81,0.06,1992-03-11,R
361,544,1,41,3275.69,0.04,1998-06-17,N
362,150,1,9,2884.94,0.09,1993-05-23,A
363,593,1,26,420.68,0.0,1994-02-18,R
363,419,2,3,7158.68,0.03,1997-09-28,A
364,748,1,17,6681.82,0.05,1995-09-16,R
365,476,1,36,9016.05,0.0,1994-10-16,R
366,427,1,20,7899.86,0.05,1995-01-28,R
366,765,2,15,5648.68,0.1,1998-05-10,R
366,55,3,20,9478.04,0.1,1994-08-10,N
366,707,4,48,9617.42,0.01,1994-11-26,A
366,633,5,33,1751.94,0.06,1992-07-03,R
367,314,1,49,8106.16,0.07,1994-04-05,R
367,250,2,23,6649.5,0.1,1996-07-19,R
368,283,1,34,8875.48,0.08,1994-09-18,N
368,709,2,6,4621.59,0.03,1995-10-21,R
369,646,1,39,3620.4,0.08,1998-02-12,R
370,32,1,7,1757.31,0.06,1993-10-03,A
370,169,2,6,4389.01,0.09,1994-12-18,R
370,512,3,47,8418.12,0.01,1993-05-11,N
371,173,1,17,8598.63,0.02,1998-05-23,R
371,24,2,42,4220.89,0.09,1992-07-01,R
371,598,3,26,8098.83,0.04,1992-08-24,A
371,31,4,42,531.85,0.04,1997-06-20,R
372,735,1,30,6466.91,0.06,1992-03-04,A
372,651,2,24,6785.94,0.06,1992-09-24,R
373,122,1,37,7018.46,0.02,1994-07-16,A
373,754,2,13,8620.72,0.09,1992-03-22,R
373,679,3,25,363.01,0.06,1994-11-24,A
374,462,1,22,9760.74,0.1,1994-06-24,R
374,340,2,38,261.6,0.1,1995-03-21,A
375,396,1,25,7869.57,0.04,1997-02-27,N
375,475,2,32,7934.16,0.08,1994-10-01,R
375,158,3,36,5358.05,0.08,1994-06-10,A
376,201,1,50,3949.35,0.1,1993-10-22,N
377,74,1,42,1693.67,0.0,1992-04-20,A
378,789,1,16,3788.5,0.03,1997-11-02,A
378,614,2,7,1610.64,0.03,1994-10-07,N
379,632,1,50,2691.34,0.01,1998-07-10,R
380,538,1,31,4911.69,0.03,1992-01-08,R
380,182,2,2,7487.87,0.01,1997-08-04,N
381,113,1,7,7001.59,0.01,1997-08-27,R
382,252,1,20,4895.06,0.02,1996-04-13,R
382,746,2,30,4114.71,0.1,1994-02-02,N
382,374,3,33,9789.34,0.06,1998-02-03,R
383,84,1,35,3814.92,0.04,1996-09-11,N
384,183,1,23,3819.5,0.01,1993-02-14,R
384,381,2,50,7409.19,0.1,1994-01-06,N
384,299,3,15,646.36,0.01,1998-05-05,N
385,166,1,8,2683.18,0.01,1994-10-26,A
386,108,1,13,454.25,0.05,1993-11-09,A
386,792,2,11,927.84,0.1,1996-06-14,A
387,562,1,17,8384.94,0.02,1997-06-09,N
388,87,1,8,1748.93,0.02,1992-05-17,R
388,616,2,9,4169.11,0.07,1998-04-27,A
389,635,1,20,8836.99,0.03,1995-06-14,R
389,403,2,50,8185.24,0.08,1994-06-18,N
390,749,1,43,3499.62,0.01,1993-03-09,N
390,649,2,38,9070.23,0.09,1994-10-10,R
390,451,3,5,1473.9,0.06,1994-05-28,R
390,176,4,1,4416.74,0.04,1993-03-08,R
391,590,1,11,6398.68,0.06,1998-03-25,A
392,654,1,14,5149.06,0.06,1998-02-01,N
392,703,2,9,2252.08,0.01,1992-01-27,R
393,689,1,21,4638.83,0.04,1998-03-27,A
394,786,1,31,3557.28,0.02,1994-11-02,N
395,15,1,30,189.65,0.0,1998-07-26,N
396,180,1,12,512.54,0.01,1993-09-26,N
396,795,2,28,6634.65,0.01,1998-07-27,A
397,463,1,25,8036.33,0.03,1997-08-16,R
397,140,2,17,7396.21,0.09,1995-04-16,A
397,124,3,30,656.63,0.04,1997-10-28,A
398,136,1,48,5200.49,0.02,1992-06-20,N
398,102,2,46,4775.35,0.05,1998-09-02,R
398,595,3,8,6494.21,0.1,1995-09-05,N
399,697,1,31,798.43,0.03,1992-05-23,N
400,278,1,39,8186.85,0.1,1993-04-25,A
400,635,2,38,7026.34,0.03,1994-05-21,R
401,477,1,45,7187.54,0.07,1992-02-04,R
402,193,1,20,1846.78,0.0,1994-10-20,R
403,24,1,5,9443.94,0.09,1992-02-18,R
404,302,1,35,7090.34,0.01,1992-12-13,N
404,449,2,12,7190.88,0.0,1998-11-08,A
405,338,1,19,3392.01,0.01,1995-09-25,N
406,760,1,1,7459.51,0.08,1994-05-24,A
406,477,2,39,8016.46,0.08,1996-05-05,R
406,170,3,41,1555.34,0.01,1993-05-03,A
406,311,4,43,1772.86,0.08,1995-07-18,A
406,468,5,19,5054.54,0.08,1998-02-07,N
407,227,1,1,9946.45,0.1,1994-05-18,N
408,265,1,32,1565.7,0.09,1995-07-14,A
408,583,2,7,3280.92,0.08,1992-05-21,A
409,392,1,25,2508.89,0.07,1993-07-16,N
409,535,2,17,2445.29,0.08,1996-08-20,R
409,525,3,47,553.18,0.06,1998-12-04,R
410,96,1,46,6655.14,0.02,1992-10-05,R
411,586,1,21,2526.38,0.07,1997-01-07,R
411,240,2,27,1579.19,0.01,1997-08-19,A
412,222,1,3,1531.49,0.02,1997-01-08,R
412,537,2,22,3600.05,0.0,1992-01-25,A
413,420,1,26,4518.97,0.07,1997-12-06,A
413,505,2,37,8995.98,0.08,1998-07-13,N
414,587,1,46,1183.08,0.0,1994-02-21,R
414,5,2,26,1303.23,0.06,1992-11-12,A
414,156,3,44,7542.01,0.05,1998-08-16,R
415,696,1,13,711.96,0.09,1992-01-06,R
416,768,1,21,4545.12,0.01,1995-01-04,R
416,392,2,12,3489.73,0.04,1996-05-06,R
417,55,1,13,9515.5,0.01,1995-04-06,A
417,777,2,45,4319.55,0.07,1997-07-05,A
418,337,1,32,2348.27,0.06,1993-06-22,R
418,349,2,12,5989.76,0.01,1992-04-18,A
419,750,1,34,5301.82,0.05,1993-07-01,R
419,683,2,42,299.03,0.1,1998-02-10,R
419,685,3,16,9244.75,0.01,1993-10-14,N
419,694,4,18,1378.38,0.0,1995-08-05,N
420,278,1,27,4476.4,0.0,1998-06-16,A
420,40,2,48,2844.78,0.1,1995-07-05,A
420,220,3,26,481.6,0.07,1997-10-23,R
421,143,1,8,4815.88,0.07,1995-10-12,A
422,627,1,24,7322.7,0.05,1995-11-19,A
422,172,2,10,1677.69,0.01,1994-10-19,A
423,529,1,14,7050.65,0.07,1993-09-26,A
423,660,2,37,2389.85,0.08,1995-12-08,R
423,482,3,46,4272.6,0.06,1997-02-20,N
424,692,1,44,5748.21,0.09,1998-08-16,N
424,180,2,35,3229.87,0.07,1997-02-21,R
424,530,3,1,5001.4,0.01,1993-02-22,A
425,375,1,16,218.2,0.01,1992-12-08,N
425,623,2,42,4267.38,0.04,1998-06-05,R
426,641,1,33,4049.43,0.06,1995-06-01,R
426,242,2,23,6513.6,0.08,1998-02-03,A
426,212,3,33,5798.69,0.04,1994-01-17,N
427,158,1,7,4157.86,0.07,1997-09-24,A
427,472,2,43,6463.6,0.1,1996-03-07,A
428,620,1,37,5206.1,0.03,1997-04-28,A
428,664,2,19,2529.11,0.01,1998-11-04,A
428,76,3,3,2660.33,0.09,1992-04-23,R
429,748,1,21,2381.68,0.03,1993-09-01,R
430,618,1,7,5073.87,0.1,1996-01-01,N
431,202,1,50,5150.77,0.03,1998-12-06,N
432,127,1,32,8679.21,0.06,1996-08-20,A
432,260,2,44,8613.01,0.01,1994-02-18,A
433,796,1,19,7824.2,0.07,1992-04-07,R
434,693,1,46,2858.39,0.03,1992-11-20,N
434,377,2,14,9967.64,0.06,1998-12-15,N
435,474,1,16,5528.93,0.03,1996-03-05,A
435,248,2,32,1218.42,0.05,1992-02-12,R
436,626,1,31,6801.58,0.04,1992-03-22,R
437,27,1,48,694.59,0.03,1997-08-23,R
438,780,1,49,7509.64,0.02,1997-09-23,A
439,387,1,36,7551.65,0.0,1995-02-03,A
440,441,1,10,5218.03,0.05,1994-09-05,N
440,417,2,9,2641.84,0.04,1993-05-13,R
440,78,3,14,8967.68,0.09,1992-02-12,R
440,24,4,14,5709.36,0.07,1995-07-12,A
441,691,1,30,8410.27,0.01,1995-09-01,N
442,483,1,30,198.91,0.0,1993-12-09,N
442,747,2,12,917.45,0.1,1995-04-18,N
443,186,1,10,4869.66,0.03,1998-03-07,A
444,664,1,49,5502.63,0.02,1996-12-06,R
444,113,2,24,8506.98,0.03,1996-03-01,A
444,391,3,15,9887.08,0.07,1997-08-16,A
445,770,1,41,9304.99,0.09,1993-09-12,R
445,205,2,27,5375.23,0.01,1998-01-04,N
446,369,1,10,9638.22,0.08,1997-02-10,A
446,588,2,9,1949.11,0.0,1998-08-24,N
447,88,1,50,386.92,0.04,1995-01-23,N
448,148,1,8,6276.81,0.08,1993-01-10,R
449,719,1,14,3866.08,0.05,1998-03-11,R
450,486,1,45,3468.4,0.08,1992-12-04,A
451,586,1,30,8297.95,0.04,1995-02-24,N
452,58,1,49,2446.1,0.08,1996-06-12,A
452,92,2,20,4961.28,0.09,1993-12-18,A
452,781,3,31,6596.44,0.08,1997-02-01,N
452,609,4,42,7356.85,0.04,1995-03-11,N
453,57,1,49,1965.87,0.05,1993-05-13,N
453,237,2,18,8856.48,0.01,1992-06-14,A
453,473,3,38,4768.08,0.1,1993-10-16,N
454,567,1,16,1282.06,0.04,1996-11-21,N
455,635,1,36,8757.57,0.03,1995-07-22,N
455,482,2,10,5137.78,0.1,1992-08-18,A
455,415,3,36,1940.94,0.08,1997-08-25,A
455,301,4,7,5554.27,0.1,1993-04-21,R
456,464,1,42,6737.58,0.05,1992-10-08,R
456,517,2,15,3306.99,0.07,1997-09-25,R
456,348,3,41,6376.42,0.0,1996-10-15,A
457,96,1,27,846.36,0.03,1996-12-28,R
457,526,2,9,8047.41,0.06,1992-08-15,N
457,718,3,28,3413.59,0.02,1996-03-26,A
458,439,1,13,6859.23,0.01,1996-12-20,R
459,792,1,43,257.73,0.09,1994-03-14,N
459,722,2,22,6335.33,0.1,1998-11-02,A
459,65,3,9,5258.14,0.07,1994-10-13,A
460,389,1,5,3650.13,0.09,1996-02-19,R
461,700,1,35,1516.79,0.0,1992-02-14,R
462,650,1,25,245.87,0.0,1998-03-19,R
462,76,2,36,3280.88,0.06,1998-02-09,R
462,624,3,27,3296.75,0.1,1994-06-01,A
463,202,1,1,4431.42,0.04,1996-07-02,N
464,196,1,21,7128.72,0.08,1997-08-09,N
465,743,1,6,2224.05,0.05,1998-11-17,R
465,627,2,24,8423.81,0.0,1997-04-18,N
465,432,3,35,2406.65,0.01,1994-07-16,N
466,627,1,4,9810.73,0.04,1993-10-15,A
466,545,2,1,1409.7,0.08,1998-03-25,R
467,592,1,50,3992.84,0.02,1996-05-12,A
468,377,1,7,741.57,0.1,1994-09-22,R
469,145,1,31,2061.66,0.06,1992-01-26,N
469,139,2,30,8517.68,0.04,1993-05-14,N
469,622,3,37,2883.34,0.1,1995-07-16,R
470,550,1,7,2925.31,0.01,1997-07-05,R
471,18,1,39,7292.11,0.02,1997-05-01,R
472,215,1,41,9104.21,0.1,1996-10-26,A
472,32,2,17,6282.93,0.02,1997-05-14,R
472,551,3,44,1585.85,0.04,1995-02-28,R
473,496,1,40,9328.91,0.03,1992-03-07,A
473,707,2,33,8676.65,0.04,1998-08-18,R
474,108,1,31,1211.53,0.04,1997-07-12,R
474,160,2,44,4313.81,0.01,1995-12-10,R
475,25,1,47,8789.47,0.01,1996-01-20,R
475,592,2,19,1048.62,0.1,1996-02-04,A
475,102,3,8,7319.37,0.01,1994-11-04,N
475,347,4,47,6241.46,0.09,1996-09-26,N
476,594,1,40,3855.8,0.04,1994-08-10,N
476,296,2,13,2535.41,0.06,1993-11-16,N
476,798,3,42,3512.91,0.07,1992-04-20,R
476,23,4,10,2936.67,0.07,1997-11-27,A
477,204,1,46,7716.48,0.01,1992-05-13,R
477,430,2,22,3527.29,0.1,1993-12-01,A
477,156,3,27,6441.31,0.03,1992-08-17,R
478,384,1,25,4736.36,0.05,1992-03-07,N
479,638,1,28,1358.01,0.06,1992-11-11,R
479,403,2,17,4779.2,0.07,1998-01-19,R
480,48,1,17,2354.64,0.0,1996-07-05,N
481,748,1,18,3350.05,0.08,1994-05-01,N
481,272,2,34,9984.63,0.0,1992-09-08,A
482,443,1,5,842.77,0.06,1998-09-12,R
483,721,1,40,8157.78,0.07,1993-05-07,R
483,356,2,21,2224.93,0.0,1992-03-13,R
484,46,1,6,5743.15,0.03,1994-03-20,R
485,100,1,31,1721.01,0.02,1993-10-16,A
485,91,2,40,9884.4,0.06,1997-11-16,R
485,400,3,28,1303.03,0.01,1995-10-11,A
485,452,4,47,8956.01,0.02,1995-04-20,A
486,160,1,37,4890.89,0.07,1994-08-07,N
487,153,1,22,3524.94,0.03,1996-10-28,A
487,420,2,3,4204.53,0.01,1994-06-11,A
487,116,3,16,7903.91,0.06,1998-05-17,N
488,147,1,23,2444.46,0.01,1995-09-05,R
488,141,2,6,9858.64,0.01,1994-07-26,N
488,343,3,12,6072.74,0.03,1997-10-05,A
489,628,1,43,804.14,0.03,1995-08-01,R
489,165,2,4,7353.85,0.01,1998-12-19,R
489,209,3,41,7965.34,0.08,1993-10-07,R
490,82,1,9,8529.47,0.03,1996-06-25,R
491,775,1,42,2087.63,0.07,1997-12-23,A
492,632,1,23,3888.61,0.07,1998-12-09,A
492,168,2,21,4786.33,0.01,1998-03-12,R
493,11,1,44,5843.23,0.05,1996-09-04,N
493,265,2,16,9341.52,0.09,1994-05-20,A
493,655,3,19,6614.55,0.08,1993-06-04,A
493,293,4,5,882.15,0.01,1997-06-13,A
494,770,1,45,8452.59,0.0,1992-06-21,N
495,557,1,12,6386.11,0.01,1995-05-04,N
495,397,2,3,6309.95,0.06,1994-03-18,N
496,686,1,30,936.27,0.1,1992-08-18,R
496,141,2,39,6898.71,0.01,1998-10-24,R
496,616,3,32,7246.6,0.03,1992-09-03,R
497,137,1,43,173.1,0.05,1993-06-22,N
497,500,2,41,1163.92,0.08,1998-06-04,R
497,440,3,18,3302.4,0.07,1992-11-27,N
498,20,1,10,7355.34,0.03,1996-11-17,N
499,427,1,20,5964.2,0.09,1993-03-19,A
499,591,2,26,3046.91,0.07,1992-05-07,R
499,313,3,50,912.42,0.0,1993-07-24,A
499,575,4,33,2932.44,0.08,1998-06-21,N
500,596,1,30,7260.04,0.01,1998-05-25,R
501,224,1,25,3661.58,0.0,1996-08-08,N
501,5,2,24,4335.64,0.01,1994-10-01,A
501,152,3,5,8051.95,0.04,1994-06-08,R
502,149,1,47,3512.49,0.09,1992-04-17,A
502,15,2,22,7610.73,0.0,1998-05-20,N
502,763,3,2,3112.81,0.06,1993-06-24,A
503,727,1,14,5482.83,0.08,1993-03-16,N
503,141,2,45,5385.28,0.05,1992-11-09,R
503,254,3,12,5051.74,0.08,1993-08-21,A
503,35,4,8,2042.5,0.01,1993-05-26,N
504,719,1,50,2915.4,0.0,1998-07-20,R
504,630,2,28,7609.05,0.03,1993-09-01,A
505,64,1,10,4185.17,0.1,1993-01-23,R
506,656,1,44,2867.29,0.05,1993-06-14,A
507,614,1,16,6248.31,0.01,1995-10-06,N
508,330,1,16,1852.18,0.0,1996-08-03,A
508,312,2,50,1921.52,0.1,1992-07-25,R
509,657,1,21,2695.22,0.09,1993-05-22,N
509,650,2,36,6532.48,0.09,1993-10-19,A
510,614,1,28,9569.21,0.04,1996-08-26,A
510,752,2,12,765.22,0.08,1993-01-01,R
510,667,3,31,2699.77,0.1,1998-06-19,A
510,134,4,48,9100.2,0.09,1993-10-08,N
511,86,1,1,3948.06,0.0,1998-02-08,R
511,307,2,45,7033.43,0.04,1998-08-03,R
512,737,1,2,9064.77,0.09,1997-08-21,N
512,202,2,49,2495.29,0.07,1994-12-25,R
512,273,3,4,932.61,0.07,1995-03-05,R
513,762,1,21,9780.3,0.09,1996-07-06,A
514,796,1,31,9825.7,0.04,1997-09-05,A
514,790,2,14,5697.35,0.1,1996-03-23,R
515,525,1,34,6717.42,0.04,1995-05-09,N
515,92,2,46,4812.79,0.08,1994-02-21,N
515,738,3,15,6408.23,0.09,1992-01-05,R
515,615,4,13,9379.5,0.04,1998-10-01,A
516,242,1,35,5545.44,0.05,1998-03-10,R
517,443,1,14,8330.52,0.05,1996-09-12,R
517,9,2,12,4593.39,0.03,1996-12-03,R
518,592,1,50,9806.57,0.1,1992-04-15,A
518,108,2,36,5120.17,0.01,1998-01-24,N
519,272,1,43,2230.17,0.06,1995-02-26,N
519,687,2,11,3966.64,0.0,1993-10-21,A
520,544,1,41,4042.18,0.1,1996-06-22,A
521,445,1,40,6099.98,0.04,1992-01-02,A
521,556,2,44,1627.58,0.0,1996-12-14,A
521,605,3,49,2366.17,0.04,1993-10-24,N
522,599,1,11,7578.21,0.02,1993-11-14,N
523,558,1,45,2966.47,0.07,1997-12-24,A
523,788,2,10,112.79,0.04,1998-06-11,R
523,744,3,13,4290.23,0.05,1996-11-08,A
523,619,4,15,1296.64,0.08,1997-12-10,N
523,51,5,45,9230.61,0.01,1998-05-17,R
523,389,6,44,7365.64,0.05,1996-07-27,A
524,416,1,1,2118.93,0.04,1994-08-17,A
524,291,2,26,3082.9,0.01,1997-04-18,N
525,470,1,2,8205.09,0.03,1997-03-20,A
525,673,2,37,1051.78,0.02,1995-05-23,A
526,503,1,42,1959.63,0.05,1996-04-06,A
527,145,1,20,6318.76,0.06,1997-07-14,A
528,149,1,5,4437.41,0.07,1992-04-22,R
528,160,2,29,557.02,0.09,1998-01-28,A
528,150,3,47,9898.09,0.04,1994-12-08,N
528,351,4,29,4551.24,0.03,1993-04-13,R
529,126,1,8,1886.91,0.06,1992-07-17,R
529,717,2,44,8262.57,0.1,1994-04-05,A
530,294,1,26,3251.96,0.01,1995-01-24,A
531,588,1,25,482.07,0.07,1992-11-06,A
532,271,1,23,8808.2,0.09,1992-04-14,R
533,22,1,37,4238.14,0.1,1994-07-02,N
533,322,2,39,3879.67,0.02,1995-06-05,N
533,201,3,27,578.29,0.03,1995-02-22,N
534,205,1,24,8602.61,0.02,1995-01-06,R
534,172,2,28,4575.42,0.01,1995-06-22,A
535,125,1,5,754.08,0.1,1992-09-19,R
536,37,1,2,7222.65,0.09,1993-02-22,A
537,123,1,17,8156.75,0.02,1996-04-06,N
537,782,2,44,7704.74,0.08,1994-11-02,N
537,195,3,8,4868.63,0.03,1995-02-17,R
537,551,4,16,3013.36,0.09,1996-02-12,R
538,391,1,39,6538.55,0.0,1994-06-26,N
539,483,1,7,2940.55,0.0,1998-04-18,A
540,110,1,13,4974.78,0.07,1997-11-21,N
540,471,2,28,7094.88,0.03,1995-06-06,A
541,161,1,24,4981.4,0.06,1998-04-27,R
542,422,1,7,6956.41,0.08,1994-04-23,A
542,134,2,47,9957.3,0.09,1992-03-18,R
543,517,1,46,4351.37,0.07,1995-07-10,A
543,674,2,35,8193.98,0.07,1995-12-19,N
543,101,3,49,8871.97,0.04,1993-03-06,N
543,609,4,17,2703.2,0.07,1997-11-13,R
543,614,5,49,1583.88,0.0,1998-12-03,N
544,345,1,32,5497.86,0.05,1995-03-04,R
544,306,2,8,1609.26,0.08,1994-06-14,R
544,456,3,35,5331.53,0.08,1995-01-28,R
545,307,1,34,1623.77,0.04,1997-12-01,R
545,595,2,45,561.99,0.08,1993-01-13,N
545,242,3,32,9907.6,0.08,1995-10-04,A
546,464,1,39,2319.05,0.01,1997-04-01,R
546,237,2,24,206.82,0.04,1995-04-17,R
547,668,1,40,7066.49,0.09,1993-12-15,A
547,554,2,33,621.0,0.06,1996-12-09,R
547,785,3,22,4622.1,0.0,1995-08-19,A
547,213,4,18,7727.02,0.03,1995-09-13,R
548,763,1,24,6442.52,0.06,1996-10-11,A
548,396,2,13,9091.57,0.03,1997-09-27,R
549,229,1,36,1434.92,0.07,1998-11-02,R
549,160,2,19,2832.1,0.01,1996-07-03,N
549,689,3,38,2405.26,0.06,1993-03-06,N
550,696,1,26,6258.84,0.1,1992-02-21,R
550,165,2,12,3474.87,0.0,1996-06-01,N
551,590,1,8,3729.83,0.1,1992-10-23,R
551,75,2,34,9660.47,0.07,1995-06-05,N
552,560,1,14,8026.84,0.03,1998-03-06,A
552,318,2,27,2595.06,0.0,1993-08-06,N
553,158,1,43,7766.51,0.04,1994-04-09,N
553,9,2,16,6458.93,0.07,1994-02-04,N
554,5,1,33,7226.52,0.01,1998-06-02,N
554,637,2,19,5222.21,0.03,1996-01-19,A
555,48,1,14,3066.36,0.07,1992-06-04,R
555,675,2,20,8359.65,0.02,1994-05-20,R
555,155,3,5,4620.88,0.09,1995-06-24,N
556,344,1,45,6242.07,0.0,1996-05-26,N
556,174,2,39,8768.25,0.06,1998-02-07,N
556,734,3,18,403.81,0.02,1998-09-27,N
557,744,1,14,3683.51,0.08,1998-11-28,N
558,720,1,21,3494.54,0.06,1996-07-24,A
558,554,2,27,2580.39,0.0,1997-06-12,A
558,763,3,42,9281.12,0.07,1995-04-27,N
558,159,4,18,1511.72,0.09,1993-09-18,A
558,380,5,45,4289.77,0.04,1993-06-15,N
559,354,1,6,3322.41,0.0,1997-05-04,R
559,217,2,10,6715.51,0.01,1992-11-03,R
560,110,1,9,7979.07,0.04,1997-06-16,A
560,613,2,3,6954.17,0.07,1997-04-06,A
561,299,1,26,1095.23,0.02,1993-01-11,N
561,418,2,50,9419.77,0.09,1998-04-14,R
561,12,3,49,1661.17,0.05,1993-03-01,R
562,267,1,7,3524.47,0.08,1996-02-25,R
562,758,2,49,2134.03,0.08,1997-01-22,R
562,26,3,5,7441.09,0.09,1993-06-01,A
563,325,1,40,1849.98,0.02,1994-11-17,A
563,100,2,14,214.32,0.0,1996-12-13,R
564,569,1,26,7170.55,0.07,1997-04-23,N
564,195,2,14,5740.08,0.1,1998-02-07,N
565,591,1,47,9454.69,0.01,1993-07-04,A
565,649,2,13,4681.68,0.09,1998-02-05,A
565,385,3,46,9272.34,0.01,1992-06-03,A
566,124,1,30,7321.42,0.02,1997-05-01,R
567,112,1,4,7915.65,0.01,1997-08-02,R
567,468,2,49,3087.81,0.01,1993-08-03,R
568,252,1,27,2578.86,0.03,1995-10-27,A
568,346,2,50,2108.07,0.1,1994-04-25,A
568,387,3,35,3311.06,0.06,1992-04-24,N
569,635,1,17,9369.1,0.05,1994-08-21,N
570,540,1,35,3092.67,0.01,1994-07-19,N
571,316,1,24,7334.14,0.06,1996-07-20,N
571,455,2,23,9020.87,0.1,1998-02-05,R
572,216,1,17,8233.2,0.06,1993-03-18,R
572,696,2,14,6769.33,0.1,1993-06-15,A
572,248,3,49,6180.79,0.1,1997-04-13,R
573,718,1,24,1679.59,0.01,1997-02-01,N
573,329,2,18,2098.01,0.07,1997-08-25,R
574,71,1,42,9000.71,0.08,1997-02-02,N
575,180,1,18,3413.99,0.0,1997-01-05,R
576,308,1,7,2929.51,0.06,1998-07-08,A
577,323,1,45,736.34,0.03,1995-02-18,R
577,443,2,48,1029.95,0.1,1994-04-04,A
577,365,3,9,4619.64,0.08,1998-04-17,N
578,694,1,36,1303.57,0.04,1992-09-23,N
578,447,2,34,7326.6,0.09,1993-12-27,N
578,393,3,2,8859.0,0.01,1993-01-23,R
579,270,1,35,2879.68,0.0,1992-05-28,N
579,759,2,41,2536.48,0.09,1998-11-18,N
579,85,3,41,1483.47,0.0,1995-11-12,N
580,728,1,44,2564.26,0.04,1996-09-01,N
581,510,1,15,6456.18,0.05,1992-09-21,N
581,256,2,32,459.39,0.09,1998-08-08,N
582,514,1,25,1470.92,0.06,1993-07-20,N
583,154,1,22,1716.5,0.01,1997-05-04,N
584,88,1,24,4462.09,0.1,1997-06-07,N
585,195,1,12,729.81,0.0,1993-06-24,N
586,132,1,38,3523.71,0.1,1995-01-19,N
587,388,1,26,2634.92,0.09,1996-09-25,A
587,766,2,43,3471.52,0.07,1996-07-13,R
588,261,1,6,2484.79,0.03,1997-06-12,R
588,746,2,25,6492.62,0.04,1995-02-12,A
589,632,1,33,9308.58,0.04,1993-11-06,R
590,271,1,18,8531.07,0.07,1998-08-05,A
590,408,2,28,3069.14,0.01,1996-07-01,N
591,569,1,1,2934.73,0.04,1992-12-10,N
592,216,1,24,745.02,0.0,1993-08-09,A
592,169,2,29,3813.89,0.07,1996-12-15,A
592,500,3,47,8875.98,0.09,1996-01-14,A
593,360,1,18,6558.09,0.07,1993-02-14,N
594,107,1,31,5170.94,0.08,1994-02-10,R
594,708,2,27,1165.76,0.06,1997-09-18,N
595,673,1,49,4722.49,0.06,1992-04-28,A
595,26,2,11,2809.13,0.02,1996-03-13,A
595,699,3,21,3032.85,0.04,1995-09-11,A
596,520,1,45,5398.09,0.04,1997-05-10,A
596,323,2,50,3932.79,0.06,1995-10-01,A
596,381,3,9,3427.82,0.01,1994-10-23,A
596,401,4,19,4512.5,0.0,1996-01-21,R
597,734,1,1,1476.56,0.05,1994-01-02,N
598,12,1,27,1116.44,0.1,1993-11-18,N
599,41,1,27,877.55,0.01,1992-03-11,R
599,661,2,43,6719.45,0.1,1993-11-15,R
599,703,3,25,5631.07,0.06,1998-04-21,A
600,48,1,29,575.08,0.1,1992-04-13,R
600,686,2,3,3253.06,0.04,1998-06-19,N
601,70,1,6,7545.22,0.0,1993-10-27,A
601,77,2,33,8967.63,0.04,1994-05-13,A
602,453,1,22,5431.66,0.02,1992-02-02,A
603,562,1,3,2712.4,0.07,1993-09-10,A
603,124,2,14,1761.23,0.01,1998-09-15,N
603,353,3,49,5307.71,0.01,1994-01-17,R
604,365,1,24,3830.21,0.04,1996-02-02,N
604,447,2,26,253.66,0.09,1997-02-10,N
604,283,3,26,4631.64,0.03,1994-05-08,A
604,132,4,8,8001.97,0.01,1994-05-12,A
604,795,5,29,2616.42,0.09,1995-11-04,A
605,171,1,29,889.84,0.01,1996-12-02,N
606,367,1,17,6520.24,0.03,1994-08-04,N
606,472,2,2,9560.54,0.0,1998-01-07,R
607,764,1,35,986.82,0.07,1997-07-06,R
608,278,1,16,653.08,0.07,1992-05-18,A
609,539,1,24,9825.9,0.1,1997-06-02,R
609,486,2,50,8645.49,0.08,1994-11-15,R
609,516,3,37,8993.0,0.03,1992-09-06,N
610,664,1,4,3961.96,0.04,1998-11-04,N
610,39,2,16,3183.15,0.0,1998-12-07,A
611,761,1,31,6775.32,0.03,1994-08-10,A
611,204,2,20,1650.21,0.0,1994-05-25,R
612,218,1,28,9372.87,0.08,1992-10-03,A
613,165,1,20,1179.45,0.03,1998-06-15,N
614,255,1,40,1613.24,0.04,1992-09-07,R
614,415,2,7,7674.09,0.05,1995-08-06,N
615,462,1,35,561.19,0.06,1998-07-08,A
615,338,2,14,9967.18,0.03,1998-06-10,A
616,54,1,37,8111.22,0.02,1994-04-28,N
617,176,1,31,7355.78,0.06,1997-10-02,A
617,273,2,13,2356.75,0.06,1993-01-17,N
618,601,1,7,7061.35,0.09,1992-11-02,A
619,277,1,6,6536.22,0.0,1994-10-05,N
619,672,2,2,4061.78,0.05,1995-01-03,R
620,532,1,42,618.03,0.1,1997-04-26,A
620,777,2,16,3156.15,0.02,1992-04-21,N
621,327,1,3,1946.05,0.08,1998-07-10,A
621,680,2,43,3283.24,0.09,1995-02-02,N
621,750,3,40,7849.1,0.09,1994-09-11,N
622,677,1,34,4075.3,0.09,1992-06-18,R
622,667,2,29,3547.06,0.0,1995-06-03,A
622,417,3,42,4639.06,0.02,1998-01-13,R
623,203,1,16,2266.76,0.1,1996-12-04,R
624,27,1,6,847.31,0.07,1994-03-22,R
624,185,2,47,9397.16,0.05,1998-02-24,A
625,373,1,33,6534.6,0.0,1997-08-06,A
626,576,1,25,551.85,0.1,1998-01-07,N
626,479,2,13,7897.36,0.01,1994-02-18,A
627,578,1,27,7674.76,0.08,1993-06-12,N
628,93,1,47,3177.0,0.03,1995-12-12,R
629,513,1,32,6171.51,0.08,1996-07-06,A
629,266,2,22,7275.32,0.03,1993-12-11,N
629,537,3,16,2446.25,0.0,1994-10-03,N
630,520,1,10,5331.06,0.1,1992-06-11,N
630,775,2,33,4081.88,0.09,1997-06-06,R
630,691,3,39,9818.24,0.05,1992-09-24,N
631,501,1,50,439.64,0.0,1993-11-27,R
631,733,2,15,1222.57,0.02,1998-12-04,A
631,627,3,7,3385.03,0.04,1994-02-15,A
631,689,4,27,1714.24,0.08,1995-09-16,R
632,256,1,27,6306.64,0.03,1992-08-06,R
632,277,2,40,7367.51,0.1,1994-12-02,R
632,484,3,46,4764.21,0.06,1993-09-08,A
632,356,4,41,5357.14,0.09,1995-05-06,A
633,446,1,41,1535.97,0.05,1994-07-06,R
634,471,1,13,9519.69,0.03,1998-05-14,A
635,320,1,6,2895.7,0.06,1996-07-23,A
635,526,2,5,5541.32,0.01,1997-03-21,A
635,54,3,35,5076.12,0.0,1994-05-13,R
635,589,4,19,8166.84,0.01,1993-02-12,A
636,665,1,28,8251.0,0.1,1998-09-01,A
637,278,1,18,8056.68,0.08,1994-12-09,N
637,701,2,27,7390.79,0.02,1995-09-07,A
638,447,1,41,3740.71,0.02,1995-05-18,A
639,72,1,16,5943.36,0.01,1994-03-27,N
639,359,2,13,2626.25,0.01,1998-02-10,N
639,255,3,6,4895.08,0.01,1997-12-24,N
640,429,1,46,1881.53,0.07,1997-06-02,A
640,579,2,34,1380.51,0.08,1993-04-23,N
641,228,1,3,1935.05,0.04,1995-06-06,N
642,575,1,32,5275.47,0.1,1995-10-22,N
642,177,2,26,3321.0,0.02,1996-11-19,R
643,230,1,4,5383.15,0.06,1996-08-16,A
643,349,2,32,2832.55,0.07,1997-12-07,N
643,655,3,14,1067.27,0.06,1997-03-21,R
644,667,1,21,7423.63,0.1,1997-01-17,A
645,34,1,36,4160.49,0.08,1993-03-18,A
645,560,2,18,6561.09,0.03,1994-04-15,N
645,709,3,48,6048.8,0.02,1996-05-09,N
646,398,1,20,3384.78,0.08,1995-06-05,N
646,445,2,47,5131.04,0.05,1992-08-01,N
647,364,1,29,9384.11,0.04,1998-02-23,N
647,85,2,16,9893.8,0.06,1994-01-08,A
647,54,3,35,9258.05,0.09,1996-05-03,R
647,477,4,36,3889.95,0.01,1998-10-12,R
647,677,5,39,5177.98,0.07,1993-08-04,N
647,516,6,33,9925.94,0.08,1996-03-10,R
648,729,1,32,6619.84,0.06,1994-02-12,A
649,36,1,26,5922.52,0.0,1997-09-21,N
650,95,1,6,5277.55,0.1,1998-10-06,R
650,659,2,41,1826.68,0.07,1998-03-02,A
651,563,1,30,5558.94,0.1,1998-04-03,N
651,160,2,36,2952.61,0.1,1997-12-22,A
651,560,3,35,195.61,0.09,1994-09-10,A
651,750,4,45,9994.33,0.03,1997-05-09,R
651,754,5,9,2190.33,0.09,1998-01-06,A
652,498,1,17,4295.4,0.06,1992-08-11,N
653,398,1,26,476.08,0.02,1997-05-10,N
654,440,1,12,8019.92,0.0,1995-03-28,R
654,411,2,10,2278.96,0.03,1994-10-12,R
655,243,1,40,1106.08,0.1,1994-05-10,R
656,206,1,29,5856.8,0.1,1997-01-17,R
656,136,2,49,9768.04,0.05,1996-02-27,N
656,475,3,14,1312.96,0.03,1992-11-26,R
657,574,1,15,4572.89,0.09,1997-07-25,N
657,560,2,6,5035.55,0.07,1996-11-09,R
657,94,3,36,7431.77,0.05,1998-05-16,N
658,381,1,38,5297.95,0.02,1992-03-03,N
659,49,1,9,9686.58,0.09,1992-01-11,R
659,321,2,21,365.57,0.02,1993-08-23,A
660,93,1,49,4548.3,0.01,1996-03-27,R
661,223,1,29,3823.57,0.07,1997-10-18,N
661,260,2,5,9733.37,0.05,1998-08-06,R
662,334,1,30,657.88,0.05,1995-07-15,A
663,304,1,20,8602.6,0.04,1998-03-20,A
663,33,2,47,2683.94,0.05,1996-01-25,R
664,722,1,37,1561.78,0.05,1995-07-25,N
665,704,1,14,4091.54,0.02,1993-08-13,R
666,671,1,13,7643.63,0.03,1995-08-03,N
667,336,1,4,5404.85,0.03,1994-10-03,R
667,45,2,2,4731.95,0.09,1996-05-02,R
668,362,1,49,345.14,0.07,1998-10-15,R
668,621,2,17,5063.66,0.09,1992-08-09,R
669,514,1,17,8037.12,0.0,1995-02-10,N
669,133,2,38,9126.99,0.1,1998-12-02,A
669,460,3,14,4073.84,0.06,1997-04-02,N
670,442,1,21,4562.52,0.07,1997-10-03,A
671,617,1,43,5280.3,0.1,1992-11-13,N
672,658,1,41,4687.98,0.1,1995-07-27,R
672,637,2,47,125.96,0.1,1992-01-04,R
673,326,1,15,8243.46,0.06,1998-02-08,R
674,668,1,10,2030.16,0.09,1997-07-01,N
675,697,1,30,7367.08,0.07,1995-06-19,A
675,348,2,38,1211.63,0.08,1997-05-21,R
676,421,1,6,9120.91,0.06,1998-04-27,A
676,744,2,37,9285.56,0.04,1995-05-08,N
677,327,1,26,490.8,0.03,1998-12-25,N
677,740,2,25,927.45,0.09,1992-10-04,R
677,339,3,22,2789.98,0.01,1997-06-14,R
678,793,1,8,6660.64,0.04,1998-09-04,N
678,139,2,11,4111.68,0.05,1997-07-11,N
678,253,3,1,2191.04,0.01,1995-07-10,N
679,672,1,39,774.53,0.0,1998-07-27,N
679,297,2,21,5527.67,0.03,1996-10-17,N
680,439,1,6,517.28,0.03,1994-07-22,R
681,659,1,7,8982.67,0.1,1992-06-23,A
682,9,1,23,3545.89,0.07,1995-05-08,N
682,703,2,19,9812.44,0.07,1995-12-05,A
682,600,3,15,6408.65,0.08,1998-04-13,A
683,184,1,31,4235.83,0.08,1994-04-19,A
683,290,2,1,6801.22,0.06,1997-03-08,R
684,288,1,12,152.86,0.1,1997-09-11,N
685,304,1,50,3526.18,0.05,1992-07-16,N
685,9,2,24,1885.73,0.07,1992-06-03,R
686,344,1,25,9365.31,0.09,1995-09-20,R
686,439,2,22,4742.23,0.1,1995-11-15,A
687,661,1,46,9058.07,0.05,1996-11-27,A
687,446,2,39,5097.39,0.01,1993-11-21,N
688,704,1,18,9377.49,0.0,1994-07-22,A
689,240,1,32,1780.97,0.07,1993-11-18,R
689,798,2,31,3580.3,0.02,1998-04-16,R
690,703,1,24,3915.54,0.03,1994-12-13,N
691,673,1,22,3181.12,0.09,1992-09-12,N
692,800,1,41,8518.19,0.04,1998-04-10,R
693,325,1,50,2024.4,0.03,1992-09-17,R
693,472,2,48,3866.85,0.01,1998-06-27,A
693,24,3,18,7535.78,0.05,1992-04-03,R
694,619,1,25,126.04,0.08,1995-06-18,A
695,560,1,17,2894.02,0.03,1996-12-27,N
695,550,2,6,1467.55,0.1,1997-01-02,N
696,663,1,47,3562.55,0.05,1997-01-22,N
697,235,1,39,4836.69,0.08,1993-07-21,A
697,63,2,36,6392.96,0.06,1998-12-01,R
698,10,1,34,7041.43,0.09,1996-06-28,A
699,725,1,20,907.45,0.08,1998-11-14,R
699,659,2,45,6378.45,0.1,1998-09-02,N
700,534,1,7,1181.83,0.07,1995-03-16,N
701,174,1,14,3843.26,0.08,1996-01-17,A
702,164,1,35,4599.23,0.05,1993-08-24,N
702,763,2,47,5048.21,0.0,1993-03-07,N
703,696,1,21,2625.47,0.02,1992-04-08,A
703,62,2,36,8366.59,0.03,1992-01-25,N
704,571,1,3,4776.96,0.07,1995-01-19,R
704,750,2,27,5222.28,0.06,1997-02-03,N
704,525,3,44,9416.05,0.08,1994-12-19,A
705,641,1,44,7418.34,0.08,1992-08-12,N
705,66,2,40,3377.08,0.01,1995-06-16,N
705,723,3,14,9880.4,0.03,1992-07-24,N
706,56,1,47,8745.72,0.08,1994-02-22,N
706,468,2,2,3527.51,0.09,1993-12-09,A
707,403,1,48,9180.0,0.03,1998-08-20,A
708,195,1,34,104.03,0.06,1998-08-12,R
708,668,2,23,2183.1,0.01,1997-01-15,R
709,227,1,5,996.69,0.09,1992-03-06,R
709,721,2,45,3047.19,0.07,1997-01-02,A
710,677,1,9,5737.65,0.05,1998-09-01,N
710,626,2,1,7917.5,0.05,1992-04-21,N
711,515,1,19,511.13,0.05,1998-01-27,R
712,741,1,11,9976.47,0.0,1997-10-19,N
712,736,2,11,6518.25,0.03,1993-12-21,N
712,650,3,15,3874.93,0.01,1995-01-16,N
712,236,4,34,2770.66,0.0,1993-02-19,A
712,444,5,23,6116.47,0.01,1997-07-15,N
713,544,1,49,4965.63,0.0,1997-02-07,A
714,261,1,39,7023.52,0.08,1995-06-21,N
714,551,2,13,8109.23,0.06,1996-03-08,N
715,2,1,44,6803.37,0.09,1994-05-19,R
715,413,2,43,164.99,0.05,1993-02-01,R
715,304,3,39,8095.9,0.09,1996-11-14,R
716,204,1,11,9862.21,0.08,1998-12-19,A
717,323,1,30,3481.56,0.08,1995-01-26,R
717,588,2,14,9529.7,0.05,1997-04-28,R
717,61,3,43,6270.64,0.0,1995-04-26,N
717,786,4,10,7484.03,0.0,1993-08-11,N
718,463,1,5,7447.46,0.08,1992-10-26,R
718,390,2,47,2223.82,0.09,1992-02-19,N
718,482,3,34,5140.57,0.05,1997-08-04,R
718,408,4,25,9090.05,0.04,1996-08-20,N
718,324,5,15,6815.16,0.01,1992-03-14,N
719,433,1,11,4909.1,0.03,1994-11-08,A
719,119,2,40,1184.14,0.01,1994-05-02,R
720,325,1,21,4173.49,0.07,1993-05-25,A
721,561,1,27,135.36,0.09,1992-12-05,A
721,426,2,31,8699.42,0.09,1997-11-03,N
722,182,1,34,4674.35,0.1,1996-05-05,A
722,421,2,38,9893.22,0.03,1992-09-06,A
722,407,3,32,9164.62,0.07,1998-03-07,N
723,51,1,29,6017.98,0.08,1995-12-18,R
724,405,1,7,2503.97,0.03,1995-12-22,N
724,61,2,8,8635.58,0.0,1992-08-24,N
725,713,1,31,2594.18,0.01,1996-12-04,R
726,637,1,10,9147.11,0.03,1993-03-03,A
726,744,2,48,5913.11,0.0,1993-06-09,A
727,34,1,20,1770.22,0.1,1995-08-03,A
727,196,2,24,9436.95,0.02,1995-12-15,N
728,445,1,38,6751.68,0.08,1995-03-01,A
728,181,2,50,3910.65,0.07,1998-12-24,A
729,770,1,18,3696.8,0.05,1993-11-04,N
729,406,2,22,8411.59,0.06,1995-07-18,R
730,382,1,8,5632.28,0.03,1993-03-18,N
731,12,1,23,9798.8,0.09,1995-08-10,R
731,569,2,24,6922.33,0.01,1998-04-25,R
732,222,1,33,8508.26,0.01,1993-11-13,R
732,212,2,47,652.2,0.01,1997-06-10,A
733,639,1,7,7367.93,0.05,1995-03-03,N
734,46,1,24,8882.21,0.04,1992-06-28,N
734,482,2,37,4939.36,0.05,1997-07-27,N
734,98,3,50,1939.6,0.09,1994-02-21,R
734,415,4,1,3296.61,0.02,1998-08-24,R
734,592,5,42,502.8,0.09,1998-03-08,R
734,492,6,24,6384.54,0.05,1997-05-16,N
735,739,1,5,3506.14,0.03,1995-07-01,N
736,483,1,44,4825.89,0.05,1997-11-08,R
737,217,1,43,5598.73,0.03,1995-04-16,A
737,792,2,2,7700.15,0.08,1992-02-07,A
738,549,1,49,1397.54,0.1,1996-10-22,A
739,213,1,30,8706.0,0.02,1996-07-18,R
740,344,1,32,1298.14,0.05,1998-01-17,N
740,425,2,33,8043.75,0.05,1994-04-26,A
740,377,3,22,5437.23,0.07,1997-09-03,N
741,666,1,13,3547.72,0.06,1998-09-25,N
741,601,2,36,1399.61,0.05,1997-02-22,R
741,784,3,10,9892.69,0.03,1996-04-25,N
742,485,1,16,6403.88,0.04,1996-01-08,R
742,690,2,47,1021.12,0.06,1996-05-21,A
743,98,1,29,9056.3,0.1,1994-07-19,A
743,697,2,50,570.06,0.02,1996-10-22,N
744,241,1,15,1468.62,0.03,1993-03-05,R
745,45,1,25,920.63,0.02,1998-02-11,N
746,269,1,13,5114.81,0.01,1993-08-04,A
746,319,2,41,7886.68,0.09,1994-05-11,A
747,245,1,4,7429.71,0.06,1998-09-01,R
747,303,2,33,2654.83,0.08,1992-11-01,N
748,295,1,10,7833.91,0.09,1993-06-05,R
748,476,2,40,6037.74,0.06,1993-05-09,R
749,192,1,3,8367.47,0.08,1996-12-02,A
749,745,2,5,6628.89,0.06,1997-09-17,A
749,269,3,24,7476.12,0.09,1993-01-20,R
750,40,1,49,1889.22,0.06,1998-05-13,A
750,694,2,29,8200.54,0.07,1996-01-18,A
750,246,3,4,6259.2,0.05,1997-03-16,A
750,457,4,48,7563.89,0.0,1994-05-04,R
751,343,1,12,774.81,0.02,1997-07-28,R
751,456,2,1,5299.26,0.05,1992-12-16,N
752,348,1,23,9442.36,0.03,1997-11-11,R
752,609,2,22,5201.54,0.08,1993-01-25,N
752,414,3,16,2110.13,0.05,1995-09-28,R
753,392,1,45,6206.66,0.07,1995-10-11,N
753,82,2,45,6764.07,0.08,1997-09-19,N
754,705,1,17,9995.91,0.05,1994-02-09,N
754,94,2,2,5927.41,0.02,1994-12-01,N
755,447,1,50,501.32,0.1,1992-07-09,A
756,118,1,48,4298.62,0.01,1992-04-27,R
756,609,2,43,530.3,0.03,1996-06-16,N
757,56,1,8,8130.0,0.06,1995-08-18,N
758,40,1,50,6672.5,0.03,1992-11-03,R
758,133,2,13,2882.2,0.05,1998-12-25,N
758,197,3,45,4804.35,0.02,1994-04-13,N
758,751,4,28,7591.96,0.08,1997-12-16,N
759,792,1,41,412.8,0.06,1994-07-07,R
759,132,2,19,6527.9,0.0,1996-06-13,N
759,212,3,46,7230.24,0.07,1997-05-12,R
759,375,4,11,4016.94,0.05,1993-05-07,R
760,560,1,12,1241.15,0.02,1997-05-02,R
761,394,1,14,5996.51,0.05,1994-12-07,N
761,713,2,50,2985.12,0.1,1997-04-21,A
762,406,1,49,8580.06,0.02,1997-09-09,N
763,742,1,19,9727.1,0.0,1997-09-17,N
764,82,1,48,905.09,0.08,1994-08-03,A
764,675,2,7,8879.04,0.09,1994-08-27,N
765,441,1,34,2059.81,0.09,1994-01-26,R
765,387,2,16,2342.6,0.08,1996-03-10,N
766,493,1,47,3913.21,0.09,1996-10-03,N
766,381,2,6,5806.25,0.03,1996-11-08,A
766,521,3,50,347.89,0.1,1994-08-28,A
766,523,4,27,2729.09,0.04,1998-09-26,R
767,380,1,3,3010.21,0.06,1996-02-24,A
767,470,2,20,4133.76,0.08,1998-04-28,R
767,159,3,13,6009.76,0.03,1992-05-25,N
768,215,1,28,8062.85,0.0,1998-04-26,N
769,169,1,1,2688.72,0.09,1997-08-12,R
770,399,1,18,3134.24,0.02,1993-11-19,A
770,578,2,19,3730.93,0.08,1998-10-03,N
770,86,3,15,5125.62,0.06,1997-01-14,N
771,146,1,15,4899.35,0.02,1992-03-19,N
771,460,2,44,9599.94,0.05,1994-09-09,R
771,791,3,41,3597.12,0.09,1997-01-07,R
771,591,4,48,7328.97,0.01,1998-06-02,N
772,184,1,15,4820.91,0.09,1997-04-13,R
773,689,1,24,6001.1,0.09,1994-09-24,A
774,402,1,28,9631.72,0.05,1992-01-10,A
775,431,1,34,3818.27,0.08,1995-11-03,R
776,15,1,30,7417.25,0.0,1995-10-09,R
776,609,2,50,2176.86,0.06,1992-09-19,R
776,678,3,22,8137.05,0.06,1995-10-26,N
777,115,1,45,6934.45,0.02,1993-06-02,R
778,44,1,21,596.27,0.02,1997-05-16,R
778,588,2,39,5690.43,0.08,1998-09-04,N
779,775,1,2,9448.49,0.02,1993-12-07,A
780,481,1,40,5047.93,0.02,1994-11-26,N
781,392,1,26,6178.4,0.05,1993-04-22,A
782,655,1,47,1476.84,0.04,1996-09-12,R
783,115,1,46,6321.11,0.1,1998-06-15,R
784,642,1,4,2154.2,0.02,1996-10-13,R
785,611,1,40,6550.67,0.08,1998-02-03,A
785,160,2,35,820.92,0.03,1994-06-03,A
785,526,3,33,866.54,0.01,1998-01-15,A
786,597,1,25,7238.44,0.05,1994-04-18,N
786,276,2,9,5114.75,0.09,1993-12-16,N
786,761,3,25,4287.17,0.01,1998-01-02,A
786,32,4,5,9255.54,0.04,1998-03-12,R
786,761,5,18,5752.73,0.06,1994-10-04,A
787,711,1,16,6905.45,0.1,1995-08-07,R
788,529,1,2,5373.91,0.07,1995-04-17,R
788,733,2,50,659.6,0.06,1994-05-08,R
789,625,1,18,7766.99,0.04,1997-05-04,A
790,156,1,29,1512.21,0.02,1993-10-19,N
791,343,1,42,5415.2,0.06,1992-08-17,N
792,14,1,29,2038.26,0.03,1998-12-22,R
793,233,1,50,6788.92,0.0,1998-06-02,N
793,43,2,14,1350.99,0.02,1995-07-08,R
793,739,3,17,6585.14,0.1,1992-10-22,A
794,795,1,32,7242.64,0.02,1996-12-21,R
795,686,1,34,9995.91,0.07,1997-07-18,R
796,584,1,19,1580.57,0.03,1995-04-14,N
796,634,2,39,5362.25,0.06,1997-06-19,N
796,609,3,17,5832.15,0.02,1998-08-13,R
797,9,1,33,5059.45,0.05,1993-04-12,N
798,306,1,43,8075.44,0.0,1996-07-11,N
799,352,1,8,9996.25,0.08,1996-01-25,N
799,646,2,28,9246.48,0.04,1993-10-25,N
799,254,3,16,476.02,0.01,1993-05-06,N
800,385,1,43,5036.59,0.04,1994-03-11,A
801,727,1,12,9711.55,0.02,1992-01-13,R
801,708,2,30,6392.35,0.07,1993-09-08,A
802,619,1,8,1347.21,0.08,1994-10-23,R
802,87,2,20,6959.26,0.03,1998-04-25,A
802,139,3,4,3537.45,0.03,1994-10-07,R
803,162,1,2,1184.03,0.07,1996-02-24,A
803,483,2,15,3983.3,0.06,1997-11-12,A
803,713,3,47,8406.72,0.0,1994-10-23,N
803,383,4,38,2315.9,0.1,1996-12-27,A
804,731,1,28,8066.73,0.03,1995-03-12,N
805,687,1,14,8551.19,0.01,1993-01-10,R
805,329,2,37,5912.62,0.05,1997-08-27,R
806,687,1,17,1512.0,0.0,1994-09-20,R
806,415,2,9,2292.97,0.0,1995-07-19,N
807,671,1,36,843.31,0.08,1992-09-14,N
807,330,2,26,6868.8,0.04,1994-11-03,A
808,357,1,20,8471.85,0.07,1998-09-02,R
808,671,2,25,4109.91,0.09,1997-08-11,N
809,21,1,25,2842.33,0.02,1992-07-21,N
810,351,1,46,4832.69,0.04,1998-12-12,A
811,241,1,50,1492.56,0.05,1998-03-25,A
812,653,1,35,9999.14,0.0,1993-12-03,A
813,602,1,29,3256.71,0.01,1995-10-06,R
813,569,2,1,5654.92,0.01,1996-07-26,R
813,765,3,41,4699.0,0.09,1994-06-28,R
814,504,1,17,9129.67,0.09,1994-09-26,N
815,14,1,13,9331.72,0.04,1995-02-19,N
815,347,2,34,8205.42,0.05,1992-12-25,N
816,519,1,50,9260.36,0.06,1996-04-12,R
816,177,2,49,1733.59,0.04,1992-09-07,R
816,187,3,7,2259.78,0.01,1998-09-06,R
817,24,1,23,873.98,0.07,1992-10-11,N
817,771,2,30,283.54,0.0,1996-04-15,R
817,239,3,29,770.52,0.04,1995-06-22,A
818,739,1,3,2538.35,0.0,1993-05-17,R
819,338,1,31,1734.19,0.01,1993-05-28,R
819,99,2,1,5227.14,0.0,1994-05-09,N
819,692,3,39,8762.04,0.06,1997-07-14,A
819,350,4,33,5753.26,0.0,1992-02-22,N
820,325,1,39,9422.77,0.1,1994-04-14,N
821,507,1,32,1863.52,0.02,1993-04-27,R
822,325,1,19,7554.47,0.09,1992-04-25,R
822,20,2,11,2301.72,0.0,1995-08-27,R
822,659,3,18,4108.27,0.07,1992-08-21,R
822,189,4,24,4238.64,0.01,1992-05-23,N
823,629,1,23,227.17,0.01,1994-10-17,N
823,318,2,6,7247.93,0.03,1992-04-20,A
823,290,3,34,2160.64,0.07,1997-11-03,R
824,195,1,13,6569.51,0.0,1998-09-15,A
824,338,2,22,473.73,0.09,1998-07-12,R
824,553,3,8,5507.39,0.06,1994-12-05,N
824,327,4,25,1370.53,0.01,1993-11-27,R
825,335,1,20,6776.35,0.03,1994-01-13,R
825,240,2,11,4168.02,0.01,1996-04-24,A
825,377,3,45,6543.58,0.08,1994-02-12,R
826,461,1,45,5619.58,0.03,1995-10-09,R
827,510,1,40,8727.7,0.1,1992-06-04,N
828,583,1,43,1079.92,0.1,1996-09-07,R
829,563,1,46,877.84,0.05,1996-09-24,N
829,798,2,44,2583.68,0.02,1998-01-22,R
830,483,1,13,6135.17,0.1,1993-10-02,N
830,526,2,4,5799.94,0.1,1992-05-28,N
830,710,3,39,1960.54,0.04,1997-05-21,N
830,619,4,19,4701.48,0.08,1994-06-22,R
831,379,1,48,9969.93,0.0,1997-01-02,N
831,47,2,4,806.73,0.06,1993-02-05,A
831,444,3,38,5294.85,0.09,1995-01-05,N
831,635,4,31,5112.69,0.0,1994-05-23,R
832,226,1,25,2153.61,0.01,1996-12-12,R
832,83,2,26,9323.18,0.1,1998-09-16,R
833,598,1,22,5823.29,0.08,1998-09-02,A
834,20,1,21,5011.29,0.05,1996-05-21,A
835,607,1,47,7381.66,0.07,1992-05-04,R
836,555,1,7,9690.25,0.03,1997-02-03,N
837,68,1,19,2567.75,0.06,1997-05-13,R
837,183,2,26,2885.34,0.07,1995-11-06,N
838,259,1,38,992.13,0.05,1992-02-02,R
838,784,2,16,9350.4,0.09,1996-06-01,N
839,174,1,46,7650.75,0.02,1994-04-15,A
839,51,2,39,5384.86,0.0,1995-01-10,A
839,750,3,10,6376.67,0.04,1995-06-01,N
839,442,4,5,7945.45,0.01,1998-09-06,A
840,551,1,29,9103.17,0.03,1995-11-11,N
841,110,1,39,6104.12,0.06,1993-09-26,N
842,730,1,49,5386.28,0.07,1997-08-08,A
843,117,1,42,8607.51,0.02,1995-06-17,A
843,155,2,34,4204.49,0.0,1992-01-16,A
844,742,1,15,3364.07,0.07,1995-06-20,N
845,29,1,3,204.45,0.1,1995-11-08,A
846,701,1,18,4514.29,0.02,1996-10-16,N
847,24,1,29,9877.78,0.0,1997-03-26,A
848,309,1,4,4962.5,0.01,1994-03-26,A
848,73,2,26,4095.54,0.05,1993-02-02,A
849,742,1,29,2962.34,0.02,1992-02-24,A
849,91,2,14,4096.2,0.05,1992-07-04,R
849,248,3,19,822.05,0.06,1997-05-15,A
850,404,1,34,8593.35,0.02,1993-07-21,R
851,588,1,40,7658.75,0.08,1993-04-23,A
851,461,2,25,180.21,0.05,1995-12-19,A
851,154,3,35,8200.09,0.05,1997-01-18,A
852,129,1,18,5295.3,0.09,1998-01-11,A
852,347,2,9,6992.06,0.04,1997-05-25,N
852,704,3,49,9640.2,0.0,1993-09-22,R
853,629,1,26,7706.0,0.03,1995-02-14,N
853,363,2,32,7880.29,0.03,1992-10-03,N
853,53,3,41,2166.55,0.04,1994-10-21,A
854,188,1,4,8098.57,0.1,1997-01-28,A
855,279,1,31,3864.24,0.06,1992-06-08,A
856,424,1,32,2306.03,0.07,1995-01-04,R
856,85,2,23,3107.3,0.02,1992-12-11,R
857,84,1,4,7570.1,0.02,1996-02-11,N
857,748,2,35,2501.56,0.02,1993-08-22,A
858,162,1,5,4793.77,0.02,1994-12-15,A
859,372,1,17,2312.04,0.07,1994-07-04,R
860,348,1,19,2756.66,0.04,1994-02-24,N
860,667,2,5,2377.41,0.07,1997-03-01,A
861,724,1,47,5714.66,0.0,1997-06-05,N
861,138,2,28,4561.37,0.03,1997-03-06,R
861,230,3,29,1367.09,0.1,1997-03-19,R
862,136,1,36,8833.64,0.04,1995-05-03,A
863,658,1,50,2421.52,0.02,1997-07-26,R
864,467,1,26,6963.11,0.07,1995-08-08,A
864,369,2,14,5420.93,0.07,1995-10-05,A
864,319,3,43,6900.26,0.05,1997-06-03,N
864,425,4,39,8166.46,0.06,1995-02-05,N
865,781,1,14,8949.85,0.08,1997-09-22,N
865,428,2,24,5344.49,0.08,1996-11-23,R
866,361,1,30,6660.48,0.06,1998-03-04,N
867,729,1,42,5514.92,0.07,1996-09-15,N
868,184,1,41,9528.75,0.06,1998-03-17,N
869,344,1,4,5012.13,0.05,1993-10-19,A
869,578,2,42,5065.24,0.05,1997-11-25,N
869,517,3,39,7060.88,0.05,1995-08-08,A
870,57,1,32,7565.18,0.05,1998-06-23,N
870,447,2,14,1355.68,0.03,1996-09-05,N
870,618,3,30,2071.61,0.02,1996-06-07,A
871,751,1,44,6472.47,0.09,1996-10-21,R
872,576,1,7,2512.0,0.05,1992-12-02,N
873,553,1,19,4668.96,0.06,1994-12-27,N
873,784,2,27,4381.54,0.0,1996-09-10,N
874,698,1,20,8325.24,0.08,1996-05-10,A
874,33,2,19,5420.54,0.04,1997-12-13,N
874,760,3,3,515.67,0.07,1994-04-16,A
875,27,1,17,4435.84,0.08,1997-12-03,A
876,63,1,35,3353.39,0.08,1993-02-02,N
877,784,1,2,8603.23,0.04,1995-08-03,A
877,459,2,26,1869.77,0.03,1997-11-23,A
878,256,1,22,7032.2,0.09,1992-01-15,A
878,747,2,17,1569.22,0.05,1997-06-10,R
879,273,1,27,5448.52,0.02,1993-11-07,R
880,527,1,42,6040.72,0.09,1996-02-09,R
881,289,1,45,2765.78,0.03,1993-01-28,N
881,191,2,43,5307.6,0.05,1992-06-16,N
881,255,3,12,8509.01,0.09,1993-01-15,A
882,648,1,50,6281.14,0.04,1997-05-10,N
883,664,1,17,8290.34,0.0,1993-03-20,A
884,444,1,47,2344.48,0.01,1992-02-09,A
885,523,1,7,9012.35,0.0,1995-08-07,R
886,454,1,45,9289.98,0.01,1992-11-16,A
886,171,2,24,1836.93,0.06,1996-03-23,R
887,93,1,28,2699.68,0.08,1996-05-03,A
887,276,2,39,5808.35,0.03,1994-11-27,A
887,468,3,9,9209.67,0.03,1996-09-06,A
888,511,1,33,5709.19,0.0,1994-03-20,A
888,160,2,4,1880.88,0.06,1998-08-28,N
889,497,1,17,4561.63,0.05,1992-04-25,R
890,427,1,42,5358.42,0.0,1997-03-20,A
891,71,1,17,2290.96,0.02,1996-04-04,N
892,220,1,30,5751.07,0.0,1994-12-17,R
893,487,1,19,1099.3,0.1,1998-12-18,N
894,362,1,47,1870.58,0.09,1992-10-09,A
894,678,2,35,2376.9,0.01,1994-05-24,R
894,135,3,41,4700.34,0.1,1998-04-22,A
895,747,1,26,9563.99,0.05,1994-10-11,A
895,315,2,46,1038.13,0.04,1998-08-18,R
895,618,3,31,2243.5,0.08,1992-05-28,N
896,560,1,25,5164.47,0.07,1998-03-05,A
897,543,1,39,8411.89,0.1,1992-06-22,R
898,656,1,26,7107.78,0.08,1996-04-27,R
899,8,1,2,8138.98,0.02,1996-05-22,N
899,110,2,39,3202.44,0.06,1993-02-04,A
900,535,1,14,7472.34,0.03,1994-02-09,A
901,32,1,42,861.12,0.1,1997-04-17,N
901,406,2,23,8317.99,0.02,1996-09-26,N
902,502,1,42,8799.85,0.07,1992-08-06,R
902,52,2,35,5432.64,0.06,1998-09-10,N
903,418,1,11,374.25,0.04,1993-06-08,R
904,554,1,18,2002.71,0.06,1996-11-08,A
904,434,2,2,6760.47,0.03,1997-01-21,N
904,260,3,14,5311.95,0.03,1993-10-23,A
904,785,4,5,1764.91,0.0,1996-05-09,N
904,584,5,25,6782.92,0.03,1998-01-05,N
905,762,1,16,4250.31,0.04,1996-07-11,N
905,278,2,11,9842.91,0.05,1993-02-02,N
906,385,1,33,5423.73,0.0,1996-03-01,R
906,34,2,32,3447.52,0.03,1995-05-10,N
907,74,1,27,5320.03,0.0,1993-09-12,R
907,175,2,5,6974.18,0.0,1993-01-01,A
907,443,3,3,1316.9,0.04,1993-09-09,N
908,279,1,29,5319.87,0.08,1992-08-22,R
909,632,1,21,2949.84,0.05,1998-04-13,N
910,202,1,14,904.89,0.1,1998-12-28,N
910,458,2,22,6473.47,0.04,1998-06-12,A
910,77,3,36,8180.76,0.08,1993-01-14,R
911,655,1,22,6198.83,0.09,1993-09-10,A
911,590,2,35,6499.74,0.07,1994-07-07,R
912,587,1,29,4406.79,0.04,1996-07-23,A
912,186,2,4,6563.69,0.1,1992-05-08,N
912,480,3,10,6868.02,0.06,1997-05-12,A
912,696,4,2,3805.63,0.1,1992-05-15,A
913,172,1,42,4212.87,0.07,1994-07-12,A
913,797,2,22,4725.43,0.07,1996-08-06,A
913,305,3,42,8546.02,0.01,1997-07-20,N
914,65,1,2,8221.75,0.03,1994-01-16,N
915,262,1,11,5822.0,0.08,1995-12-04,R
916,272,1,14,1702.7,0.1,1998-09-16,N
916,601,2,39,2429.14,0.03,1995-10-01,R
917,643,1,14,8675.5,0.07,1998-07-18,R
917,731,2,11,4305.85,0.04,1998-11-10,R
918,277,1,48,1038.82,0.09,1998-02-09,R
918,752,2,18,1893.7,0.04,1998-01-17,N
919,202,1,24,6018.73,0.06,1993-06-24,A
920,10,1,30,2373.54,0.04,1992-06-20,A
921,369,1,7,3299.73,0.05,1994-02-15,N
921,30,2,34,288.31,0.06,1997-08-07,A
922,308,1,9,5918.25,0.03,1994-08-22,R
922,404,2,19,3086.85,0.05,1993-07-09,N
922,470,3,21,3336.43,0.09,1998-03-04,R
923,754,1,31,6563.9,0.08,1995-10-15,A
923,707,2,45,7512.73,0.06,1996-03-06,R
923,522,3,28,4598.18,0.1,1995-12-08,R
923,2,4,23,6944.57,0.05,1992-09-17,R
923,468,5,16,4104.6,0.1,1998-06-11,N
924,65,1,46,5549.08,0.0,1994-06-07,A
925,48,1,34,6051.3,0.02,1994-11-08,A
925,137,2,28,3815.72,0.09,1994-05-27,A
926,643,1,6,1709.01,0.05,1993-11-16,R
926,283,2,38,363.5,0.02,1994-01-08,R
927,486,1,39,8444.38,0.01,1998-01-18,A
928,707,1,39,2585.8,0.09,1998-09-23,A
929,358,1,33,1653.22,0.07,1992-11-02,R
930,193,1,6,8689.69,0.09,1994-02-14,A
930,677,2,34,3455.31,0.04,1993-08-13,R
930,747,3,33,1747.88,0.01,1997-04-21,A
930,445,4,14,9615.04,0.09,1992-08-12,R
931,739,1,43,8092.12,0.02,1994-03-24,A
931,80,2,35,6540.22,0.08,1994-05-10,N
932,351,1,27,2986.55,0.02,1992-10-13,N
933,508,1,25,8826.61,0.03,1997-04-01,R
934,92,1,24,2829.93,0.06,1995-01-23,N
934,70,2,31,9868.12,0.06,1995-06-07,A
935,616,1,33,6944.98,0.0,1995-08-04,A
935,142,2,6,481.63,0.04,1993-02-07,R
936,277,1,12,4160.59,0.02,1996-08-08,N
937,506,1,7,9262.86,0.1,1993-04-10,A
937,483,2,34,5578.63,0.08,1995-05-09,N
937,100,3,41,3402.9,0.02,1994-06-14,A
938,494,1,16,1238.41,0.09,1995-05-28,A
938,34,2,5,8197.86,0.02,1997-04-10,A
939,300,1,42,1105.52,0.04,1993-06-19,A
939,557,2,26,2793.32,0.01,1995-12-16,A
940,653,1,16,5856.99,0.05,1994-12-22,A
941,290,1,11,5301.02,0.08,1993-12-21,N
941,46,2,13,617.79,0.1,1993-06-07,N
942,255,1,43,2220.27,0.01,1993-01-01,R
942,407,2,1,6250.25,0.02,1993-02-12,N
943,9,1,27,8299.59,0.06,1993-11-26,R
943,465,2,39,9531.84,0.06,1992-07-16,N
944,460,1,32,2919.17,0.09,1994-05-01,R
944,612,2,17,6577.54,0.09,1996-07-24,N
944,555,3,50,9731.22,0.08,1993-08-07,R
945,567,1,33,6591.33,0.05,1993-10-05,R
945,232,2,25,6816.93,0.0,1993-10-28,N
946,104,1,47,5369.99,0.0,1995-05-13,A
947,286,1,21,6291.74,0.08,1997-02-01,N
947,429,2,11,1789.74,0.02,1994-03-09,R
947,750,3,2,987.61,0.04,1997-03-20,R
948,461,1,16,8946.54,0.05,1994-12-18,R
948,761,2,49,2130.54,0.02,1998-09-09,R
948,158,3,1,757.38,0.01,1998-12-21,N
949,45,1,48,4146.26,0.06,1997-11-27,N
949,669,2,6,3488.14,0.01,1994-01-26,N
950,525,1,10,6590.23,0.1,1995-09-07,N
951,178,1,4,8936.82,0.03,1993-10-28,A
951,46,2,35,7107.78,0.07,1995-12-23,R
952,702,1,33,3975.93,0.02,1996-11-20,N
953,74,1,12,7383.88,0.01,1992-03-25,A
953,564,2,6,8403.29,0.09,1996-03-09,N
953,166,3,24,8393.64,0.09,1996-01-14,A
954,80,1,24,8841.95,0.05,1997-01-23,R
954,291,2,45,132.04,0.01,1996-03-18,A
955,302,1,32,7546.49,0.05,1993-10-19,R
956,667,1,16,4904.96,0.04,1997-04-27,R
957,425,1,2,1206.58,0.07,1993-05-19,A
957,636,2,2,3139.56,0.03,1994-04-15,A
957,234,3,3,8826.65,0.1,1994-07-15,R
958,410,1,20,6810.72,0.03,1994-04-12,N
958,708,2,9,3538.94,0.08,1996-02-24,A
958,172,3,7,4976.71,0.1,1997-10-27,A
959,241,1,23,633.08,0.05,1995-04-07,A
960,142,1,19,8991.68,0.1,1996-11-28,N
960,19,2,50,9414.39,0.0,1992-06-27,R
961,371,1,32,9791.77,0.0,1993-05-22,N
961,195,2,50,9831.85,0.05,1997-02-16,N
962,549,1,42,8335.17,0.0,1995-09-20,R
963,231,1,44,1905.34,0.03,1993-04-08,R
964,718,1,45,3031.23,0.07,1993-10-09,A
964,49,2,5,1477.31,0.1,1993-05-09,R
964,53,3,12,4926.44,0.06,1994-08-25,N
965,49,1,21,901.73,0.08,1994-11-03,A
965,499,2,40,3565.18,0.07,1992-07-01,N
965,638,3,45,7185.14,0.04,1994-09-27,R
966,205,1,2,6280.71,0.09,1997-01-14,R
966,111,2,39,8946.17,0.0,1994-04-27,R
966,633,3,30,2350.96,0.02,1995-01-13,N
966,20,4,13,9113.76,0.02,1996-11-18,A
967,132,1,27,9250.84,0.02,1995-05-19,N
967,498,2,22,790.69,0.09,1998-07-08,A
968,678,1,30,1802.62,0.02,1992-06-01,A
968,444,2,43,7499.8,0.03,1997-01-01,R
968,742,3,32,1552.15,0.03,1996-11-08,R
968,216,4,11,8584.71,0.04,1994-11-14,R
969,53,1,18,4986.07,0.0,1993-12-27,N
970,731,1,48,4126.5,0.09,1995-03-11,N
970,781,2,49,8016.2,0.05,1997-02-02,N
971,522,1,9,7053.84,0.08,1996-01-21,A
971,653,2,44,3338.05,0.08,1994-05-27,N
972,598,1,10,9109.02,0.0,1997-06-01,N
973,506,1,7,4157.13,0.0,1995-12-14,N
973,321,2,2,7980.31,0.02,1994-06-10,R
974,758,1,41,996.94,0.0,1995-01-15,R
975,475,1,45,6802.8,0.03,1994-04-28,A
975,311,2,12,6765.38,0.0,1992-12-08,A
975,668,3,48,2194.01,0.02,1997-05-21,A
976,355,1,6,7324.83,0.05,1996-03-02,A
976,577,2,6,1455.14,0.04,1994-11-13,A
977,254,1,21,3989.33,0.08,1994-08-19,A
978,506,1,27,4591.42,0.01,1992-12-08,R
979,24,1,43,2682.23,0.03,1997-11-13,N
979,358,2,36,1978.38,0.02,1992-03-09,A
979,408,3,14,530.36,0.05,1997-06-20,A
979,188,4,25,9525.0,0.05,1993-06-14,R
980,773,1,38,5644.32,0.06,1994-04-20,N
980,498,2,9,6187.23,0.0,1997-06-04,N
981,124,1,47,4050.27,0.08,1995-05-25,A
982,392,1,48,4076.18,0.01,1994-04-04,R
982,600,2,45,8997.37,0.04,1998-05-22,R
982,393,3,41,5954.89,0.05,1998-11-03,N
982,330,4,12,9180.03,0.0,1998-10-18,N
983,426,1,33,2111.2,0.02,1997-02-09,A
983,368,2,12,3679.96,0.06,1992-12-01,R
983,402,3,4,859.21,0.08,1995-01-08,A
984,735,1,36,5223.11,0.0,1997-11-28,A
984,272,2,26,163.61,0.06,1992-01-16,R
984,203,3,39,8380.4,0.0,1992-02-23,R
984,728,4,24,3945.64,0.1,1993-06-26,N
985,316,1,38,1015.63,0.03,1996-06-10,N
986,168,1,22,7409.1,0.01,1996-12-03,A
986,14,2,3,4781.8,0.05,1997-07-05,N
987,41,1,31,8074.56,0.1,1997-12-03,N
987,236,2,17,6933.14,0.09,1993-03-16,A
987,481,3,41,6748.39,0.08,1996-02-15,R
988,233,1,41,5980.39,0.03,1992-03-14,R
988,425,2,47,5823.04,0.08,1995-06-19,R
989,389,1,50,7805.06,0.04,1995-10-08,A
989,187,2,18,8545.98,0.1,1998-09-25,N
989,168,3,29,4421.42,0.01,1994-12-23,R
990,167,1,11,4188.5,0.0,1997-05-14,A
991,474,1,3,4727.06,0.07,1996-04-05,N
992,259,1,31,2888.42,0.09,1992-07-17,N
993,429,1,33,4822.95,0.1,1993-07-05,N
994,360,1,25,448.69,0.06,1994-06-10,N
994,612,2,48,8697.77,0.05,1992-08-16,R
994,152,3,40,882.73,0.06,1992-05-17,R
995,319,1,23,1003.24,0.03,1995-07-10,R
995,482,2,47,5607.61,0.03,1998-01-19,A
995,459,3,15,4167.23,0.04,1992-03-12,N
996,93,1,23,4206.9,0.07,1993-10-27,R
996,656,2,44,617.27,0.06,1994-03-24,N
997,530,1,31,1629.79,0.04,1993-12-26,R
997,345,2,6,9029.74,0.02,1996-08-16,A
997,723,3,30,9891.09,0.03,1998-01-13,A
998,290,1,23,6813.86,0.03,1998-09-14,N
998,458,2,9,2007.11,0.09,1992-02-22,R
998,131,3,19,8851.0,0.08,1993-01-07,R
999,122,1,49,2637.35,0.02,1992-02-17,N
1000,486,1,44,3501.59,0.03,1994-03-11,N
1000,586,2,30,772.36,0.08,1998-08-15,A
1000,712,3,3,2654.47,0.09,1996-11-17,A
1001,519,1,20,5916.87,0.01,1994-08-19,A
1002,259,1,34,3475.7,0.03,1996-07-11,R
1002,749,2,11,8623.98,0.04,1994-12-04,N
1002,671,3,34,4123.33,0.02,1992-02-07,N
1003,337,1,12,459.87,0.07,1994-02-05,A
1004,168,1,38,1497.71,0.0,1996-12-17,N
1004,754,2,39,1725.76,0.05,1998-05-28,N
1005,593,1,47,812.83,0.07,1992-10-14,A
1005,55,2,15,5500.78,0.07,1997-06-19,N
1005,519,3,16,1964.9,0.0,1993-02-27,A
1006,16,1,20,6851.26,0.01,1996-07-22,R
1006,729,2,39,4465.15,0.05,1992-05-03,R
1006,754,3,44,7598.14,0.0,1994-02-07,A
1006,605,4,39,6384.14,0.04,1995-03-12,A
1007,639,1,9,8309.92,0.0,1996-11-17,A
1008,725,1,34,3058.72,0.09,1993-11-13,N
1008,551,2,29,4542.79,0.01,1995-08-25,A
1008,475,3,42,5955.35,0.01,1995-07-24,N
1009,95,1,32,4506.69,0.09,1995-11-12,A
1009,495,2,31,1409.18,0.06,1997-05-20,R
1010,285,1,1,8957.05,0.02,1995-10-21,N
1010,20,2,24,5472.22,0.08,1996-12-09,A
1011,661,1,46,9186.57,0.02,1994-04-23,R
1011,215,2,11,1538.27,0.08,1996-09-24,N
1011,267,3,34,1606.67,0.03,1997-01-04,N
1012,717,1,23,2272.66,0.04,1996-08-23,A
1013,378,1,27,8715.06,0.07,1996-11-08,R
1013,508,2,13,8292.54,0.06,1996-12-20,A
1013,83,3,5,7380.27,0.0,1997-03-20,R
1014,270,1,6,5869.08,0.01,1993-01-10,R
1014,526,2,8,523.83,0.04,1996-01-05,A
1015,536,1,12,9334.09,0.02,1993-08-03,A
1016,617,1,16,6646.72,0.1,1995-04-05,A
1017,194,1,31,7805.65,0.02,1996-12-10,R
1017,439,2,25,2274.78,0.08,1992-07-13,R
1017,671,3,45,7416.62,0.08,1993-06-07,N
1017,536,4,43,3590.03,0.06,1996-05-01,A
1018,254,1,19,4492.72,0.08,1998-04-20,A
1019,392,1,40,5043.64,0.09,1996-06-14,R
1019,11,2,5,7316.25,0.08,1992-11-19,N
1019,423,3,25,5879.38,0.03,1996-08-25,N
1020,614,1,7,9573.78,0.01,1993-09-14,R
1020,535,2,43,4505.62,0.04,1998-05-01,A
1020,781,3,17,1726.14,0.08,1997-03-15,R
1020,703,4,14,3078.42,0.03,1996-03-22,A
1020,637,5,41,5182.38,0.01,1994-09-18,A
1021,27,1,32,5725.23,0.0,1995-03-06,R
1022,328,1,3,626.7,0.01,1997-01-25,A
1023,325,1,8,2645.57,0.04,1997-09-19,R
1023,720,2,42,1167.71,0.0,1994-02-14,N
1024,496,1,19,7740.97,0.03,1992-02-01,A
1024,348,2,28,4297.43,0.02,1996-10-07,R
1025,325,1,27,4594.62,0.05,1992-06-19,N
1026,728,1,42,6254.52,0.08,1996-09-03,N
1026,508,2,21,6499.53,0.09,1994-09-18,A
1027,205,1,7,6437.7,0.06,1994-07-05,R
1027,389,2,6,297.77,0.1,1994-10-14,R
1028,779,1,38,8627.48,0.03,1994-03-13,N
1028,706,2,20,7457.67,0.03,1997-11-22,A
1029,752,1,7,316.51,0.08,1996-04-24,N
1029,22,2,50,1979.57,0.02,1997-06-07,A
1029,381,3,12,206.69,0.01,1994-07-04,R
1029,333,4,8,4747.79,0.1,1997-11-19,R
1030,45,1,40,4613.6,0.03,1997-04-18,N
1030,56,2,6,6861.16,0.03,1994-10-09,A
1030,598,3,6,1484.31,0.09,1993-08-05,A
1031,776,1,50,6063.61,0.08,1993-05-09,R
1031,732,2,38,4068.34,0.09,1995-08-01,N
1032,613,1,41,5280.27,0.04,1994-03-27,R
1032,775,2,24,5960.64,0.1,1992-05-21,A
1033,379,1,8,8877.98,0.1,1996-06-06,A
1034,214,1,40,1479.31,0.07,1997-01-08,A
1034,687,2,44,8953.42,0.01,1995-11-08,N
1035,609,1,1,9954.47,0.04,1993-09-21,R
1035,436,2,43,4663.73,0.1,1997-06-10,N
1036,771,1,43,5329.09,0.07,1994-06-04,A
1036,104,2,50,3201.82,0.07,1993-01-08,R
1036,441,3,42,7627.72,0.04,1996-11-27,N
1036,780,4,28,9736.11,0.01,1993-11-04,A
1037,228,1,46,5864.65,0.05,1997-04-08,A
1037,10,2,44,1701.48,0.05,1997-09-27,A
1037,798,3,29,8554.74,0.07,1998-07-22,N
1037,641,4,14,7517.41,0.05,1994-10-24,R
1038,433,1,22,823.94,0.03,1994-10-16,N
1038,643,2,18,5158.9,0.1,1993-01-13,R
1038,30,3,30,4828.47,0.1,1996-03-26,A
1039,192,1,42,4373.77,0.04,1994-12-25,A
1039,503,2,36,8935.0,0.08,1997-05-07,A
1040,74,1,42,4062.59,0.06,1996-06-10,A
1041,656,1,13,1116.0,0.03,1994-07-23,A
1041,285,2,26,1191.82,0.03,1994-08-20,A
1042,533,1,16,8160.77,0.0,1995-12-23,N
1042,194,2,45,5163.98,0.1,1994-01-26,R
1042,448,3,18,430.88,0.04,1994-01-03,A
1043,514,1,41,2956.06,0.01,1992-05-27,A
1044,181,1,32,797.48,0.05,1998-12-18,A
1044,322,2,12,5808.95,0.03,1993-08-14,N
1045,477,1,7,125.47,0.08,1995-03-15,A
1046,734,1,23,7383.45,0.0,1997-01-27,A
1046,734,2,26,806.98,0.05,1992-12-09,R
1047,737,1,18,9093.98,0.09,1992-08-02,N
1047,157,2,41,5397.66,0.01,1994-10-12,N
1048,766,1,13,4139.77,0.0,1994-06-15,A
1048,679,2,38,4277.67,0.08,1995-12-19,A
1048,717,3,41,3522.19,0.02,1994-01-12,N
1048,791,4,5,9022.11,0.02,1998-11-19,R
1049,495,1,28,9597.87,0.07,1996-03-01,R
1050,500,1,12,5354.92,0.05,1995-10-19,A
1050,232,2,21,2378.48,0.07,1992-06-12,A
1050,370,3,24,8220.96,0.0,1992-11-02,R
1050,379,4,37,2328.27,0.01,1995-07-20,N
1051,328,1,9,5999.95,0.06,1996-05-26,R
1051,74,2,14,8273.46,0.04,1998-11-09,R
1052,80,1,14,9312.45,0.05,1998-04-10,A
1052,732,2,34,3035.49,0.09,1996-04-28,N
1053,608,1,31,6825.91,0.06,1992-05-21,N
1054,778,1,46,2363.84,0.0,1996-11-14,A
1055,777,1,1,8964.08,0.02,1992-04-06,R
1055,749,2,13,9293.87,0.0,1995-06-17,N
1055,656,3,9,3434.12,0.06,1993-11-14,N
1056,778,1,22,7481.52,0.08,1996-02-15,R
1057,744,1,5,1187.31,0.08,1992-02-06,R
1057,367,2,42,9411.76,0.1,1998-09-25,R
1058,597,1,36,2952.92,0.05,1993-04-24,A
1058,506,2,39,7354.37,0.0,1994-06-02,R
1059,55,1,40,805.59,0.04,1997-07-04,R
1059,533,2,7,2001.18,0.09,1998-09-05,R
1060,578,1,3,6574.74,0.05,1998-08-26,R
1060,292,2,39,1549.57,0.0,1998-11-02,A
1060,92,3,34,2341.97,0.01,1995-07-24,A
1061,535,1,10,1066.05,0.09,1996-06-03,N
1062,628,1,5,1736.3,0.0,1998-05-08,R
1062,555,2,42,1463.79,0.03,1994-03-28,R
1063,679,1,40,3270.87,0.06,1994-01-01,R
1063,591,2,8,7845.06,0.08,1997-04-16,A
1064,715,1,6,839.08,0.0,1994-05-06,A
1064,216,2,47,7191.07,0.02,1994-05-04,R
1064,382,3,24,8067.86,0.06,1994-12-20,A
1065,328,1,8,8266.8,0.07,1992-04-12,A
1065,736,2,39,2733.6,0.1,1997-02-19,R
1066,593,1,15,5448.23,0.08,1993-12-07,A
1066,567,2,25,835.58,0.0,1994-08-04,A
1067,538,1,45,7134.82,0.07,1992-07-10,N
1067,314,2,6,4983.85,0.04,1994-12-19,A
1067,189,3,27,5958.97,0.03,1992-05-05,N
1068,383,1,15,8495.32,0.04,1993-11-05,N
1069,520,1,38,6406.44,0.0,1994-02-26,A
1069,372,2,25,5560.4,0.1,1998-10-19,R
1070,451,1,30,6586.85,0.02,1997-06-18,A
1070,708,2,37,5157.27,0.03,1997-04-04,N
1070,108,3,13,4465.76,0.02,1994-04-25,N
1070,298,4,46,8304.37,0.0,1995-07-13,N
1071,411,1,5,5743.6,0.02,1995-03-16,N
1072,778,1,5,8260.08,0.01,1992-07-23,R
1073,91,1,6,6880.41,0.02,1994-06-09,R
1073,562,2,12,9277.3,0.06,1998-01-20,N
1073,447,3,44,6061.78,0.07,1995-10-09,R
1073,378,4,1,4608.8,0.02,1993-11-25,N
1073,669,5,44,9634.73,0.1,1993-09-04,N
1074,197,1,39,8654.68,0.04,1996-12-23,R
1075,446,1,29,2003.34,0.06,1998-09-02,R
1075,155,2,18,4831.51,0.03,1994-03-02,R
1076,191,1,46,5614.84,0.01,1992-01-14,N
1076,418,2,1,9903.01,0.05,1996-02-17,R
1076,595,3,17,683.64,0.02,1994-02-18,R
1076,580,4,48,1579.97,0.01,1997-10-27,A
1077,569,1,25,2399.66,0.03,1992-09-05,R
1077,650,2,41,8137.6,0.0,1998-03-13,A
1078,339,1,42,7061.3,0.0,1994-02-23,N
1078,792,2,46,3586.68,0.02,1997-03-09,A
1079,697,1,17,7858.51,0.05,1995-04-17,A
1079,289,2,50,6443.74,0.03,1998-06-09,A
1079,622,3,47,8777.03,0.01,1994-05-21,A
1080,140,1,38,5115.87,0.06,1997-03-09,N
1081,186,1,38,472.36,0.0,1997-01-08,N
1081,435,2,33,7925.12,0.06,1995-11-05,A
1082,404,1,6,6245.63,0.09,1995-02-18,N
1082,75,2,18,4089.51,0.05,1997-01-07,A
1082,369,3,50,3518.77,0.07,1992-08-23,R
1082,464,4,39,8845.25,0.09,1996-07-08,R
1083,333,1,40,1178.77,0.08,1997-11-18,N
1083,484,2,11,2824.9,0.08,1993-07-24,N
1084,90,1,32,1833.01,0.01,1995-02-28,N
1084,455,2,6,8376.69,0.04,1996-07-23,R
1085,612,1,8,632.33,0.0,1994-03-27,N
1086,507,1,25,4064.3,0.01,1996-03-10,A
1086,570,2,36,6549.81,0.07,1994-08-04,R
1087,28,1,42,6254.75,0.07,1997-12-22,A
1087,414,2,27,767.3,0.1,1998-10-28,N
1088,48,1,5,337.87,0.09,1992-02-21,R
1088,771,2,37,2381.45,0.09,1997-03-05,R
1088,349,3,28,6949.47,0.1,1996-10-27,A
1089,569,1,19,3723.61,0.02,1997-01-19,R
1089,734,2,14,8101.56,0.07,1995-04-06,A
1090,26,1,2,9971.94,0.07,1995-12-19,A
1090,157,2,4,2098.97,0.05,1992-01-15,R
1090,596,3,16,1121.48,0.09,1995-01-26,R
1091,782,1,34,3493.75,0.08,1995-10-25,R
1091,305,2,11,609.03,0.1,1996-10-14,N
1092,344,1,36,3491.44,0.05,1996-09-11,N
1092,295,2,4,2755.42,0.06,1997-07-13,A
1092,316,3,50,5579.97,0.0,1996-07-01,A
1093,725,1,45,789.86,0.09,1994-12-28,A
1093,604,2,23,6701.22,0.03,1997-03-07,N
1094,794,1,43,3404.76,0.07,1992-10-25,N
1094,313,2,6,3548.02,0.1,1993-01-02,R
1095,489,1,45,6357.91,0.06,1996-08-16,R
1096,144,1,3,7107.4,0.06,1995-05-02,A
1097,390,1,21,7854.27,0.01,1995-02-23,N
1097,93,2,33,3717.82,0.03,1996-12-19,A
1098,132,1,18,3566.26,0.07,1992-04-01,R
1098,287,2,28,7746.72,0.08,1992-08-16,N
1098,435,3,50,1806.93,0.02,1992-02-07,A
1099,135,1,1,929.05,0.07,1996-01-14,R
1099,441,2,48,2827.68,0.08,1998-12-02,A
1100,575,1,38,3752.34,0.09,1992-08-13,N
1100,738,2,10,2886.53,0.01,1998-11-27,A
1101,608,1,36,4957.34,0.05,1995-07-20,N
1101,210,2,30,4237.9,0.09,1997-07-28,A
1101,425,3,5,3670.48,0.07,1996-08-07,R
1102,429,1,42,2843.6,0.1,1994-09-19,R
1103,255,1,45,5219.86,0.01,1994-10-22,A
1104,72,1,44,5501.12,0.01,1997-07-14,A
1105,243,1,22,5637.2,0.01,1995-06-01,A
1106,588,1,47,3252.97,0.04,1993-11-01,R
1107,409,1,39,3711.44,0.02,1997-12-17,N
1108,125,1,39,2283.86,0.0,1992-09-06,R
1108,567,2,37,268.46,0.08,1996-06-02,R
1109,568,1,48,876.41,0.09,1994-07-06,R
1110,454,1,2,9532.85,0.03,1995-06-13,A
1110,541,2,47,9499.91,0.06,1997-11-06,N
1111,310,1,31,9791.91,0.0,1993-07-27,R
1111,247,2,2,608.06,0.03,1996-07-14,A
1112,501,1,17,6024.01,0.08,1994-07-24,A
1112,578,2,48,4829.52,0.07,1992-11-03,N
1113,662,1,16,869.41,0.08,1994-04-25,A
1114,800,1,14,4687.27,0.06,1997-06-04,N
1114,379,2,40,8167.78,0.03,1993-04-04,N
1114,305,3,25,4864.73,0.03,1996-08-04,N
1115,468,1,5,2900.21,0.01,1998-02-22,N
1116,287,1,45,7320.66,0.07,1995-08-17,R
1117,265,1,27,6744.4,0.04,1994-07-09,R
1118,80,1,45,6346.98,0.08,1997-11-09,R
1118,458,2,8,423.3,0.03,1995-10-05,R
1119,369,1,31,692.01,0.09,1992-01-06,R
1120,750,1,48,3260.93,0.09,1998-07-20,R
1120,244,2,6,8054.15,0.01,1994-06-16,A
1120,357,3,42,8309.29,0.02,1997-04-02,N
1120,792,4,39,9409.33,0.01,1992-05-01,N
1120,473,5,33,8221.93,0.1,1995-10-20,N
1120,676,6,38,1825.4,0.03,1994-09-14,N
1120,674,7,25,3640.68,0.07,1996-05-04,N
1120,459,8,24,4673.71,0.07,1993-01-07,A
1121,314,1,25,3746.91,0.07,1993-01-17,R
1122,285,1,45,528.36,0.08,1998-03-09,A
1123,391,1,2,2459.23,0.07,1995-06-08,A
1123,92,2,11,2201.94,0.04,1997-02-03,A
1124,618,1,45,6439.46,0.07,1997-09-27,R
1125,285,1,32,7057.84,0.02,1994-05-17,N
1125,60,2,45,5587.27,0.05,1996-01-26,R
1125,359,3,6,1251.14,0.05,1992-05-09,A
1126,278,1,21,7965.86,0.03,1992-06-15,A
1126,8,2,15,2426.73,0.04,1994-07-16,A
1127,537,1,1,4649.06,0.06,1996-04-27,R
1127,40,2,14,2735.58,0.05,1998-09-13,N
1128,115,1,14,3698.95,0.09,1994-08-25,R
1128,2,2,24,8646.18,0.03,1994-06-16,A
1129,639,1,26,5265.09,0.05,1993-11-17,R
1129,264,2,32,6909.23,0.02,1995-02-08,A
1129,176,3,4,3655.69,0.1,1997-11-27,R
1130,255,1,16,2926.32,0.09,1993-10-20,N
1130,508,2,3,1202.49,0.06,1992-06-24,N
1130,472,3,32,6687.58,0.07,1997-09-24,R
1130,713,4,31,3126.4,0.04,1992-04-05,N
1131,186,1,8,7250.59,0.04,1998-01-07,N
1132,96,1,4,4219.96,0.02,1993-01-14,N
1132,155,2,20,6686.06,0.04,1998-11-21,R
1133,471,1,28,6486.0,0.05,1996-08-16,N
1134,277,1,39,2549.53,0.03,1994-06-10,A
1134,52,2,33,3614.81,0.08,1993-01-03,R
1135,125,1,32,9759.09,0.01,1994-10-16,R
1135,639,2,25,1405.68,0.0,1997-12-01,R
1135,294,3,9,6963.6,0.0,1998-12-28,A
1136,70,1,13,3855.83,0.0,1993-03-23,N
1136,272,2,2,1214.96,0.05,1993-08-01,N
1136,81,3,1,5683.94,0.03,1992-11-08,N
1137,497,1,34,1298.69,0.07,1997-06-19,A
1138,461,1,5,9639.35,0.04,1996-05-08,N
1138,119,2,12,9588.23,0.09,1996-02-07,N
1139,25,1,11,9634.91,0.03,1992-04-15,A
1140,267,1,7,9769.48,0.04,1993-01-02,R
1140,97,2,33,7782.82,0.01,1995-04-07,R
1141,726,1,38,7704.27,0.09,1992-09-09,N
1141,438,2,7,7213.3,0.09,1995-08-14,A
1142,424,1,33,7425.73,0.01,1998-05-19,A
1143,687,1,7,1064.25,0.02,1994-10-24,A
1143,286,2,13,3180.67,0.01,1995-07-21,A
1143,472,3,44,3717.04,0.08,1995-04-10,A
1143,777,4,38,7649.56,0.06,1994-09-14,A
1143,341,5,10,9409.4,0.06,1996-11-27,N
1144,770,1,44,7639.2,0.1,1996-06-13,N
1145,110,1,3,4459.64,0.04,1997-04-16,N
1145,494,2,31,9737.69,0.01,1994-05-01,N
1146,654,1,44,1256.62,0.03,1992-05-21,A
1147,342,1,21,1704.0,0.03,1997-07-06,A
1147,270,2,39,443.42,0.01,1998-01-25,R
1148,648,1,15,5565.62,0.08,1992-08-03,A
1149,19,1,5,7457.6,0.05,1992-08-03,A
1149,342,2,16,4092.27,0.01,1993-03-22,A
1150,233,1,26,3580.16,0.04,1992-01-19,A
1150,769,2,31,2854.82,0.04,1997-05-08,A
1151,160,1,32,327.17,0.04,1993-12-18,R
1151,371,2,24,8155.32,0.02,1998-03-22,R
1152,206,1,5,3243.51,0.03,1993-02-15,A
1153,790,1,12,1106.38,0.02,1993-12-11,N
1154,755,1,27,6550.24,0.09,1992-11-10,A
1155,642,1,1,2869.65,0.04,1993-11-15,N
1155,538,2,9,9665.39,0.01,1993-02-05,N
1155,459,3,36,6836.83,0.08,1996-01-21,A
1155,540,4,12,4703.0,0.05,1996-03-14,R
1156,15,1,15,2649.06,0.06,1997-12-28,A
1157,262,1,18,3338.2,0.06,1996-06-11,R
1158,550,1,27,1343.06,0.02,1993-07-19,N
1158,617,2,46,2786.07,0.04,1993-12-02,A
1159,547,1,48,8000.85,0.02,1995-05-28,A
1160,618,1,49,9699.76,0.1,1996-03-08,A
1160,686,2,20,8801.35,0.01,1996-06-09,N
1160,538,3,20,5062.35,0.08,1995-03-01,N
1161,89,1,44,3892.69,0.05,1997-07-25,R
1162,457,1,40,3999.55,0.02,1998-09-13,R
1162,451,2,35,4745.86,0.1,1993-08-13,N
1163,235,1,10,4662.07,0.02,1996-07-26,R
1164,32,1,32,9596.73,0.07,1992-10-16,N
1164,575,2,14,9283.9,0.05,1995-08-28,R
1165,246,1,6,4393.18,0.04,1995-05-21,R
1166,233,1,17,7024.22,0.03,1997-05-18,R
1167,217,1,27,8595.06,0.1,1996-05-16,A
1167,161,2,14,8118.92,0.08,1994-07-03,R
1168,264,1,46,5128.3,0.03,1995-08-06,R
1168,659,2,32,8096.73,0.01,1996-07-09,N
1168,407,3,19,6925.78,0.07,1993-08-06,A
1169,260,1,35,7542.69,0.03,1993-10-17,N
1170,457,1,3,9563.3,0.04,1993-04-24,R
1170,234,2,20,6887.76,0.03,1996-04-05,R
1170,239,3,27,4427.86,0.01,1993-01-11,R
1170,446,4,31,1139.08,0.03,1997-04-12,R
1171,451,1,22,5896.91,0.06,1997-09-21,A
1172,513,1,4,4931.87,0.0,1993-01-24,R
1172,621,2,7,293.27,0.07,1993-09-01,N
1172,765,3,3,7322.84,0.01,1996-02-13,A
1172,496,4,20,7976.17,0.04,1997-10-05,R
1172,529,5,4,9758.45,0.02,1992-04-19,N
1173,778,1,15,5251.7,0.06,1994-08-01,N
1174,151,1,11,3588.74,0.08,1993-03-19,N
1174,33,2,47,987.83,0.07,1993-03-27,N
1175,468,1,22,5219.31,0.06,1992-04-11,A
1175,405,2,43,7994.04,0.02,1996-09-27,A
1175,349,3,24,5348.0,0.1,1992-04-22,N
1176,30,1,31,1023.44,0.01,1998-09-24,R
1176,66,2,27,3877.2,0.04,1995-07-21,R
1176,529,3,5,2079.65,0.07,1998-03-02,R
1177,311,1,40,8869.69,0.01,1994-06-15,R
1177,512,2,10,5299.61,0.02,1994-02-17,R
1178,391,1,43,1418.89,0.05,1995-06-28,A
1179,319,1,46,3448.34,0.09,1996-01-01,A
1180,73,1,24,2929.26,0.06,1993-10-02,N
1180,595,2,30,452.12,0.03,1993-06-02,R
1181,483,1,43,9555.54,0.08,1994-12-24,A
1181,155,2,21,8552.8,0.1,1998-04-11,N
1181,768,3,4,3371.65,0.08,1996-05-09,N
1182,211,1,50,8436.39,0.02,1992-11-18,R
1182,501,2,49,6178.08,0.1,1992-06-04,R
1182,676,3,42,6266.77,0.03,1993-05-25,N
1183,553,1,48,1087.99,0.04,1997-05-09,N
1183,222,2,47,1467.64,0.04,1995-03-01,A
1184,389,1,46,6157.19,0.07,1996-11-18,N
1184,685,2,17,8960.21,0.0,1998-09-14,R
1184,292,3,38,6658.08,0.01,1994-08-26,R
1184,641,4,18,4743.85,0.09,1992-05-11,R
1185,520,1,39,6419.33,0.01,1994-12-04,A
1185,41,2,6,4127.44,0.08,1993-02-02,N
1186,569,1,4,6381.27,0.02,1998-02-16,R
1186,557,2,21,8804.98,0.02,1993-11-28,A
1187,217,1,1,3288.45,0.07,1994-01-11,A
1187,512,2,23,432.33,0.1,1996-12-03,A
1188,637,1,11,3348.74,0.04,1995-09-14,N
1189,257,1,35,1561.1,0.04,1996-12-23,N
1189,534,2,31,3439.32,0.06,1994-03-09,R
1189,444,3,38,8803.13,0.04,1994-07-28,A
1190,247,1,40,9447.02,0.08,1993-10-07,N
1191,278,1,48,1088.66,0.0,1995-12-21,N
1191,427,2,14,3748.1,0.08,1994-02-06,A
1191,536,3,50,9366.64,0.06,1992-03-15,A
1192,793,1,21,9109.74,0.08,1994-05-11,R
1192,400,2,33,6166.69,0.02,1996-07-21,R
1192,114,3,11,982.39,0.02,1993-08-21,N
1192,319,4,39,889.36,0.1,1996-04-02,A
1193,544,1,16,8886.22,0.08,1997-09-27,A
1194,753,1,14,8189.03,0.03,1997-02-08,A
1194,80,2,11,1212.02,0.09,1994-12-08,N
1194,44,3,5,8159.12,0.08,1997-07-12,R
1194,351,4,7,3816.58,0.08,1996-08-06,A
1195,108,1,31,9336.9,0.04,1993-08-18,A
1196,1,1,3,3665.73,0.05,1996-06-08,A
1196,624,2,38,1529.65,0.01,1992-11-25,R
1197,586,1,19,1515.04,0.03,1992-02-06,N
1197,326,2,49,8031.07,0.09,1994-11-13,N
1198,201,1,12,996.62,0.07,1995-08-19,N
1199,181,1,6,8478.41,0.08,1998-12-12,N
1199,302,2,36,8657.29,0.01,1993-11-07,A
1200,455,1,32,2871.83,0.06,1996-06-13,A
1201,473,1,29,4710.21,0.08,1992-09-03,A
1202,328,1,37,2317.28,0.1,1998-08-06,A
1202,780,2,11,8383.19,0.09,1998-03-06,A
1203,484,1,19,3741.07,0.08,1996-06-01,A
1203,280,2,50,1821.17,0.07,1992-10-27,A
1204,627,1,31,977.81,0.03,1998-01-03,N
1204,13,2,30,7040.77,0.08,1995-02-03,A
1205,279,1,14,1895.63,0.05,1992-11-11,A
1205,360,2,16,6098.49,0.08,1995-06-16,N
1206,70,1,36,6722.9,0.06,1993-07-08,N
1207,629,1,14,8301.39,0.04,1998-07-23,R
1207,290,2,29,5974.06,0.0,1996-01-10,A
1208,716,1,50,6142.58,0.02,1995-09-12,A
1208,225,2,14,6412.05,0.06,1998-10-17,N
1208,422,3,17,5563.02,0.09,1992-02-26,A
1209,725,1,13,4903.62,0.01,1994-04-18,R
1209,95,2,48,5061.57,0.01,1993-08-25,N
1209,221,3,28,2372.9,0.08,1996-03-06,R
1209,422,4,17,9932.37,0.05,1992-03-18,N
1210,650,1,44,7688.82,0.03,1992-03-14,A
1211,116,1,28,9133.66,0.08,1993-07-11,N
1211,353,2,10,4342.08,0.03,1994-10-08,N
1212,145,1,5,6905.39,0.1,1996-05-04,N
1212,577,2,40,2285.64,0.04,1997-04-14,N
1213,464,1,11,8805.88,0.02,1996-01-11,N
1213,749,2,46,1323.53,0.02,1997-10-07,N
1213,143,3,41,8323.9,0.01,1998-05-15,A
1213,394,4,32,5396.76,0.02,1994-08-04,R
1214,74,1,16,7124.34,0.09,1995-05-03,A
1215,153,1,48,3526.34,0.09,1997-09-23,N
1216,164,1,19,8099.33,0.03,1994-02-23,A
1216,556,2,41,9523.6,0.05,1996-01-02,N
1217,131,1,6,2682.94,0.06,1995-06-13,A
1218,12,1,46,4276.46,0.07,1997-06-14,R
1218,763,2,27,6629.6,0.0,1997-01-24,R
1219,393,1,40,3426.55,0.03,1992-03-08,A
1219,375,2,45,5999.54,0.07,1998-08-07,A
1220,521,1,25,4655.61,0.06,1995-08-16,R
1220,654,2,13,3598.79,0.06,1992-02-05,N
1221,135,1,23,5951.89,0.06,1994-05-26,R
1222,363,1,33,1516.01,0.06,1998-01-26,N
1222,589,2,49,4679.44,0.0,1993-09-24,A
1223,432,1,14,1977.65,0.05,1997-09-04,N
1223,393,2,50,3966.06,0.07,1993-01-13,A
1224,312,1,17,9594.35,0.01,1997-03-14,A
1224,677,2,25,3898.9,0.0,1994-01-01,N
1225,699,1,43,2400.01,0.06,1998-04-08,N
1225,230,2,18,1183.52,0.03,1995-10-14,A
1225,325,3,26,455.82,0.08,1995-04-28,A
1225,777,4,10,5041.56,0.08,1997-03-06,A
1226,587,1,48,2527.72,0.01,1995-10-10,N
1226,487,2,34,4315.88,0.05,1995-11-27,A
1226,102,3,43,740.2,0.09,1996-12-17,A
1227,318,1,43,6946.84,0.09,1992-11-08,N
1228,523,1,25,6222.12,0.0,1997-04-09,R
1228,760,2,30,7635.1,0.07,1998-01-03,N
1229,425,1,49,2674.07,0.06,1994-07-23,A
1229,569,2,14,2079.06,0.04,1998-07-08,N
1230,589,1,47,2120.61,0.06,1995-07-09,N
1231,780,1,21,4166.08,0.07,1996-03-25,N
1232,605,1,14,8767.06,0.0,1997-01-19,R
1232,405,2,5,831.42,0.04,1996-09-26,R
1233,642,1,47,4492.29,0.1,1993-06-22,R
1234,202,1,40,1491.79,0.09,1993-06-13,A
1234,565,2,8,8496.52,0.0,1998-02-11,A
1235,44,1,39,4571.11,0.1,1992-10-12,R
1235,267,2,39,8582.46,0.03,1992-12-16,N
1236,637,1,37,3489.39,0.1,1996-04-15,A
1237,89,1,39,2633.05,0.09,1998-02-24,R
1238,428,1,8,8161.96,0.01,1996-10-16,N
1239,221,1,9,9755.84,0.1,1997-10-13,R
1239,614,2,42,3948.69,0.03,1995-10-05,R
1239,551,3,48,1707.28,0.06,1998-09-07,A
1240,546,1,3,3278.49,0.06,1996-11-16,A
1241,503,1,27,4183.45,0.02,1997-04-06,R
1242,749,1,46,9211.16,0.04,1997-10-05,N
1242,253,2,39,7365.65,0.08,1992-11-16,R
1242,538,3,48,9188.62,0.08,1998-02-12,R
1243,386,1,17,8442.89,0.06,1995-06-02,R
1243,340,2,20,7157.99,0.02,1994-12-23,R
1244,193,1,40,8000.22,0.05,1997-12-20,A
1244,432,2,6,9707.1,0.05,1995-12-05,N
1244,102,3,7,7683.7,0.1,1994-06-01,N
1244,540,4,35,5107.71,0.0,1992-07-05,A
1244,31,5,11,9021.49,0.09,1993-07-17,A
1245,742,1,40,8448.35,0.1,1994-04-27,N
1246,784,1,35,6138.64,0.08,1992-07-26,A
1246,177,2,33,5665.53,0.04,1993-03-14,R
1246,14,3,18,2778.08,0.05,1996-01-09,R
1247,21,1,47,2176.26,0.0,1995-08-14,R
1247,342,2,43,894.78,0.06,1994-02-19,R
1248,186,1,15,1171.18,0.0,1993-09-17,N
1248,402,2,43,1782.56,0.07,1993-05-12,R
1248,283,3,20,9772.34,0.04,1997-09-20,A
1249,266,1,1,5297.13,0.02,1993-12-19,A
1250,729,1,16,7090.81,0.1,1997-10-15,R
1250,683,2,30,2470.09,0.05,1994-06-22,N
1251,782,1,6,6941.98,0.0,1997-04-18,N
1251,379,2,8,8420.69,0.06,1995-10-09,A
1251,502,3,16,1120.83,0.05,1996-12-10,N
1252,220,1,46,4159.14,0.08,1992-05-10,R
1252,685,2,36,5083.6,0.1,1996-01-21,R
1252,208,3,20,243.65,0.07,1996-05-17,R
1253,689,1,22,1469.67,0.09,1997-05-04,R
1254,222,1,42,7388.08,0.08,1998-02-15,A
1254,258,2,23,9133.97,0.1,1994-01-08,R
1254,479,3,43,1180.54,0.1,1997-03-19,A
1254,599,4,9,2950.26,0.05,1992-07-01,R
1255,510,1,3,7042.55,0.07,1997-08-12,A
1255,136,2,19,2070.93,0.09,1994-01-12,N
1256,212,1,12,9770.38,0.07,1995-05-10,R
1256,161,2,35,5810.5,0.07,1993-03-13,A
1257,545,1,36,3415.98,0.03,1996-09-14,A
1258,498,1,1,4314.06,0.08,1992-05-23,A
1258,740,2,24,6582.04,0.07,1998-07-21,A
1259,506,1,29,8407.34,0.1,1995-07-05,A
1260,143,1,45,2852.88,0.06,1994-09-22,R
1260,499,2,17,8517.99,0.08,1994-12-09,A
1260,164,3,21,6889.39,0.04,1995-08-11,A
1260,132,4,7,1560.75,0.02,1992-05-01,N
1261,180,1,22,3940.4,0.0,1992-02-10,R
1261,572,2,14,4535.92,0.09,1996-03-18,R
1262,178,1,48,150.1,0.09,1993-11-06,N
1262,401,2,25,847.7,0.01,1992-06-26,A
1263,104,1,3,7198.04,0.09,1994-04-14,A
1264,795,1,41,1048.97,0.03,1997-12-28,R
1264,596,2,1,6218.58,0.02,1995-07-16,N
1265,480,1,46,1968.03,0.0,1992-06-14,R
1266,698,1,29,3670.36,0.0,1993-04-09,A
1266,308,2,38,2887.51,0.09,1995-02-05,N
1266,85,3,10,1584.92,0.03,1993-05-05,A
1267,323,1,12,1589.6,0.09,1993-08-07,N
1268,578,1,20,7337.21,0.0,1993-08-13,N
1268,39,2,22,3324.67,0.0,1994-01-25,R
1268,105,3,45,3412.37,0.0,1998-10-18,R
1269,103,1,6,8452.51,0.06,1993-05-26,A
1269,782,2,4,3909.07,0.02,1997-01-02,N
1270,60,1,47,4148.64,0.09,1995-12-11,N
1271,369,1,48,2662.37,0.02,1993-07-06,R
1271,459,2,25,827.82,0.0,1994-09-27,R
1272,87,1,9,9629.23,0.07,1998-09-16,N
1273,327,1,3,7998.57,0.08,1992-07-26,R
1273,544,2,12,4379.23,0.06,1994-06-03,R
1274,442,1,47,7694.51,0.02,1997-09-04,R
1274,248,2,7,376.07,0.04,1994-12-08,A
1275,470,1,41,1196.92,0.06,1993-11-01,N
1275,27,2,49,3283.62,0.06,1995-09-20,A
1275,607,3,42,9435.36,0.0,1995-06-04,A
1276,40,1,40,9744.79,0.05,1996-11-08,A
1276,121,2,42,9758.7,0.05,1996-12-10,N
1277,93,1,5,9811.95,0.08,1993-09-10,N
1277,548,2,47,4846.57,0.07,1998-07-01,N
1278,185,1,6,6858.65,0.09,1998-06-02,N
1278,182,2,45,2913.71,0.08,1994-03-07,A
1279,269,1,1,8408.63,0.04,1996-01-10,R
1279,546,2,45,6651.1,0.03,1994-08-28,A
1280,757,1,8,8932.03,0.1,1993-01-27,N
1280,711,2,13,6830.83,0.03,1993-08-07,A
1281,429,1,38,3953.26,0.0,1993-03-22,R
1282,598,1,33,459.48,0.1,1996-06-02,N
1283,546,1,7,7959.05,0.06,1995-01-18,R
1283,316,2,19,2289.63,0.08,1996-04-09,N
1283,492,3,38,1270.05,0.1,1998-10-26,N
1284,775,1,33,6807.32,0.02,1994-01-08,A
1284,558,2,48,9510.45,0.05,1996-04-03,N
1284,416,3,46,3650.63,0.08,1993-12-07,N
1285,592,1,21,8111.86,0.02,1995-09-01,R
1285,738,2,17,7373.69,0.08,1996-01-25,N
1285,110,3,14,5176.06,0.1,1994-11-11,R
1286,139,1,40,7774.38,0.07,1992-08-16,R
1287,655,1,47,4539.12,0.08,1993-06-22,N
1288,63,1,8,9569.45,0.0,1993-02-28,N
1288,212,2,12,5730.02,0.05,1997-02-11,R
1289,586,1,10,1365.04,0.07,1998-06-26,A
1289,561,2,16,6440.81,0.07,1996-07-09,A
1289,14,3,24,3687.93,0.07,1997-07-15,N
1290,644,1,37,5621.67,0.02,1995-01-22,N
1290,464,2,31,5783.14,0.07,1992-04-09,A
1291,298,1,42,1244.31,0.08,1992-06-03,R
1292,131,1,44,6007.32,0.07,1992-01-23,N
1292,573,2,35,5275.96,0.04,1998-10-13,R
1292,213,3,44,1126.89,0.1,1994-03-19,A
1292,643,4,26,2643.38,0.01,1993-01-03,N
1293,489,1,49,6206.49,0.02,1996-04-10,A
1293,596,2,5,174.75,0.08,1993-08-05,A
1294,123,1,42,7071.45,0.04,1994-04-22,N
1295,57,1,1,3078.03,0.0,1997-03-07,R
1295,513,2,17,7111.63,0.0,1993-09-19,A
1296,391,1,26,1222.21,0.07,1998-08-13,N
1297,118,1,48,6782.11,0.02,1994-08-23,N
1297,460,2,27,2641.0,0.09,1995-11-16,R
1298,371,1,41,8087.41,0.1,1994-09-01,N
1299,504,1,3,3043.79,0.1,1998-04-10,N
1300,18,1,8,8339.2,0.08,1992-08-02,R
1300,97,2,24,3078.78,0.08,1994-08-24,R
1301,531,1,17,9284.16,0.04,1992-10-10,N
1302,300,1,28,978.52,0.03,1994-04-01,A
1302,306,2,24,4112.4,0.02,1993-11-03,A
1303,507,1,7,1605.07,0.0,1997-11-05,N
1303,798,2,1,4329.22,0.08,1997-08-14,A
1304,61,1,12,3565.89,0.08,1992-04-07,R
1305,250,1,10,6883.56,0.01,1992-03-26,N
1306,153,1,25,1635.54,0.07,1997-08-21,N
1306,316,2,49,8458.77,0.1,1996-03-21,A
1306,45,3,39,1199.55,0.09,1993-01-11,R
1306,503,4,28,7323.3,0.0,1992-04-17,R
1307,534,1,9,6775.98,0.02,1993-10-27,R
1308,369,1,29,8793.15,0.09,1996-08-07,A
1309,204,1,39,1528.63,0.01,1998-01-24,N
1309,671,2,4,1674.32,0.09,1995-10-07,R
1310,77,1,45,9233.9,0.03,1992-10-03,N
1310,663,2,21,987.9,0.0,1993-11-11,N
1311,675,1,41,5638.86,0.0,1992-08-26,A
1311,606,2,43,8608.73,0.1,1993-11-07,A
1312,534,1,40,4710.96,0.03,1997-04-12,A
1312,421,2,12,2598.85,0.03,1998-10-16,N
1313,482,1,29,6372.24,0.09,1997-11-02,R
1314,678,1,19,3001.94,0.09,1998-07-27,N
1314,502,2,19,8313.31,0.06,1993-06-10,N
1315,394,1,3,9177.07,0.0,1996-07-07,R
1316,544,1,27,972.74,0.08,1994-09-04,N
1317,454,1,42,8733.63,0.06,1992-11-06,R
1317,799,2,46,8130.81,0.01,1998-05-23,R
1317,548,3,12,3370.08,0.07,1997-08-12,N
1317,430,4,11,292.49,0.08,1992-12-14,N
1318,399,1,19,5346.67,0.04,1998-06-23,N
1318,571,2,1,9390.1,0.02,1996-12-06,R
1318,453,3,47,5377.17,0.02,1992-11-22,N
1319,292,1,24,5529.74,0.03,1996-10-20,R
1319,665,2,19,5953.17,0.05,1995-09-17,A
1320,652,1,28,9413.13,0.08,1998-12-25,N
1321,778,1,11,4398.74,0.02,1997-04-22,N
1321,231,2,44,5404.17,0.01,1995-04-10,A
1321,115,3,35,8324.67,0.09,1992-04-25,N
1321,181,4,14,8918.36,0.08,1996-04-22,A
1322,72,1,27,9496.42,0.08,1992-04-23,A
1323,88,1,9,1527.27,0.01,1994-04-27,R
1323,70,2,43,2180.28,0.07,1995-10-28,A
1324,38,1,7,2290.47,0.07,1992-10-12,R
1324,546,2,1,1406.68,0.01,1994-05-13,R
1325,362,1,46,7361.36,0.04,1998-05-23,R
1325,315,2,32,7301.87,0.09,1993-01-15,N
1326,262,1,7,6048.04,0.01,1993-04-17,R
1327,30,1,34,5673.31,0.02,1997-12-09,R
1327,112,2,47,7637.67,0.0,1994-04-14,A
1327,272,3,21,6310.75,0.02,1996-08-11,N
1328,211,1,3,185.59,0.09,1997-03-16,N
1328,217,2,40,6122.86,0.03,1992-06-18,R
1329,145,1,4,7639.23,0.03,1994-04-25,A
1330,420,1,22,8809.3,0.07,1995-09-01,A
1331,335,1,38,1007.33,0.07,1993-12-03,R
1332,387,1,12,6486.19,0.09,1994-10-23,R
1332,611,2,36,810.56,0.0,1993-08-17,R
1332,298,3,39,4749.57,0.06,1996-04-06,A
1333,766,1,34,1721.42,0.1,1997-09-02,R
1333,21,2,48,2982.64,0.07,1994-03-02,A
1334,73,1,32,7292.68,0.02,1994-08-21,R
1334,194,2,20,4335.23,0.08,1995-03-14,N
1334,670,3,28,2176.85,0.07,1996-04-07,R
1334,705,4,7,7061.58,0.04,1992-03-19,N
1335,341,1,45,3206.1,0.1,1994-10-18,A
1335,733,2,37,766.94,0.05,1996-04-08,A
1336,224,1,30,7927.03,0.02,1997-05-09,N
1336,265,2,48,3485.5,0.02,1992-02-09,R
1336,198,3,42,8073.18,0.03,1996-05-23,A
1337,156,1,2,4469.19,0.02,1993-12-07,A
1338,593,1,32,8832.62,0.0,1998-07-01,A
1339,47,1,40,6806.72,0.01,1995-05-04,A
1339,728,2,15,6765.25,0.09,1992-04-27,A
1339,457,3,11,8119.46,0.04,1995-05-26,R
1340,503,1,30,8800.52,0.0,1995-11-28,N
1340,227,2,9,1382.9,0.03,1993-07-01,R
1340,214,3,3,3769.37,0.06,1997-06-16,A
1341,151,1,48,4288.81,0.01,1998-02-19,A
1342,564,1,30,7034.03,0.1,1995-08-03,A
1342,671,2,30,3783.38,0.02,1995-04-03,N
1343,192,1,5,4642.87,0.06,1995-01-15,A
1343,196,2,1,3719.14,0.02,1995-12-12,A
1343,709,3,30,6397.14,0.04,1997-02-08,R
1344,513,1,33,6453.45,0.03,1996-11-06,N
1344,501,2,41,2967.29,0.07,1994-04-15,R
1344,527,3,45,4477.43,0.08,1994-06-17,R
1345,514,1,41,2101.45,0.04,1995-08-22,N
1345,465,2,36,6027.4,0.08,1992-11-19,R
1345,6,3,38,4375.45,0.04,1994-11-25,N
1346,428,1,34,8606.43,0.08,1992-10-15,A
1346,759,2,11,582.74,0.02,1996-02-06,A
1347,273,1,28,8480.94,0.08,1997-11-18,R
1347,239,2,35,3695.12,0.04,1993-12-19,A
1348,541,1,13,8306.14,0.08,1993-08-05,R
1348,212,2,25,4996.01,0.02,1995-07-27,R
1349,644,1,18,9538.8,0.09,1992-08-21,N
1349,292,2,46,4939.27,0.08,1992-06-27,A
1349,81,3,37,8535.19,0.05,1992-12-05,R
1350,364,1,22,1144.77,0.03,1996-09-11,A
1350,347,2,35,3743.9,0.03,1995-08-11,R
1351,595,1,30,3891.2,0.09,1998-04-15,R
1352,162,1,23,9356.28,0.08,1995-06-02,N
1352,471,2,35,8908.29,0.04,1993-02-19,A
1352,280,3,35,4974.79,0.03,1997-01-09,N
1353,580,1,15,7659.39,0.04,1993-02-11,R
1354,73,1,44,3769.68,0.02,1998-12-08,R
1355,27,1,22,9649.27,0.03,1995-12-26,R
1355,76,2,16,4918.61,0.07,1995-07-07,A
1356,284,1,36,766.05,0.0,1995-02-11,R
1356,149,2,26,3783.78,0.1,1995-01-12,A
1357,69,1,36,4077.86,0.02,1992-10-05,R
1358,178,1,23,4678.36,0.08,1992-01-01,A
1358,755,2,11,6101.91,0.04,1997-05-28,A
1359,23,1,23,3215.14,0.01,1994-09-18,N
1359,697,2,10,940.59,0.01,1996-04-26,A
1359,737,3,38,3143.49,0.08,1995-04-28,R
1360,584,1,7,130.33,0.02,1998-05-04,R
1360,687,2,19,4232.06,0.08,1992-02-22,N
1361,129,1,7,4826.81,0.08,1992-02-16,A
1361,379,2,24,2397.46,0.08,1996-06-22,N
1361,223,3,10,8172.44,0.07,1996-06-07,N
1361,105,4,37,3827.86,0.05,1994-08-21,R
1362,286,1,48,5057.66,0.06,1994-10-22,A
1362,243,2,18,4936.73,0.06,1996-08-04,N
1362,345,3,11,2121.2,0.03,1997-02-04,R
1363,658,1,34,6907.32,0.1,1993-01-11,R
1364,207,1,21,8466.55,0.05,1992-08-22,A
1364,634,2,49,7125.24,0.04,1992-05-15,R
1364,722,3,38,8178.58,0.02,1995-11-07,A
1364,142,4,15,162.37,0.06,1992-10-16,N
1364,622,5,34,5949.56,0.02,1992-02-11,N
1365,681,1,20,3917.19,0.09,1995-05-25,A
1365,322,2,45,5662.31,0.02,1993-10-08,R
1366,611,1,7,1836.22,0.07,1993-06-07,N
1366,596,2,22,3416.57,0.02,1994-11-24,R
1366,77,3,34,1168.71,0.01,1997-11-03,N
1367,545,1,27,5318.66,0.09,1992-05-28,R
1368,476,1,29,2819.26,0.1,1996-03-21,R
1368,397,2,20,8551.75,0.1,1993-07-04,A
1369,13,1,18,9494.91,0.05,1998-10-05,R
1369,137,2,32,7120.88,0.05,1995-11-04,R
1369,629,3,36,9810.91,0.03,1995-08-23,R
1370,484,1,10,1512.39,0.08,1996-06-20,R
1370,331,2,38,7500.32,0.05,1995-07-12,R
1371,456,1,37,6743.48,0.03,1997-07-22,A
1371,707,2,35,1427.55,0.09,1994-04-24,A
1371,589,3,13,1908.76,0.01,1993-02-28,A
1372,585,1,3,4823.17,0.05,1995-05-16,N
1373,471,1,34,4956.29,0.04,1995-02-15,N
1374,608,1,11,6569.9,0.01,1996-01-13,R
1374,349,2,27,8769.34,0.04,1998-10-08,A
1374,141,3,34,9461.39,0.01,1994-02-19,R
1375,222,1,45,2537.58,0.09,1995-09-05,A
1375,341,2,19,7807.71,0.01,1992-05-14,N
1376,496,1,43,1653.89,0.04,1997-03-21,N
1376,21,2,6,8977.0,0.1,1997-12-14,A
1377,115,1,24,7724.48,0.09,1992-01-27,A
1377,733,2,4,9173.57,0.01,1998-09-15,R
1377,410,3,1,1300.31,0.08,1992-08-07,A
1377,348,4,42,2617.98,0.04,1998-10-09,N
1377,305,5,5,7481.95,0.02,1994-07-22,A
1378,343,1,6,9978.52,0.1,1998-11-12,N
1378,303,2,33,3487.63,0.01,1997-07-06,A
1379,509,1,47,9353.23,0.0,1995-10-25,R
1380,702,1,40,9751.92,0.02,1992-05-18,N
1381,600,1,17,6635.3,0.03,1996-10-28,A
1382,18,1,38,1240.3,0.04,1998-07-11,R
1382,58,2,48,5665.87,0.1,1996-04-09,N
1382,128,3,23,7952.23,0.03,1993-01-15,R
1382,618,4,23,219.08,0.04,1994-07-11,N
1383,766,1,43,7864.67,0.05,1992-03-20,A
1384,464,1,6,8783.97,0.09,1997-11-02,A
1384,330,2,10,3361.86,0.08,1998-06-19,N
1385,741,1,9,1210.01,0.01,1993-11-27,N
1385,690,2,18,3740.67,0.08,1998-05-12,N
1385,143,3,12,8807.57,0.04,1997-01-16,R
1386,421,1,42,3318.3,0.04,1998-09-19,A
1387,310,1,28,4765.72,0.06,1996-06-14,A
1388,127,1,19,5384.21,0.1,1998-05-21,N
1388,350,2,15,6715.57,0.09,1993-07-15,N
1388,81,3,49,380.77,0.01,1996-10-21,A
1389,422,1,19,4205.19,0.08,1996-10-22,N
1389,528,2,6,972.1,0.04,1995-06-05,A
1389,707,3,9,3042.69,0.0,1993-04-09,A
1390,139,1,1,3143.45,0.1,1996-01-18,A
1390,741,2,49,6243.79,0.05,1998-04-18,A
1391,118,1,1,7224.04,0.05,1998-03-25,A
1391,256,2,1,1047.62,0.06,1998-10-18,N
1391,198,3,44,4535.88,0.1,1993-03-11,R
1392,766,1,24,7791.12,0.04,1994-05-02,N
1392,712,2,9,7695.8,0.06,1997-05-16,N
1393,507,1,10,8730.12,0.05,1998-09-28,A
1393,574,2,19,7804.23,0.07,1995-07-03,N
1393,200,3,6,6496.95,0.1,1995-01-11,A
1394,466,1,34,6563.28,0.08,1994-09-01,A
1394,537,2,39,2016.82,0.0,1995-08-04,R
1395,317,1,20,7318.17,0.03,1995-11-15,R
1396,194,1,49,9490.05,0.1,1997-06-06,N
1396,365,2,21,6483.98,0.01,1994-08-22,N
1397,14,1,23,9665.86,0.07,1995-05-22,N
1397,55,2,26,844.16,0.08,1992-05-01,N
1398,616,1,34,1587.15,0.08,1997-08-09,N
1398,282,2,45,5154.05,0.02,1992-08-24,A
1399,653,1,50,5406.56,0.02,1995-10-13,A
1400,380,1,30,8933.61,0.09,1993-03-12,A
1400,371,2,5,1722.78,0.01,1997-01-17,A
1400,306,3,22,9577.9,0.03,1995-06-07,N
1401,329,1,47,596.67,0.0,1995-09-05,N
1401,563,2,46,4735.84,0.0,1992-05-14,R
1402,519,1,1,9391.73,0.06,1998-07-17,R
1402,650,2,21,2663.0,0.05,1997-11-06,N
1402,489,3,18,2004.21,0.03,1995-04-15,N
1403,603,1,18,7088.65,0.06,1997-01-25,R
1404,716,1,23,2277.7,0.1,1994-12-24,R
1405,253,1,16,2862.55,0.05,1995-03-02,A
1405,621,2,14,8283.24,0.06,1997-09-20,R
1406,560,1,36,1695.72,0.04,1995-07-27,A
1406,522,2,18,3811.61,0.06,1994-07-21,N
1407,659,1,35,5378.83,0.09,1998-06-20,N
1408,401,1,34,573.95,0.0,1993-12-08,N
1409,588,1,1,2583.79,0.06,1996-04-11,R
1410,281,1,45,9137.52,0.03,1993-09-28,A
1410,391,2,38,7632.56,0.05,1996-04-01,R
1411,772,1,34,3623.98,0.1,1994-10-01,R
1412,757,1,39,9224.07,0.09,1996-03-23,N
1413,295,1,10,7865.29,0.05,1996-02-07,A
1414,193,1,20,1516.36,0.03,1997-06-06,N
1414,629,2,14,468.97,0.04,1994-04-22,A
1414,180,3,31,6357.24,0.08,1997-02-06,N
1414,647,4,38,2310.74,0.03,1994-01-03,R
1415,403,1,40,1374.61,0.07,1995-07-07,R
1416,688,1,19,5174.29,0.06,1996-11-28,R
1417,34,1,4,5226.68,0.07,1998-12-28,R
1417,554,2,39,1027.03,0.06,1993-07-18,A
1417,524,3,38,1373.03,0.1,1994-01-10,A
1418,560,1,9,7525.94,0.03,1993-06-04,N
1419,342,1,9,9569.72,0.03,1993-06-17,R
1420,530,1,11,5424.64,0.01,1997-06-12,N
1420,536,2,34,3391.2,0.07,1992-02-16,N
1421,466,1,27,311.66,0.03,1993-04-25,N
1421,205,2,28,9323.27,0.07,1995-10-12,A
1422,377,1,39,2033.52,0.09,1993-09-19,R
1423,379,1,14,9279.94,0.09,1993-10-28,N
1424,606,1,28,7257.09,0.03,1993-06-28,R
1424,379,2,13,3106.21,0.02,1998-11-20,R
1425,628,1,41,1382.6,0.04,1996-04-28,A
1425,249,2,28,8513.43,0.04,1996-05-08,A
1425,596,3,16,9480.24,0.02,1996-01-06,A
1426,380,1,1,652.92,0.06,1996-09-23,N
1427,647,1,44,3423.09,0.06,1993-09-17,A
1427,476,2,24,3285.32,0.05,1994-12-13,A
1427,712,3,2,9260.27,0.06,1997-09-14,N
1428,407,1,22,3615.56,0.01,1995-11-27,N
1428,425,2,46,1877.42,0.02,1997-08-28,N
1428,728,3,18,6400.56,0.01,1994-11-03,N
1428,333,4,47,5228.52,0.03,1992-05-13,A
1428,381,5,18,7949.33,0.1,1992-12-03,R
1428,726,6,17,1390.01,0.06,1998-06-25,A
1429,577,1,45,3046.56,0.08,1996-12-05,R
1429,12,2,18,3425.15,0.05,1998-02-26,N
1429,409,3,42,6054.03,0.03,1993-09-07,R
1429,116,4,36,763.41,0.07,1998-08-01,A
1430,262,1,5,5793.72,0.09,1992-04-14,N
1430,524,2,18,2119.83,0.04,1993-04-28,R
1431,441,1,48,5971.79,0.07,1996-03-12,R
1432,612,1,15,5990.63,0.08,1992-06-01,A
1433,765,1,27,4991.23,0.06,1995-08-04,A
1433,662,2,38,3580.0,0.02,1994-02-18,R
1433,87,3,8,8443.41,0.09,1998-11-14,R
1433,703,4,3,5921.04,0.09,1998-06-12,A
1434,621,1,49,101.26,0.02,1994-11-06,R
1434,81,2,7,1422.18,0.07,1997-08-02,R
1434,192,3,37,2412.72,0.0,1998-07-03,A
1434,333,4,14,586.12,0.1,1995-07-05,R
1435,54,1,7,4449.09,0.06,1994-01-25,A
1435,378,2,41,3082.12,0.01,1998-08-22,N
1435,11,3,8,5352.07,0.1,1998-05-15,A
1436,31,1,28,8651.51,0.03,1994-12-09,A
1437,387,1,1,5644.38,0.07,1997-07-05,N
1437,635,2,39,1744.76,0.05,1998-09-17,R
1438,609,1,5,4155.27,0.07,1992-03-12,A
1438,766,2,13,9991.05,0.03,1998-10-19,N
1438,540,3,18,8067.67,0.1,1997-08-17,A
1439,615,1,32,366.61,0.08,1995-12-25,A
1440,148,1,10,9036.1,0.01,1995-01-18,A
1441,148,1,15,1325.84,0.01,1993-06-04,A
1441,414,2,19,9663.91,0.1,1996-04-03,A
1442,775,1,31,8735.48,0.08,1995-12-26,N
1442,702,2,36,4375.45,0.04,1998-10-21,A
1443,168,1,38,3760.02,0.07,1994-03-01,N
1443,406,2,21,6432.5,0.04,1995-12-09,A
1443,123,3,40,9082.42,0.02,1992-09-10,N
1443,724,4,46,5437.26,0.03,1992-12-02,R
1444,194,1,39,6829.05,0.01,1997-06-28,A
1445,357,1,46,5554.96,0.06,1998-11-11,R
1446,585,1,46,5648.69,0.06,1996-04-03,N
1446,550,2,34,4462.46,0.06,1994-04-18,A
1447,79,1,32,3113.37,0.02,1993-07-13,N
1448,184,1,25,1322.55,0.04,1997-09-23,R
1448,649,2,17,2255.83,0.04,1995-03-02,N
1448,183,3,40,2076.93,0.0,1997-04-28,A
1449,558,1,43,920.78,0.05,1998-10-21,A
1449,48,2,9,5352.16,0.08,1996-04-22,R
1450,738,1,37,2525.93,0.01,1998-11-21,N
1451,620,1,18,1108.7,0.09,1997-09-05,N
1451,44,2,39,8229.5,0.02,1995-04-09,R
1452,402,1,3,5567.98,0.08,1995-02-21,A
1452,270,2,12,9050.1,0.08,1993-05-14,A
1453,603,1,46,7381.07,0.03,1997-06-15,A
1453,751,2,4,8315.98,0.06,1997-11-21,R
1453,590,3,11,2866.29,0.0,1998-08-25,N
1454,347,1,50,2667.63,0.02,1996-04-25,R
1455,287,1,4,1376.01,0.02,1995-07-23,N
1455,499,2,50,9444.63,0.01,1995-10-06,A
1456,692,1,20,6985.69,0.06,1998-10-16,N
1456,638,2,48,1958.22,0.08,1995-06-18,R
1456,712,3,16,9161.53,0.08,1993-06-03,A
1456,376,4,5,6560.96,0.07,1996-03-02,N
1457,5,1,28,3128.66,0.07,1994-05-15,N
1457,243,2,40,6680.53,0.03,1995-11-24,A
1458,778,1,17,1806.07,0.09,1994-03-25,R
1458,686,2,25,4434.86,0.02,1998-03-13,A
1459,582,1,3,7820.97,0.0,1998-04-16,A
1460,156,1,9,2394.41,0.08,1993-02-23,R
1461,720,1,29,7224.27,0.01,1995-03-09,A
1462,563,1,38,4211.0,0.04,1993-07-04,R
1463,761,1,7,7799.67,0.09,1992-03-17,R
1463,416,2,4,7455.1,0.04,1992-06-22,A
1464,257,1,10,3361.87,0.07,1994-04-01,R
1465,553,1,8,7714.64,0.04,1996-05-08,A
1465,699,2,17,2889.13,0.1,1997-11-17,A
1465,330,3,10,2413.69,0.03,1993-12-22,A
1465,679,4,31,6495.7,0.02,1998-03-01,R
1466,4,1,30,518.16,0.03,1998-02-18,A
1466,759,2,11,5190.7,0.03,1992-10-03,A
1466,703,3,22,3609.11,0.02,1994-08-12,A
1466,574,4,37,1677.05,0.02,1997-03-02,A
1467,777,1,16,5632.05,0.05,1992-04-18,N
1467,165,2,46,1311.38,0.08,1998-03-12,A
1468,56,1,15,1589.97,0.0,1993-03-28,N
1469,657,1,32,8478.14,0.08,1994-02-02,R
1469,38,2,38,9860.0,0.01,1995-10-05,N
1469,633,3,3,4270.81,0.03,1994-08-20,R
1469,542,4,16,3684.83,0.05,1992-06-27,A
1470,138,1,36,710.71,0.1,1995-05-07,R
1470,492,2,50,5798.34,0.1,1997-06-12,N
1470,207,3,22,6051.77,0.02,1997-10-05,N
1470,759,4,43,5675.42,0.0,1998-04-11,R
1471,290,1,4,9355.49,0.0,1997-11-15,N
1471,228,2,1,5666.14,0.04,1994-01-26,N
1471,656,3,9,2922.97,0.09,1998-03-24,R
1472,490,1,7,4977.54,0.06,1997-01-04,R
1472,541,2,22,2017.22,0.01,1995-03-13,R
1473,310,1,15,4703.23,0.05,1996-08-27,R
1473,599,2,27,641.3,0.04,1994-02-20,R
1474,675,1,34,7260.76,0.09,1998-08-19,N
1474,137,2,23,1390.05,0.08,1998-12-27,A
1475,440,1,14,6288.41,0.07,1998-04-04,N
1476,18,1,20,8121.11,0.01,1997-12-27,N
1476,342,2,27,1819.73,0.04,1998-12-22,N
1477,161,1,17,6562.65,0.07,1996-11-14,R
1478,765,1,43,9249.58,0.05,1995-05-02,N
1478,531,2,12,5274.61,0.03,1996-05-09,N
1479,553,1,47,1313.52,0.08,1995-07-08,N
1480,354,1,34,2771.63,0.0,1996-11-14,R
1480,104,2,3,733.51,0.08,1992-08-05,A
1481,640,1,35,5255.19,0.05,1996-12-28,R
1482,666,1,1,6762.11,0.06,1997-03-10,N
1482,171,2,34,6241.82,0.04,1993-03-06,R
1483,103,1,50,5006.09,0.0,1992-04-02,A
1484,697,1,47,1754.76,0.02,1997-11-06,A
1485,389,1,38,3500.99,0.1,1998-07-03,R
1486,343,1,21,6423.47,0.03,1992-04-16,A
1486,590,2,4,2005.26,0.07,1997-01-05,N
1486,758,3,8,1651.8,0.02,1996-03-18,A
1487,53,1,26,4325.68,0.06,1994-04-10,N
1487,72,2,49,5047.05,0.1,1993-03-27,N
1488,433,1,37,9673.06,0.09,1993-06-02,R
1489,72,1,37,4387.35,0.04,1992-09-11,A
1490,474,1,27,372.15,0.09,1994-07-14,A
1490,291,2,15,805.58,0.08,1993-09-18,N
1491,603,1,33,639.13,0.0,1992-12-24,A
1491,77,2,14,5146.94,0.05,1993-12-12,N
1492,229,1,35,1833.39,0.08,1995-02-25,R
1492,416,2,48,7506.22,0.01,1992-09-17,R
1492,374,3,23,8446.01,0.03,1997-08-08,R
1492,195,4,3,6505.15,0.09,1996-02-24,A
1493,682,1,37,8063.64,0.07,1993-01-14,R
1493,359,2,9,3543.52,0.01,1997-11-21,A
1494,513,1,6,3963.07,0.07,1998-08-09,A
1495,416,1,33,2979.89,0.07,1998-02-24,A
1495,533,2,25,2960.94,0.1,1993-03-06,R
1495,271,3,35,7235.87,0.01,1998-03-17,N
1496,472,1,34,4132.11,0.0,1995-09-09,N
1496,64,2,23,8169.22,0.08,1992-03-20,A
1497,758,1,14,4309.67,0.09,1994-06-02,R
1497,171,2,44,6512.09,0.06,1996-02-07,N
1497,672,3,49,9206.92,0.09,1997-06-06,N
1498,396,1,34,6937.45,0.0,1998-10-28,N
1498,81,2,33,3488.65,0.1,1997-12-12,A
1498,432,3,23,7336.18,0.03,1996-06-12,A
1499,659,1,25,3011.87,0.09,1997-01-19,N
1500,739,1,48,4877.02,0.01,1992-02-26,R
1500,536,2,13,8951.62,0.02,1993-03-13,N
1500,173,3,50,8495.86,0.02,1997-07-16,A
1501,438,1,29,3005.78,0.01,1998-08-09,A
1501,341,2,46,2187.58,0.02,1995-09-12,N
1501,53,3,27,4255.62,0.03,1996-12-17,R
1502,386,1,9,9377.81,0.04,1994-12-21,N
1502,237,2,35,6905.95,0.04,1997-03-10,A
1502,494,3,48,3012.68,0.01,1997-04-15,R
1502,715,4,38,2665.45,0.1,1997-09-22,R
1502,344,5,46,432.17,0.08,1998-06-19,N
1503,645,1,33,3055.48,0.03,1996-01-24,R
1503,537,2,9,5276.48,0.03,1996-12-27,N
1504,522,1,40,4869.13,0.06,1992-05-05,A
1505,703,1,10,7120.0,0.05,1998-11-07,R
1505,711,2,42,2858.83,0.09,1993-05-15,N
1505,222,3,20,2472.56,0.05,1997-02-13,N
1506,329,1,6,143.4,0.08,1992-03-25,A
1506,755,2,21,7520.08,0.0,1997-01-13,R
1507,552,1,12,828.78,0.1,1998-09-03,A
1507,378,2,7,103.1,0.07,1996-01-01,A
1507,411,3,10,7089.44,0.09,1994-07-18,A
1507,558,4,9,9776.23,0.04,1998-11-28,R
1508,468,1,36,9525.78,0.0,1996-09-16,A
1508,670,2,21,2655.68,0.06,1996-06-21,A
1509,334,1,45,7585.05,0.03,1994-09-05,R
1510,556,1,27,3320.07,0.08,1996-10-18,N
1510,284,2,22,6159.09,0.09,1997-10-06,R
1510,171,3,27,2656.57,0.09,1993-06-18,R
1510,696,4,42,843.93,0.0,1994-01-13,R
1511,632,1,35,2334.1,0.03,1994-10-27,A
1512,137,1,49,2962.65,0.06,1994-02-24,A
1512,280,2,25,4413.96,0.09,1996-07-23,R
1513,19,1,45,7074.74,0.09,1998-02-15,N
1514,768,1,47,8968.49,0.0,1992-12-23,R
1515,419,1,9,5727.03,0.05,1997-06-10,A
1516,510,1,4,2133.67,0.1,1997-06-21,N
1517,217,1,19,1517.81,0.09,1995-05-07,R
1518,302,1,27,1667.42,0.04,1994-09-14,R
1518,138,2,32,7386.9,0.02,1995-05-14,R
1519,611,1,21,446.24,0.01,1997-05-21,A
1519,550,2,50,256.18,0.03,1994-06-21,N
1520,542,1,18,2335.72,0.08,1992-08-12,R
1520,265,2,46,8574.1,0.03,1998-05-11,A
1521,561,1,11,876.8,0.09,1998-08-05,A
1521,481,2,28,144.57,0.02,1993-09-25,R
1522,409,1,50,8682.34,0.07,1996-03-23,N
1523,445,1,23,8338.92,0.01,1992-12-14,R
1524,516,1,28,2810.0,0.04,1995-04-18,A
1524,224,2,31,6632.83,0.03,1995-07-04,R
1525,28,1,49,9598.57,0.01,1998-01-08,A
1525,511,2,30,5873.6,0.02,1995-01-02,A
1526,118,1,5,5451.11,0.02,1992-08-24,A
1527,90,1,49,2103.07,0.0,1998-05-27,R
1527,29,2,44,7115.4,0.03,1992-10-11,A
1528,257,1,38,9803.64,0.04,1995-05-07,N
1529,298,1,15,8601.61,0.08,1996-05-17,R
1529,654,2,13,4343.86,0.02,1992-01-04,R
1529,202,3,36,2282.42,0.01,1994-08-22,N
1530,440,1,38,2156.33,0.07,1997-03-22,N
1530,349,2,24,9315.92,0.01,1994-02-12,A
1531,53,1,44,957.72,0.06,1996-02-04,A
1531,340,2,2,7355.53,0.05,1993-09-01,R
1532,208,1,13,2779.68,0.04,1994-04-13,A
1532,696,2,36,4243.5,0.07,1998-08-20,A
1533,564,1,24,9444.58,0.0,1993-08-07,A
1533,751,2,19,6159.96,0.1,1995-01-05,R
1533,125,3,12,785.78,0.03,1992-01-19,R
1534,160,1,43,9657.79,0.02,1997-12-26,N
1534,322,2,1,3259.09,0.03,1993-01-02,N
1535,505,1,33,3386.72,0.06,1994-12-07,N
1535,644,2,27,4803.96,0.1,1995-02-20,R
1536,151,1,25,2534.94,0.08,1994-01-07,A
1537,486,1,18,3200.76,0.02,1994-03-18,N
1537,143,2,3,9395.14,0.04,1996-12-12,N
1537,470,3,19,4498.09,0.04,1992-03-06,N
1538,527,1,10,7460.1,0.02,1993-02-09,R
1539,534,1,37,9573.14,0.09,1995-06-12,R
1539,216,2,11,9776.43,0.07,1993-11-16,N
1540,260,1,47,6236.75,0.07,1997-10-04,N
1541,67,1,49,5803.91,0.1,1993-03-18,R
1542,623,1,33,3186.3,0.04,1994-05-09,N
1542,103,2,32,6398.29,0.02,1998-03-23,N
1543,140,1,13,7811.46,0.05,1992-01-22,R
1544,575,1,33,4741.62,0.06,1997-06-08,N
1545,626,1,12,4484.02,0.1,1993-02-10,N
1546,408,1,26,9373.61,0.04,1992-11-23,N
1547,600,1,17,2700.68,0.02,1992-10-02,R
1548,794,1,31,6769.07,0.02,1997-08-08,N
1548,266,2,28,7964.0,0.0,1993-08-01,N
1548,239,3,4,4277.66,0.0,1997-07-28,N
1549,421,1,46,8282.82,0.07,1993-03-22,A
1549,180,2,50,7158.16,0.04,1992-03-16,R
1550,227,1,12,2811.38,0.01,1998-06-12,A
1550,62,2,17,5535.92,0.1,1998-12-05,A
1551,410,1,47,5029.4,0.1,1998-08-03,N
1552,344,1,36,6389.32,0.03,1992-03-24,R
1552,681,2,22,5125.57,0.09,1994-04-19,R
1553,521,1,4,2915.53,0.0,1992-11-20,N
1553,191,2,40,2621.23,0.05,1997-11-27,A
1553,780,3,15,7088.35,0.09,1993-02-28,R
1553,385,4,27,9881.55,0.04,1993-04-15,A
1554,116,1,26,3564.43,0.09,1996-01-02,A
1555,571,1,39,7135.67,0.0,1997-12-13,N
1556,185,1,23,3349.2,0.05,1993-06-11,N
1556,126,2,7,5744.4,0.01,1993-06-12,R
1556,174,3,4,4690.72,0.04,1997-07-15,A
1557,145,1,30,7899.66,0.02,1997-10-01,R
1557,2,2,6,867.41,0.06,1993-11-10,R
1557,17,3,1,7352.27,0.07,1992-11-06,A
1557,603,4,21,7681.76,0.1,1996-12-15,R
1558,388,1,49,2169.85,0.0,1995-09-23,N
1559,771,1,5,4466.12,0.01,1998-04-22,R
1559,381,2,26,4141.85,0.03,1995-01-26,A
1560,417,1,3,2238.84,0.1,1994-01-27,R
1561,87,1,19,6955.02,0.04,1998-01-19,R
1561,427,2,41,2826.86,0.07,1995-04-09,A
1562,58,1,8,1747.38,0.09,1998-11-15,R
1562,354,2,49,1395.43,0.09,1993-02-05,A
1563,756,1,22,286.05,0.04,1998-11-28,R
1563,466,2,14,6117.5,0.07,1996-08-18,R
1564,538,1,45,1478.06,0.04,1998-12-23,R
1564,626,2,43,9807.72,0.07,1996-12-04,A
1565,611,1,36,154.2,0.0,1997-07-05,N
1565,327,2,34,1562.23,0.1,1993-01-21,R
1565,153,3,44,7314.12,0.01,1997-10-26,R
1565,665,4,43,3795.35,0.07,1998-01-10,N
1566,28,1,47,417.54,0.09,1993-04-14,N
1566,246,2,12,5021.76,0.07,1998-04-08,A
1567,105,1,40,3974.68,0.02,1997-08-26,A
1567,180,2,14,8397.15,0.09,1992-07-06,R
1567,125,3,49,5848.03,0.09,1994-09-12,A
1568,354,1,29,7890.38,0.09,1992-08-20,R
1569,155,1,3,4962.56,0.01,1995-08-10,N
1569,172,2,26,2581.27,0.02,1997-12-19,N
1570,515,1,36,8707.21,0.02,1998-02-17,N
1571,633,1,13,2482.52,0.03,1998-11-23,A
1572,188,1,29,8225.31,0.0,1997-08-02,R
1573,463,1,37,4738.95,0.0,1998-08-20,A
1574,79,1,16,2485.11,0.05,1997-10-12,N
1575,145,1,20,3284.86,0.02,1998-11-24,N
1575,790,2,7,8378.06,0.09,1995-10-05,A
1575,569,3,27,2578.19,0.08,1992-12-06,R
1576,382,1,34,3896.65,0.08,1992-04-11,A
1576,368,2,28,2349.97,0.05,1998-04-05,R
1576,116,3,31,3333.86,0.1,1998-06-25,A
1576,491,4,25,957.56,0.09,1994-09-01,R
1577,109,1,50,7954.1,0.05,1998-09-19,N
1577,65,2,22,3087.32,0.02,1998-05-26,A
1578,144,1,3,5945.72,0.02,1997-10-21,N
1579,523,1,10,1850.86,0.08,1996-04-28,A
1579,596,2,1,7655.99,0.07,1995-11-22,N
1580,248,1,44,9986.49,0.02,1997-01-08,A
1581,566,1,16,9862.31,0.08,1992-06-09,N
1581,714,2,43,137.15,0.09,1997-09-10,R
1581,488,3,24,1151.18,0.08,1993-03-24,N
1582,476,1,33,5790.3,0.03,1997-12-22,A
1582,778,2,31,4008.34,0.01,1994-05-07,R
1583,163,1,42,7551.14,0.0,1994-04-03,A
1583,431,2,15,8909.62,0.1,1993-12-01,N
1584,590,1,3,3118.71,0.01,1994-11-22,R
1585,585,1,45,2363.7,0.1,1996-09-11,N
1585,223,2,27,8140.98,0.06,1996-01-27,A
1585,184,3,17,5667.83,0.07,1993-06-08,A
1585,294,4,8,9824.13,0.07,1998-05-21,A
1585,172,5,41,2286.56,0.06,1998-09-22,A
1586,599,1,42,2280.79,0.03,1998-03-13,A
1586,107,2,37,9432.86,0.07,1995-07-21,N
1586,747,3,35,6617.75,0.1,1993-03-17,A
1587,268,1,20,2852.7,0.1,1997-12-18,A
1588,531,1,9,4892.45,0.07,1992-10-07,N
1589,96,1,32,8587.49,0.0,1993-09-01,R
1589,389,2,30,1803.43,0.0,1994-03-23,N
1589,326,3,25,2771.18,0.04,1995-03-25,N
1590,509,1,19,3339.72,0.0,1996-03-22,R
1591,111,1,39,2739.14,0.1,1996-10-18,R
1592,358,1,43,1589.61,0.09,1998-12-27,N
1592,381,2,23,6683.08,0.08,1998-01-05,A
1592,475,3,38,1815.04,0.07,1998-03-06,R
1592,547,4,46,7587.65,0.01,1998-08-03,N
1593,195,1,23,7671.66,0.1,1997-05-16,A
1593,270,2,6,9952.41,0.06,1994-12-24,A
1594,138,1,4,5041.12,0.0,1997-12-23,R
1594,465,2,47,8376.37,0.05,1994-04-01,R
1594,235,3,30,4528.11,0.02,1994-10-12,N
1595,232,1,9,2149.87,0.02,1997-10-09,R
1596,638,1,20,7829.92,0.02,1995-11-05,R
1596,579,2,36,4301.77,0.02,1998-02-04,A
1597,605,1,35,7122.22,0.0,1992-07-06,A
1597,432,2,41,987.84,0.04,1994-11-11,R
1597,559,3,7,3416.25,0.06,1995-08-03,R
1597,707,4,8,7795.97,0.01,1998-08-12,N
1597,247,5,36,1745.13,0.03,1996-06-03,N
1598,166,1,15,9347.49,0.02,1992-09-15,R
1598,551,2,45,2905.08,0.01,1997-06-24,N
1598,674,3,15,9185.79,0.02,1996-03-15,A
1599,427,1,1,3289.58,0.04,1995-09-20,A
1599,281,2,18,641.44,0.08,1998-07-25,N
1599,182,3,45,1386.32,0.09,1997-10-01,R
1600,116,1,10,739.75,0.02,1997-10-12,R
1600,464,2,26,7391.09,0.07,1997-09-13,R
1601,177,1,6,8367.04,0.03,1998-08-27,N
1602,607,1,9,865.71,0.07,1998-11-15,R
1602,290,2,35,2507.69,0.1,1993-03-06,N
1602,208,3,19,6334.36,0.05,1998-01-01,R
1602,198,4,44,5130.08,0.06,1992-04-14,R
1602,738,5,22,7273.35,0.07,1992-06-05,N
1603,517,1,3,3680.59,0.0,1994-04-19,R
1603,97,2,19,8824.22,0.06,1996-12-07,A
1603,702,3,17,8584.88,0.07,1995-06-05,N
1604,274,1,33,6838.38,0.05,1996-02-27,R
1604,31,2,29,276.57,0.02,1997-10-03,A
1604,633,3,33,842.38,0.0,1992-04-25,R
1605,182,1,8,8695.98,0.07,1993-03-27,R
1606,485,1,32,6564.1,0.08,1997-02-19,R
1607,163,1,26,3857.96,0.03,1993-05-04,N
1607,627,2,7,8046.02,0.0,1998-04-14,R
1608,703,1,45,5254.01,0.01,1998-12-26,A
1609,735,1,50,8247.49,0.06,1994-08-20,R
1609,237,2,30,2115.9,0.02,1997-11-19,N
1610,27,1,22,5219.67,0.04,1997-09-07,R
1611,402,1,46,7600.2,0.01,1996-12-20,A
1611,196,2,47,1835.81,0.03,1997-09-19,N
1611,65,3,8,5109.63,0.07,1994-01-13,R
1611,635,4,11,6657.06,0.02,1996-12-26,A
1612,668,1,40,4586.87,0.04,1995-05-12,N
1613,309,1,12,9137.2,0.0,1993-10-02,R
1613,28,2,13,3205.83,0.07,1992-03-12,A
1613,715,3,50,824.83,0.03,1997-09-23,A
1614,393,1,19,4930.51,0.1,1993-04-20,N
1615,395,1,26,1833.49,0.02,1992-01-21,R
1616,727,1,9,4602.03,0.03,1997-02-23,R
1617,628,1,7,6903.85,0.03,1994-07-27,N
1618,619,1,1,6140.28,0.01,1994-07-06,A
1619,207,1,39,2526.96,0.01,1998-10-02,N
1619,69,2,14,3267.4,0.02,1998-03-19,N
1620,429,1,23,7488.92,0.05,1993-01-23,R
1620,57,2,12,5844.69,0.06,1993-02-21,A
1621,370,1,15,4600.54,0.05,1993-02-24,R
1621,133,2,40,1975.36,0.09,1995-08-05,R
1622,74,1,46,2639.35,0.09,1998-05-07,R
1622,585,2,45,4073.81,0.01,1994-11-16,A
1623,739,1,4,2280.65,0.0,1998-12-06,R
1623,103,2,42,1988.59,0.02,1998-02-05,A
1623,673,3,46,8704.05,0.03,1995-03-28,R
1624,656,1,37,2547.25,0.09,1996-08-07,A
1624,789,2,50,6028.39,0.06,1992-12-15,R
1624,68,3,9,3253.75,0.08,1993-10-26,R
1625,372,1,2,1871.35,0.09,1997-01-03,N
1625,772,2,11,147.98,0.07,1992-01-26,N
1625,60,3,15,7325.06,0.0,1996-02-01,A
1625,260,4,46,1195.72,0.0,1996-10-07,R
1625,384,5,32,9439.0,0.02,1992-09-05,R
1625,779,6,26,5146.96,0.01,1995-01-21,R
1626,743,1,42,6547.62,0.05,1994-11-22,N
1626,153,2,22,8582.89,0.03,1997-08-18,R
1627,132,1,7,9552.9,0.07,1997-04-02,N
1628,92,1,29,7926.38,0.0,1995-08-04,N
1628,416,2,29,3139.4,0.05,1993-07-11,N
1629,183,1,43,2952.76,0.09,1993-12-12,A
1630,398,1,45,6866.2,0.09,1996-02-18,R
1630,519,2,4,5828.26,0.05,1997-04-12,R
1631,412,1,49,5363.46,0.05,1997-02-17,N
1632,173,1,12,1920.89,0.06,1992-06-01,N
1633,60,1,22,4356.17,0.06,1994-06-06,N
1633,699,2,41,2193.9,0.04,1995-05-07,R
1633,262,3,32,9649.31,0.08,1998-07-15,A
1634,637,1,15,6895.02,0.05,1992-07-19,A
1634,26,2,30,6331.26,0.05,1994-05-26,A
1634,429,3,49,4033.94,0.07,1997-08-21,A
1635,496,1,5,2074.08,0.07,1997-09-12,R
1636,59,1,21,9613.52,0.09,1993-04-02,N
1636,738,2,17,1873.9,0.07,1996-06-13,N
1636,423,3,18,2426.64,0.05,1998-09-07,R
1637,35,1,7,5188.46,0.04,1994-03-23,N
1638,14,1,11,9153.67,0.1,1998-06-26,R
1638,294,2,28,9312.66,0.03,1998-09-23,R
1639,641,1,47,4678.1,0.03,1998-10-16,A
1639,539,2,20,1485.19,0.07,1993-02-02,A
1640,562,1,49,8942.82,0.09,1993-12-08,A
1641,179,1,2,5131.79,0.02,1992-10-23,R
1641,515,2,6,6636.88,0.05,1993-03-27,A
1641,753,3,18,5562.52,0.07,1997-02-25,A
1641,456,4,30,205.51,0.06,1997-09-18,R
1642,141,1,40,917.26,0.03,1993-10-16,A
1642,764,2,16,9619.5,0.09,1996-03-14,R
1643,155,1,44,6435.63,0.09,1994-06-13,A
1643,101,2,47,258.75,0.01,1997-08-20,A
1644,241,1,29,1178.41,0.0,1995-09-16,R
1645,271,1,6,6376.22,0.03,1994-02-24,R
1646,562,1,42,7640.64,0.09,1996-08-10,A
1646,443,2,27,2411.64,0.01,1994-08-13,A
1646,432,3,39,4307.77,0.02,1995-05-12,A
1646,773,4,2,439.61,0.09,1995-04-27,R
1646,62,5,39,3721.96,0.05,1996-02-13,A
1647,207,1,38,3233.54,0.1,1996-05-13,N
1648,304,1,27,9098.08,0.05,1995-03-27,A
1649,610,1,35,1999.03,0.03,1996-03-12,N
1650,730,1,11,2593.91,0.07,1998-09-28,N
1650,794,2,6,582.23,0.06,1998-06-07,A
1651,481,1,5,9757.76,0.07,1998-02-17,R
1651,184,2,4,1569.66,0.01,1994-01-04,A
1652,694,1,38,7336.18,0.08,1995-04-14,R
1652,414,2,42,7778.35,0.06,1992-04-05,N
1653,206,1,28,6180.1,0.04,1995-01-15,R
1653,256,2,1,6347.3,0.01,1994-06-01,N
1653,370,3,37,4551.41,0.05,1996-05-07,R
1653,165,4,32,7701.9,0.09,1995-01-23,N
1654,444,1,15,1101.65,0.06,1998-07-11,A
1654,451,2,40,9939.67,0.1,1994-12-17,R
1655,550,1,29,1941.49,0.05,1995-01-19,R
1655,522,2,7,3145.78,0.05,1996-12-19,N
1656,248,1,50,8965.53,0.07,1997-08-05,N
1656,167,2,18,5800.72,0.0,1998-03-12,R
1656,277,3,40,1931.34,0.08,1996-06-06,N
1656,6,4,16,9209.52,0.09,1992-04-04,A
1656,451,5,36,9398.54,0.1,1992-10-06,A
1657,582,1,35,9255.05,0.1,1993-05-18,A
1657,285,2,38,6146.94,0.07,1992-04-21,R
1658,420,1,29,9435.63,0.06,1994-07-24,A
1659,608,1,31,6654.44,0.05,1993-06-14,A
1659,180,2,19,7855.9,0.0,1995-05-20,N
1660,386,1,29,5819.16,0.03,1995-08-02,N
1660,613,2,36,5930.29,0.0,1996-10-06,N
1661,765,1,13,107.31,0.1,1997-08-20,R
1662,437,1,37,1581.22,0.01,1995-02-11,R
1663,203,1,28,3882.18,0.06,1995-10-10,N
1664,224,1,14,290.21,0.06,1998-01-26,N
1664,499,2,7,692.36,0.1,1995-10-05,N
1665,520,1,9,6937.13,0.03,1997-11-02,R
1665,103,2,20,8643.25,0.07,1994-08-11,A
1666,362,1,21,4155.89,0.07,1998-02-22,N
1667,133,1,29,8119.17,0.0,1998-04-21,A
1667,439,2,48,5904.45,0.07,1997-03-08,N
1668,684,1,20,8823.86,0.02,1996-06-23,A
1668,116,2,23,2466.63,0.06,1992-09-19,N
1669,455,1,22,8220.68,0.02,1994-08-09,A
1669,800,2,10,4533.45,0.01,1996-10-21,R
1670,259,1,14,2544.25,0.03,1994-05-04,R
1670,28,2,20,7472.79,0.01,1996-11-19,R
1670,739,3,38,3099.69,0.04,1992-10-01,R
1671,52,1,8,1510.53,0.0,1996-06-01,R
1672,654,1,17,9197.17,0.06,1996-05-21,R
1673,248,1,50,4494.0,0.01,1993-07-12,A
1673,621,2,13,7348.84,0.09,1995-02-07,N
1674,354,1,30,5773.18,0.0,1997-03-17,R
1674,336,2,39,6930.62,0.06,1992-02-12,N
1675,420,1,37,7930.92,0.05,1993-04-03,N
1675,356,2,24,7719.94,0.01,1996-07-22,A
1676,324,1,8,7476.76,0.1,1993-04-02,R
1676,541,2,25,4852.21,0.03,1997-02-24,N
1676,588,3,50,6135.4,0.07,1998-02-18,N
1677,182,1,40,9278.75,0.08,1993-08-23,A
1677,600,2,29,7441.65,0.09,1997-03-08,R
1678,789,1,3,5441.38,0.09,1994-06-15,A
1678,497,2,50,888.41,0.03,1995-04-19,A
1678,320,3,26,9016.47,0.08,1998-06-22,R
1679,424,1,49,4320.6,0.01,1997-09-16,A
1679,702,2,7,2256.73,0.08,1997-02-06,N
1679,275,3,15,3333.96,0.08,1992-04-13,A
1680,798,1,41,7339.79,0.06,1998-04-06,N
1680,634,2,5,6827.88,0.06,1997-01-08,R
1681,5,1,8,3224.78,0.03,1992-08-07,R
1682,371,1,7,9235.16,0.09,1993-05-18,A
1683,184,1,42,7183.09,0.05,1998-02-28,A
1683,276,2,38,2625.13,0.07,1997-12-27,R
1684,662,1,20,8408.4,0.06,1995-11-03,A
1684,486,2,44,6652.8,0.03,1993-06-23,N
1685,478,1,32,2387.72,0.06,1994-10-24,R
1686,666,1,44,9685.47,0.1,1997-01-01,N
1687,612,1,47,9687.78,0.05,1997-05-27,R
1688,277,1,9,9389.49,0.04,1996-01-23,R
1689,488,1,4,8831.52,0.03,1994-12-04,N
1689,696,2,29,5795.59,0.04,1997-07-12,R
1690,267,1,8,5833.78,0.02,1997-03-20,N
1690,192,2,36,8626.98,0.02,1997-12-23,R
1691,722,1,15,8350.87,0.08,1996-11-26,R
1691,467,2,46,9134.19,0.02,1993-05-02,A
1691,707,3,8,3830.51,0.09,1994-01-21,A
1692,207,1,33,9697.33,0.01,1993-09-16,A
1692,411,2,32,557.19,0.0,1997-07-23,R
1693,713,1,32,4850.67,0.02,1995-01-21,R
1694,17,1,36,629.19,0.06,1998-01-20,R
1695,352,1,2,6316.84,0.06,1996-04-17,R
1696,386,1,8,7582.1,0.02,1993-06-14,A
1696,710,2,20,7529.41,0.01,1998-11-23,N
1697,371,1,49,6895.29,0.02,1997-02-23,A
1697,698,2,33,5602.76,0.07,1998-08-15,A
1698,158,1,9,2490.44,0.05,1993-08-14,R
1699,451,1,38,7902.93,0.09,1995-08-04,A
1700,582,1,24,6443.71,0.02,1997-03-27,N
1700,237,2,47,1393.74,0.03,1996-09-19,A
1701,783,1,44,4365.38,0.05,1992-07-28,N
1702,230,1,10,4116.1,0.09,1993-09-13,N
1703,169,1,13,6568.22,0.08,1996-04-07,R
1703,482,2,37,6306.27,0.05,1995-09-09,R
1703,61,3,49,9910.7,0.01,1994-10-04,R
1704,105,1,23,8572.66,0.1,1994-09-28,N
1704,617,2,4,399.56,0.06,1993-05-03,R
1705,683,1,22,4223.5,0.1,1994-08-23,N
1706,376,1,1,5359.44,0.05,1992-02-11,N
1707,269,1,36,3336.61,0.01,1992-09-14,A
1707,18,2,16,3495.52,0.0,1994-10-05,R
1708,707,1,4,8218.31,0.04,1992-07-17,R
1709,698,1,10,8083.7,0.01,1997-05-01,N
1709,86,2,48,6079.72,0.04,1994-06-02,R
1710,296,1,47,7005.49,0.06,1995-04-27,R
1711,390,1,10,8234.49,0.01,1998-03-22,A
1712,520,1,23,9118.51,0.09,1998-06-03,A
1712,739,2,4,1570.63,0.01,1996-08-05,R
1712,230,3,8,1843.31,0.02,1998-02-01,A
1713,273,1,36,5401.43,0.07,1997-03-18,A
1713,633,2,47,576.79,0.04,1997-10-06,A
1713,315,3,43,6682.85,0.0,1995-03-26,N
1714,733,1,49,6028.68,0.03,1998-12-11,A
1714,9,2,18,1385.8,0.09,1996-07-28,A
1715,748,1,47,1263.14,0.09,1997-07-06,A
1716,193,1,2,8177.34,0.09,1998-11-20,R
1716,123,2,15,5142.25,0.07,1994-01-15,R
1716,219,3,20,8241.47,0.06,1993-03-12,N
1717,797,1,38,4362.32,0.07,1993-12-09,N
1718,90,1,27,7345.29,0.09,1997-01-25,A
1718,796,2,49,1225.9,0.05,1996-08-23,N
1718,85,3,27,8229.29,0.0,1998-06-09,R
1718,124,4,14,6675.75,0.02,1998-01-21,R
1719,504,1,28,2543.61,0.04,1993-12-18,N
1719,537,2,26,4017.0,0.02,1994-09-17,A
1719,642,3,2,2509.87,0.04,1992-01-15,A
1719,784,4,17,1987.8,0.09,1992-01-10,R
1720,795,1,22,8468.84,0.04,1993-07-25,A
1720,93,2,18,8804.23,0.05,1995-06-18,A
1721,532,1,3,6479.41,0.08,1994-07-26,N
1721,705,2,18,2515.22,0.02,1993-06-17,N
1722,486,1,9,3226.61,0.05,1992-05-03,A
1723,317,1,45,6303.32,0.01,1993-07-15,R
1724,424,1,43,4479.76,0.04,1995-07-10,N
1725,1,1,50,5835.74,0.0,1992-03-21,N
1725,728,2,5,3486.71,0.1,1998-12-26,R
1726,412,1,3,2882.46,0.01,1994-12-19,A
1726,707,2,8,8631.08,0.03,1995-12-03,R
1727,177,1,36,8740.99,0.05,1997-04-16,A
1728,310,1,38,403.86,0.03,1998-12-21,A
1729,422,1,39,9959.49,0.04,1997-02-05,N
1729,456,2,35,7461.19,0.06,1995-02-09,N
1729,88,3,36,929.94,0.09,1995-05-24,N
1730,209,1,34,7887.86,0.1,1995-10-20,R
1731,566,1,49,379.05,0.08,1994-02-19,R
1731,416,2,27,5865.44,0.0,1998-02-19,R
1731,672,3,48,4645.13,0.08,1998-06-13,A
1732,705,1,27,6118.42,0.01,1992-06-17,N
1732,257,2,46,4238.5,0.03,1996-09-17,N
1733,112,1,38,8450.08,0.02,1995-07-19,R
1733,574,2,5,9305.48,0.05,1994-11-17,R
1734,651,1,24,7214.78,0.0,1997-08-12,A
1734,550,2,33,6828.48,0.06,1995-03-09,A
1734,654,3,41,4484.4,0.05,1998-02-16,N
1735,427,1,23,5813.19,0.07,1996-09-24,A
1736,104,1,41,9665.73,0.04,1997-12-09,R
1736,385,2,20,4125.41,0.04,1995-01-15,A
1737,328,1,38,6710.64,0.09,1994-12-17,N
1738,318,1,48,4406.24,0.08,1994-12-21,A
1739,436,1,28,4939.35,0.04,1994-09-28,N
1740,273,1,34,4003.92,0.09,1996-09-08,R
1741,154,1,39,5128.15,0.02,1993-12-22,A
1741,755,2,22,3507.54,0.07,1993-05-08,R
1742,452,1,32,2027.88,0.08,1998-04-21,A
1742,176,2,26,7346.3,0.06,1998-02-10,A
1743,534,1,43,288.18,0.09,1998-11-18,R
1743,334,2,4,1770.72,0.0,1993-02-13,N
1744,675,1,4,3601.64,0.03,1994-01-07,N
1745,414,1,39,7231.69,0.0,1995-07-04,R
1745,420,2,1,8597.23,0.09,1993-02-20,N
1746,361,1,8,5905.76,0.08,1996-09-14,N
1747,239,1,6,8354.06,0.0,1998-08-02,R
1747,664,2,20,7154.4,0.05,1992-04-24,N
1747,256,3,48,444.85,0.08,1996-08-20,R
1748,224,1,24,8249.62,0.0,1996-01-03,R
1748,524,2,49,7121.91,0.04,1996-07-10,R
1749,727,1,8,2828.68,0.05,1993-12-24,A
1750,201,1,41,1886.87,0.0,1995-10-06,R
1750,131,2,36,475.62,0.05,1993-06-02,R
1750,44,3,18,429.0,0.1,1995-12-20,R
1751,206,1,31,3815.83,0.06,1994-11-13,R
1751,75,2,7,2428.05,0.03,1997-07-14,A
1752,301,1,27,8648.92,0.04,1993-08-14,R
1752,608,2,37,3805.72,0.1,1993-08-28,R
1752,498,3,39,9605.89,0.07,1996-06-12,R
1752,575,4,1,9486.63,0.1,1993-10-12,R
1753,741,1,16,5465.25,0.1,1996-05-07,R
1753,448,2,40,8617.59,0.07,1996-05-25,N
1754,94,1,10,1590.07,0.02,1997-04-03,A
1755,189,1,41,475.58,0.03,1992-12-13,N
1756,770,1,14,3717.55,0.05,1997-02-20,R
1756,783,2,2,7140.8,0.09,1997-08-15,R
1757,332,1,27,5724.87,0.06,1993-10-25,N
1758,221,1,8,2140.66,0.02,1997-08-11,N
1759,44,1,11,634.49,0.04,1993-05-13,A
1759,486,2,22,8969.32,0.0,1997-10-02,N
1759,608,3,37,5335.85,0.01,1994-01-25,A
1759,502,4,13,6488.12,0.0,1995-08-23,N
1760,347,1,41,3175.46,0.01,1996-04-25,N
1760,2,2,24,4056.97,0.02,1998-08-25,N
1760,618,3,47,6706.27,0.04,1993-04-09,R
1760,413,4,39,2263.98,0.1,1995-10-17,R
1761,729,1,38,5752.82,0.0,1994-07-25,R
1761,257,2,43,3693.11,0.05,1996-06-16,A
1762,715,1,28,4200.74,0.01,1992-10-20,R
1763,113,1,1,2959.55,0.08,1994-04-14,R
1763,20,2,17,6786.08,0.1,1998-11-06,R
1764,249,1,47,9608.05,0.08,1996-09-22,R
1764,417,2,11,8379.44,0.08,1997-09-07,N
1765,778,1,25,7505.22,0.09,1996-06-22,A
1765,234,2,18,7497.53,0.02,1998-04-12,N
1765,5,3,17,2620.59,0.08,1997-03-07,N
1766,405,1,21,3447.03,0.05,1994-02-01,N
1766,345,2,40,3024.14,0.0,1996-12-02,N
1767,332,1,39,8325.13,0.02,1995-02-06,A
1768,751,1,34,5476.61,0.04,1997-11-11,N
1768,591,2,31,2102.31,0.1,1997-03-02,A
1768,471,3,10,537.45,0.03,1998-12-28,N
1769,68,1,16,4882.3,0.02,1992-11-28,R
1769,448,2,20,5445.36,0.01,1994-06-15,R
1770,715,1,8,2887.68,0.03,1998-06-01,A
1771,494,1,50,6721.74,0.08,1998-02-23,N
1772,754,1,46,8060.6,0.07,1992-06-12,A
1772,605,2,2,838.54,0.07,1993-08-01,A
1773,354,1,20,8211.5,0.06,1994-10-18,N
1773,255,2,22,2984.24,0.03,1996-05-10,A
1774,454,1,8,4178.19,0.09,1998-05-27,R
1774,312,2,35,1491.95,0.0,1997-08-20,A
1775,477,1,46,2020.87,0.03,1997-10-18,N
1776,314,1,28,1577.89,0.01,1997-07-16,N
1776,364,2,48,6895.81,0.02,1996-09-05,A
1777,305,1,5,1244.72,0.08,1992-01-20,A
1777,2,2,3,8215.84,0.06,1994-08-19,N
1777,469,3,14,3767.89,0.09,1998-11-22,N
1777,372,4,5,5915.12,0.03,1993-04-28,R
1778,155,1,43,884.06,0.1,1994-04-08,N
1778,738,2,6,3133.0,0.03,1996-07-28,R
1779,489,1,9,6393.6,0.02,1995-07-25,R
1779,671,2,36,1241.68,0.02,1997-05-08,N
1780,165,1,45,970.56,0.07,1992-10-24,N
1781,314,1,38,202.84,0.02,1994-01-17,N
1781,653,2,23,2269.97,0.03,1995-08-11,R
1782,301,1,20,5313.34,0.04,1992-12-02,N
1783,56,1,13,5150.42,0.06,1998-11-24,A
1784,613,1,18,3273.4,0.07,1998-08-22,R
1785,737,1,6,8938.2,0.08,1998-06-23,R
1786,268,1,40,2837.01,0.05,1998-05-08,A
1787,664,1,18,2937.25,0.03,1998-01-11,A
1788,625,1,36,8610.39,0.09,1992-01-23,A
1788,160,2,26,2228.14,0.01,1995-08-25,A
1789,365,1,9,1972.2,0.09,1993-01-23,R
1790,513,1,31,2858.83,0.05,1992-02-23,N
1790,567,2,37,9305.46,0.03,1993-04-01,R
1791,419,1,37,3419.66,0.07,1994-12-12,N
1792,171,1,36,6919.19,0.1,1994-03-18,R
1793,536,1,11,6145.26,0.07,1994-03-16,R
1793,748,2,31,5620.49,0.08,1996-08-12,N
1793,666,3,1,1092.38,0.02,1995-08-26,R
1793,82,4,45,9577.42,0.08,1995-02-14,A
1794,756,1,18,3137.65,0.06,1996-01-15,R
1794,359,2,40,5559.13,0.03,1995-02-19,N
1794,340,3,19,1710.35,0.02,1992-11-09,N
1795,203,1,26,2434.52,0.01,1997-04-11,A
1795,787,2,27,734.26,0.01,1992-05-16,N
1795,738,3,37,3604.75,0.04,1994-09-18,R
1795,361,4,40,2825.54,0.0,1998-05-18,A
1796,370,1,35,2900.95,0.03,1992-10-27,A
1796,114,2,49,6877.42,0.04,1994-12-12,R
1796,482,3,2,2411.21,0.1,1995-02-25,A
1796,609,4,42,2036.91,0.06,1995-07-10,N
1796,230,5,34,9257.11,0.08,1992-09-26,A
1797,796,1,34,6551.67,0.07,1993-09-01,N
1797,791,2,16,3687.33,0.0,1997-02-10,R
1797,731,3,36,5738.27,0.06,1993-05-18,A
1797,47,4,37,5991.36,0.08,1996-07-21,R
1798,317,1,40,3718.66,0.06,1997-02-01,A
1798,242,2,43,4956.38,0.09,1995-04-02,R
1799,356,1,23,8325.24,0.04,1997-06-08,N
1799,664,2,23,1213.99,0.09,1997-01-05,R
1800,701,1,41,168.35,0.08,1998-07-02,R
1801,507,1,50,2743.64,0.06,1995-12-03,R
1801,598,2,32,8390.59,0.07,1995-09-22,A
1802,101,1,29,517.2,0.07,1992-03-03,R
1802,718,2,21,5778.99,0.06,1994-10-25,R
1802,575,3,20,4754.47,0.04,1995-03-03,A
1803,293,1,7,4290.65,0.04,1993-05-09,R
1803,763,2,43,2398.89,0.0,1992-02-20,N
1804,62,1,2,3448.41,0.02,1995-10-07,R
1804,376,2,44,9152.25,0.04,1996-02-12,N
1805,81,1,21,5248.23,0.0,1996-12-25,R
1805,769,2,49,4219.79,0.03,1992-12-14,A
1805,209,3,4,507.37,0.1,1995-02-11,A
1806,782,1,15,4436.23,0.05,1993-02-25,A
1806,142,2,1,1701.82,0.09,1994-05-17,R
1806,211,3,4,282.35,0.04,1993-06-27,R
1807,476,1,31,3680.78,0.0,1994-10-12,R
1807,266,2,33,2881.66,0.04,1997-10-06,A
1807,332,3,28,8926.29,0.08,1998-05-06,N
1807,48,4,37,8899.53,0.04,1996-02-04,A
1808,23,1,34,1887.0,0.09,1996-11-02,R
1808,149,2,4,8785.3,0.03,1992-07-16,A
1809,486,1,13,7043.99,0.05,1996-07-05,A
1810,212,1,48,2285.43,0.0,1992-06-28,A
1811,107,1,24,6894.87,0.04,1997-05-10,N
1812,364,1,40,7191.42,0.01,1996-02-25,A
1813,247,1,9,9612.07,0.06,1993-03-21,N
1813,685,2,28,2645.88,0.03,1996-02-02,R
1814,592,1,4,993.57,0.09,1996-07-02,N
1814,239,2,40,6188.21,0.06,1993-01-11,N
1815,453,1,13,7681.88,0.01,1997-11-14,R
1815,448,2,38,6973.37,0.05,1996-06-09,A
1815,418,3,25,6017.66,0.01,1993-11-22,A
1815,625,4,38,3563.15,0.07,1998-11-03,R
1815,128,5,5,3751.68,0.02,1997-01-10,R
1816,74,1,21,9418.47,0.05,1996-06-11,A
1816,663,2,10,8743.51,0.04,1994-08-11,N
1816,318,3,13,7811.0,0.05,1997-06-09,N
1817,675,1,34,1645.63,0.03,1998-12-06,A
1817,525,2,23,4659.23,0.05,1997-05-20,A
1818,82,1,21,1932.74,0.01,1994-08-06,A
1818,662,2,46,7975.64,0.1,1997-07-25,R
1819,162,1,35,4644.67,0.02,1994-10-19,N
1819,218,2,40,9378.59,0.09,1996-12-28,A
1820,129,1,29,8495.77,0.01,1994-10-14,R
1821,467,1,34,921.72,0.03,1995-03-06,N
1822,703,1,30,7518.52,0.01,1998-01-09,R
1823,418,1,26,8342.22,0.07,1996-05-03,N
1823,297,2,25,3782.68,0.04,1992-06-06,A
1823,204,3,46,2964.04,0.05,1995-09-03,N
1823,116,4,36,3688.71,0.02,1996-08-24,R
1824,407,1,38,6374.26,0.07,1994-05-20,N
1825,465,1,2,6809.64,0.04,1998-10-14,R
1825,533,2,50,4791.53,0.05,1993-11-04,A
1826,402,1,7,2699.16,0.0,1993-07-22,N
1826,115,2,21,6033.83,0.05,1998-03-19,A
1826,264,3,12,2842.47,0.09,1994-07-15,R
1826,527,4,30,1153.71,0.02,1994-11-10,A
1826,772,5,4,5890.94,0.0,1994-05-11,A
1826,399,6,39,8205.95,0.01,1992-12-01,R
1827,375,1,31,7060.11,0.09,1993-01-02,R
1827,257,2,44,7755.67,0.03,1998-06-27,N
1827,755,3,32,6895.3,0.01,1998-05-12,R
1828,487,1,26,4733.24,0.08,1992-07-10,N
1828,690,2,8,9827.75,0.07,1993-08-18,R
1829,336,1,24,6224.91,0.01,1995-09-01,R
1830,410,1,2,5335.51,0.06,1994-10-18,N
1831,760,1,4,8921.07,0.09,1994-12-19,N
1832,283,1,24,2022.26,0.02,1995-06-04,R
1832,753,2,24,2458.7,0.03,1994-06-17,A
1832,121,3,25,3908.36,0.08,1993-02-09,N
1833,737,1,16,3080.2,0.08,1997-08-25,R
1834,757,1,32,9692.59,0.04,1995-05-12,N
1834,375,2,6,5483.04,0.04,1998-02-23,A
1835,636,1,10,922.23,0.07,1997-06-19,R
1836,752,1,5,3567.61,0.0,1997-08-27,R
1837,234,1,21,6676.05,0.03,1997-12-10,N
1838,340,1,10,769.41,0.0,1992-07-27,R
1838,757,2,32,1848.21,0.01,1992-06-08,N
1838,762,3,24,5991.13,0.03,1994-09-26,R
1838,310,4,10,1517.08,0.09,1998-10-05,N
1839,535,1,43,6270.25,0.09,1997-02-20,A
1840,64,1,13,7723.21,0.09,1996-10-21,A
1840,44,2,19,2606.53,0.03,1993-05-25,R
1840,724,3,18,9730.8,0.06,1996-04-06,N
1841,5,1,40,1286.54,0.01,1997-05-23,N
1841,603,2,48,7600.16,0.06,1998-07-27,N
1842,297,1,27,711.09,0.06,1997-12-05,A
1842,446,2,45,3205.15,0.02,1993-09-18,A
1842,665,3,1,8688.68,0.07,1996-01-04,N
1843,345,1,31,6921.82,0.02,1993-03-03,N
1843,507,2,20,3339.57,0.08,1994-07-04,R
1843,419,3,41,2350.21,0.05,1994-09-22,A
1844,87,1,8,3818.69,0.05,1992-06-12,A
1845,465,1,16,1038.24,0.02,1992-07-01,A
1845,601,2,48,539.67,0.05,1993-09-18,N
1846,76,1,27,6606.67,0.05,1998-02-16,N
1846,598,2,20,1683.1,0.1,1994-07-15,N
1847,418,1,36,819.44,0.09,1996-01-23,A
1848,579,1,8,2089.12,0.02,1997-11-01,N
1848,508,2,4,8796.19,0.05,1993-09-02,N
1849,358,1,27,1460.31,0.04,1995-11-01,A
1849,343,2,50,5991.36,0.03,1996-11-25,R
1850,337,1,43,728.32,0.07,1995-12-07,N
1850,490,2,39,9690.51,0.07,1998-06-04,R
1851,182,1,4,269.44,0.02,1998-12-12,R
1851,70,2,48,7068.3,0.0,1996-02-26,A
1852,95,1,5,2937.63,0.1,1993-02-24,N
1853,48,1,34,3717.69,0.0,1998-07-22,N
1854,573,1,42,1995.68,0.1,1995-08-19,N
1854,334,2,36,8598.73,0.09,1998-12-06,N
1854,339,3,1,9999.34,0.02,1994-02-19,N
1855,390,1,11,5841.88,0.09,1997-01-03,R
1856,171,1,2,5853.82,0.08,1992-04-27,N
1856,154,2,42,4034.97,0.04,1998-06-20,N
1857,630,1,10,5825.88,0.08,1992-04-23,N
1858,329,1,22,4447.78,0.09,1995-06-10,N
1858,800,2,9,5881.55,0.1,1996-04-13,A
1858,97,3,35,3525.47,0.05,1997-04-19,A
1859,633,1,16,765.75,0.04,1996-06-25,A
1859,264,2,2,6092.99,0.04,1997-04-08,N
1860,393,1,47,192.62,0.09,1992-08-17,N
1861,96,1,38,7123.89,0.01,1994-09-18,A
1862,145,1,6,8954.41,0.0,1993-07-07,A
1863,696,1,42,9604.05,0.08,1993-04-15,A
1863,36,2,49,601.8,0.08,1995-03-14,A
1864,422,1,25,4676.49,0.1,1992-01-11,R
1864,126,2,21,783.83,0.1,1995-03-14,A
1865,419,1,24,5332.53,0.09,1995-04-10,N
1865,674,2,18,7538.13,0.08,1994-02-10,A
1865,645,3,24,8633.45,0.1,1996-05-08,R
1866,691,1,35,5438.65,0.03,1992-04-01,R
1866,562,2,34,7544.41,0.02,1994-12-28,A
1867,717,1,25,5697.01,0.04,1997-11-03,A
1867,404,2,22,8452.52,0.07,1998-02-16,R
1868,675,1,45,565.56,0.03,1995-10-02,N
1868,613,2,36,6272.87,0.03,1994-10-15,R
1869,639,1,33,8134.49,0.06,1993-08-08,N
1870,670,1,12,3010.55,0.05,1998-06-07,N
1870,260,2,19,7539.52,0.04,1996-12-10,A
1870,306,3,43,483.13,0.09,1993-04-22,N
1871,596,1,6,8326.75,0.0,1992-05-21,A
1871,157,2,11,7170.16,0.07,1997-12-16,A
1871,297,3,7,6990.71,0.01,1993-05-14,A
1872,277,1,5,7896.0,0.07,1995-11-13,N
1872,137,2,39,9733.49,0.08,1995-01-06,R
1872,167,3,24,5918.01,0.07,1996-07-22,R
1873,278,1,44,1660.54,0.08,1998-06-02,R
1873,573,2,50,6815.23,0.1,1996-10-14,R
1873,717,3,26,9466.53,0.1,1996-09-06,N
1873,545,4,37,6391.4,0.07,1997-03-15,N
1874,476,1,20,7847.12,0.04,1998-06-21,N
1875,188,1,40,5654.71,0.07,1995-06-12,N
1875,488,2,29,8717.88,0.1,1997-10-18,A
1875,760,3,9,7131.88,0.08,1994-04-21,R
1875,140,4,13,6504.66,0.04,1996-08-23,A
1876,166,1,5,1775.78,0.1,1992-07-10,R
1877,507,1,48,1813.46,0.02,1995-09-27,A
1877,70,2,14,8967.69,0.09,1996-06-03,A
1878,765,1,38,3047.6,0.08,1993-09-26,R
1879,463,1,20,9884.14,0.0,1994-02-17,N
1880,751,1,41,2541.68,0.04,1994-04-24,N
1880,775,2,33,7896.66,0.08,1997-02-26,R
1880,462,3,4,3470.73,0.09,1998-02-19,N
1880,284,4,18,6903.42,0.08,1997-01-01,R
1881,173,1,15,1519.16,0.05,1997-07-06,N
1881,702,2,27,6655.33,0.01,1996-07-24,R
1882,373,1,33,389.54,0.07,1993-12-19,A
1882,401,2,9,3483.19,0.06,1994-07-27,N
1882,391,3,31,5101.86,0.03,1994-09-07,N
1883,508,1,21,4733.27,0.06,1992-03-13,A
1884,436,1,22,8774.02,0.07,1993-01-12,N
1884,380,2,11,7915.5,0.06,1995-05-14,N
1884,456,3,34,4550.89,0.01,1997-03-16,N
1885,641,1,33,6787.25,0.04,1997-05-12,N
1886,453,1,40,1871.1,0.0,1997-03-19,A
1887,240,1,17,8139.31,0.02,1997-12-19,R
1887,597,2,10,1422.7,0.04,1994-01-18,R
1888,310,1,15,5566.74,0.08,1997-03-22,R
1888,257,2,32,1368.4,0.01,1998-10-10,A
1889,628,1,4,9125.53,0.08,1996-04-20,N
1890,701,1,46,9770.15,0.05,1995-11-10,R
1890,681,2,31,2330.29,0.0,1992-02-23,R
1891,535,1,44,1731.15,0.0,1992-12-07,A
1891,678,2,16,8900.03,0.08,1996-10-14,N
1891,486,3,45,4111.76,0.01,1998-09-24,N
1891,663,4,22,1118.42,0.08,1997-05-22,A
1892,173,1,11,1846.35,0.03,1998-02-11,A
1893,166,1,20,4698.13,0.05,1997-04-26,N
1894,675,1,4,5748.43,0.09,1995-06-23,N
1894,22,2,26,4901.24,0.03,1997-01-23,N
1894,128,3,14,6298.34,0.03,1997-02-21,A
1894,209,4,9,2029.3,0.09,1998-09-06,A
1895,86,1,14,3013.06,0.02,1994-08-07,A
1896,307,1,29,730.63,0.02,1996-08-05,N
1896,608,2,25,5049.61,0.07,1995-01-12,R
1896,645,3,4,8156.16,0.0,1998-09-12,A
1897,505,1,39,9259.07,0.03,1993-01-06,N
1898,23,1,5,7964.62,0.07,1995-11-01,A
1899,571,1,17,7693.79,0.06,1992-02-19,N
1899,312,2,44,5605.05,0.1,1998-11-13,A
1900,215,1,25,2712.24,0.07,1995-06-24,R
1900,437,2,2,6471.14,0.09,1996-04-03,N
1900,560,3,31,1962.03,0.01,1995-05-14,N
1900,513,4,30,8368.75,0.02,1996-08-25,R
1901,104,1,15,5936.78,0.01,1992-01-10,R
1902,587,1,40,4958.94,0.0,1996-09-28,N
1902,370,2,47,6649.35,0.01,1994-09-24,N
1903,291,1,4,1422.37,0.05,1995-04-07,N
1903,593,2,17,2867.65,0.01,1993-07-12,N
1904,598,1,6,7442.74,0.03,1993-07-27,N
1904,59,2,33,400.42,0.09,1996-04-28,R
1904,756,3,47,802.14,0.06,1992-10-01,N
1904,530,4,50,1121.49,0.06,1993-07-20,R
1905,477,1,16,4616.13,0.03,1993-11-17,R
1906,238,1,46,3199.04,0.09,1997-01-02,R
1906,124,2,16,3660.49,0.1,1998-07-03,N
1907,621,1,13,8636.75,0.1,1997-01-23,A
1907,514,2,14,9708.69,0.08,1994-05-24,R
1907,356,3,18,1639.93,0.1,1992-06-28,R
1908,92,1,35,8897.41,0.09,1998-12-21,R
1908,381,2,45,4096.96,0.02,1994-03-19,N
1909,647,1,38,6799.29,0.07,1992-06-05,N
1909,385,2,20,5451.01,0.02,1998-11-22,A
1909,638,3,47,975.65,0.06,1993-08-02,A
1910,430,1,48,9506.97,0.02,1998-09-10,N
1911,268,1,28,4285.97,0.01,1992-01-27,A
1911,163,2,45,1249.9,0.03,1998-11-15,N
1911,719,3,49,7744.98,0.05,1997-09-25,R
1912,415,1,17,3489.1,0.01,1996-03-23,N
1913,627,1,44,606.87,0.06,1992-04-16,R
1913,436,2,6,1543.53,0.06,1997-05-24,R
1914,100,1,33,5342.83,0.01,1997-07-16,R
1915,387,1,34,1665.91,0.0,1995-09-15,N
1915,669,2,21,4865.04,0.09,1994-02-02,N
1916,765,1,13,9524.56,0.07,1994-08-16,R
1917,659,1,35,4806.85,0.06,1993-03-28,A
1918,640,1,2,4303.75,0.04,1998-11-11,N
1918,106,2,22,3120.1,0.09,1995-08-24,R
1918,271,3,9,7480.01,0.03,1996-06-25,A
1918,315,4,4,6201.44,0.1,1995-01-24,R
1919,474,1,36,2374.64,0.08,1994-06-08,N
1920,768,1,2,8707.36,0.02,1996-03-25,N
1920,439,2,47,9697.44,0.05,1998-08-25,R
1920,399,3,28,7385.14,0.02,1995-08-16,R
1921,760,1,15,4787.77,0.03,1995-02-18,R
1922,511,1,9,1264.97,0.01,1994-08-26,A
1922,25,2,12,9016.03,0.01,1996-07-11,R
1923,220,1,23,6281.95,0.0,1997-10-22,N
1924,159,1,9,3997.1,0.08,1992-11-15,A
1925,298,1,9,9937.67,0.07,1994-11-06,R
1925,453,2,24,9834.91,0.08,1997-11-20,A
1925,447,3,46,6397.06,0.07,1995-01-28,A
1925,543,4,18,800.94,0.06,1996-02-09,N
1926,553,1,15,8790.44,0.04,1997-02-08,N
1927,244,1,14,2815.66,0.02,1996-10-06,N
1927,88,2,4,7496.63,0.1,1996-08-14,R
1927,664,3,44,6071.52,0.1,1998-10-12,R
1927,563,4,43,163.15,0.07,1994-01-11,R
1928,146,1,48,3293.99,0.07,1996-08-02,A
1928,390,2,47,7362.59,0.06,1997-05-20,R
1928,74,3,35,4742.16,0.05,1998-06-07,R
1929,483,1,46,3043.99,0.01,1998-08-06,R
1930,654,1,21,8001.18,0.06,1995-12-21,A
1930,758,2,28,3734.01,0.09,1995-07-19,R
1930,393,3,4,4006.52,0.04,1995-10-23,R
1931,551,1,15,4908.71,0.0,1997-01-01,R
1932,589,1,3,628.37,0.09,1996-06-04,N
1933,745,1,27,1132.51,0.03,1993-09-28,N
1933,581,2,7,8251.07,0.08,1995-09-17,R
1934,63,1,49,8725.56,0.09,1993-09-05,R
1935,109,1,29,8753.58,0.03,1998-12-20,N
1936,769,1,8,9637.25,0.1,1995-02-03,N
1936,37,2,24,3088.8,0.09,1994-03-20,A
1937,287,1,29,7141.68,0.02,1996-10-17,A
1937,382,2,10,4463.24,0.07,1994-09-28,N
1937,310,3,9,9132.3,0.08,1997-05-13,R
1938,331,1,19,5164.36,0.03,1997-09-17,R
1939,313,1,45,5972.67,0.06,1996-03-13,N
1939,707,2,27,3486.67,0.08,1992-03-19,N
1940,735,1,17,4272.05,0.1,1996-11-08,R
1940,6,2,18,3430.54,0.02,1995-06-20,R
1941,664,1,50,6652.7,0.02,1996-11-23,N
1941,202,2,44,5321.36,0.01,1998-06-20,R
1941,376,3,42,6889.97,0.1,1994-08-18,R
1942,332,1,16,9303.36,0.05,1992-04-12,A
1942,751,2,45,6733.54,0.04,1996-09-11,A
1943,382,1,4,1051.84,0.06,1992-11-14,A
1943,565,2,3,4211.58,0.0,1992-01-14,R
1943,363,3,8,8627.45,0.04,1996-07-02,R
1944,225,1,26,1657.86,0.07,1992-04-12,R
1944,777,2,49,3808.09,0.06,1992-01-25,A
1944,123,3,33,7111.08,0.0,1992-10-16,A
1945,188,1,25,7152.02,0.02,1998-04-22,N
1946,687,1,42,9373.02,0.1,1992-05-05,R
1946,416,2,43,6437.54,0.09,1997-05-03,A
1946,80,3,21,1315.39,0.02,1994-11-24,R
1947,481,1,40,540.1,0.1,1992-07-07,A
1947,339,2,6,5066.72,0.07,1995-05-08,A
1947,634,3,24,1574.14,0.02,1998-01-10,A
1948,86,1,28,7291.24,0.02,1992-10-04,A
1949,415,1,1,2460.27,0.06,1997-08-03,A
1950,389,1,46,4685.41,0.1,1995-11-07,N
1950,33,2,4,5128.06,0.1,1995-03-21,R
1951,87,1,48,9607.05,0.05,1992-04-02,A
1952,315,1,17,2229.71,0.04,1998-10-26,N
1953,284,1,25,1873.73,0.09,1995-12-19,N
1953,669,2,24,6170.84,0.03,1995-05-23,A
1954,412,1,14,8133.31,0.0,1993-07-28,A
1954,614,2,5,9726.81,0.02,1997-12-07,R
1954,356,3,14,335.33,0.0,1994-05-14,N
1954,695,4,22,9251.91,0.08,1996-09-22,N
1955,356,1,38,2311.44,0.08,1997-12-19,A
1955,481,2,32,2030.18,0.0,1997-02-04,N
1955,504,3,32,8855.56,0.02,1993-03-23,N
1955,335,4,16,8334.24,0.09,1996-03-15,N
1955,461,5,20,2235.38,0.06,1992-02-14,A
1956,85,1,4,7317.4,0.09,1997-10-06,N
1956,616,2,36,6189.09,0.02,1998-12-16,R
1957,218,1,1,9082.19,0.09,1992-12-14,A
1957,743,2,35,1160.34,0.06,1998-11-25,A
1958,700,1,2,1627.36,0.02,1996-04-02,N
1958,706,2,6,5316.84,0.0,1992-08-27,A
1959,35,1,20,880.21,0.0,1998-01-18,R
1959,16,2,13,4885.48,0.02,1997-10-25,R
1959,245,3,14,4887.97,0.0,1996-08-25,R
1960,87,1,15,3116.72,0.01,1995-05-26,R
1960,60,2,48,6205.6,0.02,1996-05-14,A
1961,12,1,25,7136.78,0.09,1994-12-02,R
1962,766,1,7,8637.15,0.01,1996-02-10,A
1962,49,2,1,3355.57,0.04,1995-07-11,R
1962,526,3,47,4930.73,0.07,1996-10-05,R
1963,235,1,8,2579.39,0.09,1997-05-18,N
1964,498,1,10,2466.8,0.08,1997-01-05,A
1965,407,1,32,1223.03,0.03,1996-12-02,A
1965,264,2,37,832.93,0.04,1993-06-18,A
1965,87,3,31,3018.05,0.08,1992-01-08,A
1966,655,1,50,3303.54,0.03,1995-12-26,N
1966,370,2,22,2359.44,0.07,1996-02-08,A
1967,692,1,20,5040.47,0.1,1996-04-24,R
1967,664,2,39,1442.39,0.03,1996-05-08,A
1968,602,1,37,7610.15,0.03,1996-04-19,R
1969,791,1,46,9075.32,0.1,1996-06-14,A
1969,739,2,50,9264.93,0.04,1997-04-19,N
1969,256,3,39,9386.79,0.07,1998-05-13,R
1970,112,1,2,9663.37,0.02,1994-06-16,R
1971,579,1,5,2857.0,0.04,1997-09-23,R
1972,8,1,33,2947.87,0.08,1992-07-24,R
1972,493,2,40,623.1,0.03,1993-05-18,R
1972,114,3,12,6740.89,0.08,1997-06-14,R
1973,19,1,33,3228.12,0.06,1998-06-23,R
1973,496,2,21,6337.42,0.07,1996-11-12,A
1973,421,3,49,7341.21,0.01,1998-08-25,R
1973,731,4,5,6736.05,0.07,1997-04-21,A
1974,72,1,6,7827.95,0.03,1998-02-09,N
1974,296,2,6,4895.44,0.03,1995-10-11,R
1975,289,1,49,5678.57,0.03,1998-12-04,R
1975,643,2,9,9863.45,0.04,1998-04-26,R
1976,714,1,21,981.03,0.03,1992-12-20,N
1977,316,1,29,138.01,0.08,1997-10-22,N
1977,16,2,11,1522.23,0.09,1995-08-13,N
1977,408,3,9,1945.29,0.07,1997-01-26,R
1978,147,1,34,9838.68,0.06,1992-09-12,R
1978,479,2,42,3649.15,0.06,1996-10-08,N
1979,251,1,43,1127.28,0.05,1994-11-28,R
1979,178,2,26,6972.93,0.08,1993-04-13,A
1980,791,1,36,4595.02,0.04,1997-08-07,R
1980,567,2,34,7042.04,0.02,1993-10-08,N
1980,490,3,8,8797.69,0.09,1996-08-02,N
1981,92,1,11,6626.53,0.09,1997-03-23,A
1981,149,2,38,3115.43,0.02,1995-10-09,R
1982,239,1,6,7450.36,0.07,1997-12-05,N
1983,128,1,14,9361.29,0.02,1994-06-05,N
1984,157,1,34,3117.28,0.03,1992-01-28,A
1985,281,1,37,553.78,0.01,1992-04-10,A
1986,702,1,1,9866.08,0.09,1994-04-17,A
1986,89,2,46,6816.44,0.04,1995-06-23,A
1987,489,1,45,5544.59,0.05,1997-02-02,A
1987,92,2,40,3466.65,0.09,1992-03-12,R
1987,331,3,40,7463.31,0.1,1996-04-04,R
1987,39,4,31,6254.82,0.03,1992-09-20,R
1987,497,5,16,9471.41,0.07,1992-09-15,N
1987,385,6,31,1501.12,0.03,1992-01-05,N
1988,49,1,40,8784.06,0.1,1996-02-27,R
1989,284,1,35,8984.57,0.09,1992-03-03,N
1989,599,2,25,9436.63,0.03,1994-02-06,N
1990,604,1,43,9000.01,0.1,1997-12-11,N
1990,684,2,35,1413.93,0.05,1995-04-01,R
1991,156,1,25,9804.83,0.07,1992-06-20,A
1991,413,2,9,7515.36,0.01,1997-02-17,A
1992,434,1,4,3165.16,0.07,1997-09-10,A
1992,516,2,42,7944.66,0.01,1994-03-13,R
1993,8,1,25,1204.35,0.03,1997-09-24,A
1993,36,2,7,7711.1,0.1,1998-05-22,N
1993,674,3,16,2524.38,0.06,1996-02-27,A
1994,538,1,43,2737.48,0.08,1997-03-16,A
1994,541,2,41,9225.67,0.08,1998-02-03,A
1995,773,1,9,128.92,0.02,1996-09-03,A
1995,545,2,22,4802.87,0.05,1998-04-05,N
1996,716,1,39,6664.31,0.05,1995-11-08,N
1996,695,2,42,6698.4,0.05,1996-01-03,N
1997,99,1,33,6680.91,0.05,1995-09-25,R
1998,777,1,12,2727.97,0.04,1996-10-23,A
1999,99,1,34,6464.33,0.1,1995-12-01,A
1999,384,2,42,1359.34,0.05,1992-11-26,R
1999,166,3,47,4740.41,0.02,1995-03-14,A
2000,333,1,42,5943.83,0.09,1992-11-17,R
2000,181,2,34,8455.8,0.06,1995-09-25,A
2001,3,1,35,7592.55,0.01,1995-10-21,R
2002,476,1,46,7971.78,0.05,1998-07-23,A
2002,469,2,17,9425.82,0.1,1997-07-23,N
2003,356,1,14,4838.0,0.01,1995-06-05,R
2004,131,1,31,7561.82,0.09,1995-05-03,A
2004,31,2,3,6585.37,0.01,1995-09-10,A
2005,319,1,5,2522.28,0.06,1994-12-03,N
2005,412,2,37,2945.52,0.07,1992-04-16,R
2006,666,1,50,2158.91,0.08,1992-04-05,N
2006,510,2,33,1131.72,0.08,1994-05-22,A
2006,223,3,31,831.25,0.1,1998-11-28,N
2007,757,1,39,7676.64,0.1,1996-12-26,A
2007,81,2,30,9186.49,0.01,1998-04-24,N
2007,408,3,23,2812.78,0.03,1992-04-28,A
2007,418,4,2,2037.74,0.1,1998-03-11,N
2007,359,5,33,7603.68,0.05,1997-07-15,R
2008,250,1,30,4435.45,0.05,1994-10-22,R
2008,325,2,47,2902.04,0.08,1996-07-01,A
2008,127,3,26,9825.51,0.06,1993-08-15,R
2009,133,1,6,8344.6,0.06,1993-09-28,N
2009,421,2,39,3220.54,0.04,1993-11-22,A
2010,566,1,40,929.77,0.01,1998-01-05,R
2011,231,1,21,1101.86,0.04,1997-09-19,R
2012,349,1,11,8973.82,0.04,1993-02-04,A
2013,663,1,39,6921.8,0.07,1997-03-19,N
2014,364,1,31,8289.14,0.02,1997-03-04,N
2014,162,2,1,5612.28,0.05,1997-07-05,R
2015,325,1,4,9293.67,0.05,1993-11-03,A
2015,445,2,44,5083.24,0.08,1992-12-06,A
2016,47,1,12,4671.23,0.08,1993-02-16,R
2016,512,2,1,6077.03,0.02,1992-05-17,A
2017,506,1,34,4794.49,0.04,1996-06-23,R
2017,172,2,19,8419.41,0.03,1995-06-02,A
2017,521,3,19,1200.62,0.1,1998-09-26,A
2018,85,1,31,2186.79,0.03,1994-07-20,R
2019,42,1,1,7299.93,0.06,1992-10-26,R
2019,286,2,16,9215.83,0.03,1997-05-13,N
2019,657,3,22,4944.56,0.02,1993-08-15,R
2019,709,4,13,6164.11,0.04,1994-01-02,N
2020,585,1,36,5618.16,0.06,1997-12-08,A
2020,368,2,32,8990.71,0.06,1994-03-24,N
2020,95,3,38,2234.93,0.01,1993-02-17,R
2020,632,4,19,2775.95,0.06,1993-11-22,A
2020,489,5,23,1152.24,0.08,1993-09-13,R
2021,386,1,1,4341.21,0.0,1993-03-28,R
2021,342,2,49,4088.91,0.02,1994-12-26,R
2021,789,3,8,834.34,0.09,1997-12-05,A
2022,399,1,30,9430.0,0.03,1993-09-20,N
2022,118,2,19,3837.49,0.07,1998-06-14,N
2023,186,1,40,4636.48,0.0,1998-12-09,A
2023,735,2,42,2592.28,0.03,1994-08-09,A
2024,403,1,30,550.26,0.0,1995-08-20,A
2024,75,2,25,4382.99,0.06,1996-02-03,N
2024,43,3,24,174.88,0.07,1997-09-15,A
2024,109,4,14,5068.05,0.07,1995-10-02,R
2025,768,1,3,415.8,0.05,1997-04-05,N
2025,531,2,49,752.89,0.03,1994-03-05,A
2026,14,1,32,4567.04,0.1,1994-02-24,N
2026,232,2,24,1842.77,0.01,1992-08-20,R
2027,93,1,30,4055.55,0.05,1995-06-09,N
2028,598,1,20,4272.44,0.08,1997-09-23,A
2029,690,1,35,1167.16,0.0,1998-09-01,A
2029,545,2,14,1014.54,0.03,1992-03-04,N
2029,721,3,10,931.69,0.04,1996-01-14,A
2030,155,1,3,8306.09,0.06,1993-10-15,A
2031,414,1,2,136.36,0.1,1996-05-22,A
2031,661,2,21,524.44,0.02,1995-11-10,R
2031,162,3,27,9961.78,0.03,1992-06-12,A
2032,21,1,26,2582.04,0.01,1992-04-10,A
2033,167,1,29,2070.55,0.09,1998-05-22,N
2033,593,2,17,8299.67,0.1,1993-01-17,N
2033,686,3,23,4670.94,0.06,1998-07-04,N
2033,348,4,11,373.5,0.03,1998-05-05,R
2034,296,1,26,2416.77,0.05,1996-07-02,N
2035,520,1,8,4926.95,0.09,1998-07-19,A
2036,201,1,22,5078.0,0.03,1995-01-24,A
2036,148,2,44,6015.59,0.1,1994-12-16,N
2036,477,3,18,6508.21,0.08,1994-06-13,N
2036,362,4,44,5582.39,0.02,1994-11-01,N
2037,14,1,26,3377.08,0.07,1993-02-07,R
2037,459,2,32,7728.76,0.06,1995-12-11,R
2038,138,1,7,7054.69,0.01,1997-02-12,R
2038,143,2,5,3205.72,0.07,1996-09-05,A
2039,425,1,35,9489.43,0.07,1992-01-10,N
2040,658,1,48,1927.01,0.08,1995-06-25,N
2040,119,2,25,5953.62,0.01,1993-04-10,R
2041,241,1,42,8116.92,0.0,1995-12-06,A
2042,177,1,11,3289.99,0.09,1992-12-02,A
2042,183,2,17,6474.2,0.0,1993-02-06,R
2043,506,1,49,8056.9,0.02,1992-12-19,A
2043,637,2,36,9496.6,0.06,1994-02-11,N
2044,110,1,42,4678.53,0.09,1992-06-28,A
2044,356,2,33,9511.06,0.07,1994-02-11,A
2044,473,3,6,9100.96,0.05,1997-04-18,N
2044,162,4,31,8651.69,0.06,1994-09-19,A
2044,388,5,13,9571.94,0.06,1998-07-05,N
2045,597,1,26,5353.19,0.1,1993-02-21,A
2045,588,2,36,2336.03,0.0,1998-09-09,R
2046,43,1,46,9664.0,0.02,1995-12-01,R
2047,312,1,30,2749.68,0.08,1996-05-19,N
2047,511,2,6,4659.12,0.08,1994-12-26,A
2047,395,3,4,571.91,0.04,1995-11-27,A
2048,121,1,28,935.99,0.0,1994-01-11,N
2048,219,2,21,2501.41,0.07,1993-03-19,N
2048,94,3,44,5504.18,0.04,1994-12-13,A
2049,135,1,11,1437.89,0.08,1992-11-25,N
2049,46,2,41,5446.56,0.1,1994-01-21,N
2050,331,1,5,7669.97,0.01,1995-03-20,A
2050,678,2,4,1402.25,0.01,1992-08-19,N
2050,463,3,33,1756.94,0.03,1996-04-18,A
2051,113,1,38,653.1,0.01,1997-05-14,R
2052,479,1,28,9482.48,0.1,1998-12-13,A
2052,681,2,45,5154.9,0.05,1996-03-23,N
2052,352,3,37,466.41,0.04,1997-05-20,N
2053,130,1,27,916.54,0.02,1997-12-21,R
2053,264,2,47,8137.81,0.06,1997-02-05,R
2054,502,1,50,7204.99,0.06,1992-02-21,N
2054,609,2,46,5919.15,0.02,1998-11-12,N
2054,544,3,46,6714.62,0.03,1998-12-07,A
2055,394,1,31,6965.6,0.07,1992-01-16,N
2056,56,1,29,7817.62,0.05,1992-01-19,N
2056,181,2,23,3156.13,0.09,1997-07-25,R
2056,720,3,27,919.84,0.03,1996-02-27,N
2056,461,4,12,875.49,0.05,1994-03-17,A
2057,723,1,6,7356.63,0.06,1995-09-18,A
2058,765,1,16,1793.77,0.07,1996-09-06,A
2059,717,1,48,5420.05,0.02,1994-10-25,A
2059,150,2,40,262.8,0.08,1997-03-28,R
2060,115,1,29,3246.8,0.01,1996-09-04,N
2061,499,1,31,8962.24,0.02,1992-05-04,A
2061,169,2,31,4052.8,0.0,1998-06-21,R
2061,491,3,41,161.53,0.01,1992-06-02,A
2062,681,1,50,1895.6,0.02,1992-07-21,A
2063,254,1,26,6136.13,0.08,1993-11-08,R
2064,383,1,30,8994.13,0.08,1992-09-24,N
2064,707,2,24,1388.38,0.0,1992-01-21,N
2065,425,1,16,960.94,0.08,1993-04-19,A
2066,777,1,35,3595.24,0.0,1997-05-28,A
2066,686,2,41,995.35,0.04,1997-02-01,N
2067,141,1,48,4945.0,0.07,1992-09-16,N
2067,51,2,21,6136.29,0.08,1996-07-12,N
2068,602,1,40,6709.67,0.0,1997-06-21,A
2068,564,2,2,5093.66,0.02,1997-11-10,A
2069,91,1,42,811.37,0.07,1996-07-21,A
2069,31,2,35,6532.92,0.07,1996-11-19,R
2070,315,1,38,7725.31,0.08,1992-11-06,A
2071,506,1,40,5240.72,0.1,1998-05-19,A
2071,772,2,29,8658.82,0.02,1996-01-06,N
2071,489,3,30,5694.63,0.02,1994-08-28,N
2071,67,4,28,5780.01,0.05,1992-01-22,N
2072,395,1,40,7035.97,0.0,1998-07-06,R
2073,635,1,13,7442.41,0.09,1997-01-12,N
2074,611,1,2,5311.0,0.07,1997-02-08,R
2075,44,1,28,4771.95,0.06,1993-03-03,R
2075,293,2,24,4937.68,0.07,1995-09-07,N
2076,319,1,35,3327.73,0.1,1995-11-07,A
2076,81,2,31,752.99,0.05,1992-09-01,N
2077,84,1,49,4254.26,0.07,1996-12-25,A
2077,512,2,26,1309.33,0.02,1993-05-14,N
2078,652,1,15,2139.35,0.02,1998-09-09,N
2079,737,1,13,875.05,0.02,1996-08-25,R
2080,687,1,5,5004.99,0.09,1997-10-24,N
2080,489,2,6,9600.03,0.08,1993-02-24,R
2080,627,3,19,8373.94,0.04,1992-07-18,N
2081,536,1,31,544.85,0.04,1992-10-22,R
2082,615,1,44,5882.46,0.05,1992-09-27,N
2082,256,2,35,4153.82,0.0,1995-02-23,A
2083,304,1,7,5515.04,0.07,1994-03-22,N
2083,157,2,21,4890.51,0.06,1993-01-18,A
2084,440,1,19,144.65,0.08,1994-08-07,A
2084,493,2,43,3362.39,0.02,1997-03-28,A
2085,310,1,7,5804.92,0.05,1996-02-22,R
2086,520,1,46,1283.26,0.08,1997-04-03,R
2087,788,1,24,7036.57,0.07,1995-12-01,A
2087,88,2,50,5755.06,0.03,1995-12-25,R
2088,695,1,29,8880.45,0.0,1992-07-10,N
2088,584,2,36,9726.95,0.06,1997-05-20,A
2088,752,3,5,5741.44,0.01,1997-12-24,R
2088,450,4,8,4442.54,0.05,1994-01-09,N
2089,187,1,45,7929.02,0.03,1995-10-24,N
2089,714,2,33,7477.92,0.0,1998-04-27,R
2090,261,1,3,1643.37,0.02,1993-01-06,N
2090,39,2,38,2822.72,0.03,1998-08-24,A
2091,533,1,39,4703.1,0.05,1992-12-01,N
2091,487,2,11,8629.7,0.08,1994-10-12,A
2091,393,3,21,366.13,0.09,1992-10-14,N
2091,595,4,25,192.93,0.02,1994-03-07,N
2092,34,1,50,6527.36,0.06,1998-10-11,N
2093,611,1,38,8525.81,0.05,1997-07-13,R
2093,414,2,42,2100.18,0.07,1992-09-23,N
2094,3,1,27,9342.47,0.1,1997-11-15,N
2094,602,2,12,9682.67,0.06,1998-09-20,A
2095,453,1,47,6041.79,0.02,1992-01-23,N
2096,509,1,39,4767.94,0.02,1992-12-18,A
2096,622,2,16,2164.6,0.03,1998-12-06,R
2096,744,3,6,7615.78,0.06,1998-05-04,R
2097,212,1,31,5726.04,0.06,1995-04-02,A
2097,170,2,42,5077.53,0.09,1994-09-14,R
2097,776,3,21,2587.2,0.06,1997-08-26,R
2098,642,1,37,7520.3,0.07,1998-12-05,A
2098,72,2,48,2705.82,0.01,1993-06-09,N
2099,654,1,44,7392.29,0.07,1996-10-28,R
2099,735,2,49,1141.06,0.03,1992-01-05,R
2100,612,1,24,8674.89,0.04,1995-06-10,R
2101,493,1,10,7947.99,0.03,1994-03-06,A
2101,627,2,33,9780.94,0.01,1992-03-09,A
2102,662,1,6,5293.07,0.01,1996-10-22,R
2102,540,2,49,6391.04,0.07,1995-12-23,A
2102,359,3,50,5149.84,0.05,1993-02-05,A
2103,556,1,12,8179.49,0.08,1995-12-02,R
2103,413,2,50,4627.73,0.03,1993-06-03,N
2103,160,3,6,1276.82,0.05,1994-05-26,R
2104,584,1,46,8264.69,0.02,1996-01-02,N
2105,118,1,16,6882.31,0.1,1993-12-04,A
2105,631,2,12,6234.55,0.02,1997-11-03,R
2105,517,3,29,8282.19,0.0,1994-12-05,A
2106,63,1,34,7785.69,0.09,1998-10-13,N
2107,264,1,29,7218.49,0.06,1997-04-09,R
2107,526,2,20,8138.11,0.06,1998-03-28,N
2107,262,3,21,1746.67,0.06,1993-06-14,A
2107,225,4,32,7763.75,0.09,1996-07-14,A
2108,748,1,10,5674.1,0.01,1998-12-28,A
2109,792,1,1,1494.36,0.08,1992-10-19,R
2110,783,1,34,4264.0,0.09,1997-11-12,R
2111,747,1,9,1190.98,0.1,1997-09-09,N
2111,327,2,25,5439.97,0.09,1994-01-19,R
2112,13,1,19,8051.39,0.0,1992-02-21,N
2112,370,2,1,9335.75,0.04,1995-06-24,R
2112,70,3,16,3843.8,0.05,1993-12-01,R
2112,336,4,41,1105.7,0.1,1994-06-06,R
2113,570,1,46,8958.76,0.03,1992-04-13,N
2114,788,1,27,3361.03,0.0,1993-06-08,A
2114,376,2,35,394.49,0.02,1993-09-02,N
2114,556,3,13,3139.97,0.06,1992-05-17,R
2114,181,4,47,7503.23,0.06,1994-01-23,R
2115,603,1,11,6591.61,0.06,1995-08-19,R
2115,42,2,18,850.14,0.06,1994-08-26,N
2116,74,1,12,9205.65,0.08,1995-05-17,R
2117,404,1,20,7435.32,0.02,1996-03-14,N
2118,587,1,23,7400.21,0.02,1996-08-15,N
2118,334,2,44,6638.66,0.01,1998-12-26,A
2118,122,3,32,343.44,0.03,1994-10-05,N
2119,8,1,20,5930.97,0.0,1998-09-27,R
2119,313,2,5,279.87,0.07,1992-09-01,A
2119,192,3,2,9169.9,0.07,1998-12-06,N
2119,443,4,33,8748.13,0.05,1996-08-18,R
2119,558,5,3,6825.14,0.09,1998-01-26,R
2120,703,1,29,7066.51,0.02,1994-12-20,A
2120,25,2,31,1776.42,0.02,1995-03-10,R
2120,768,3,36,6055.2,0.03,1997-11-13,A
2121,262,1,12,2029.01,0.08,1997-03-28,R
2121,558,2,24,5559.68,0.06,1995-04-02,R
2121,131,3,23,9500.73,0.08,1992-10-05,R
2122,694,1,22,8914.39,0.08,1996-11-20,R
2122,412,2,46,826.65,0.03,1995-10-08,N
2123,472,1,4,902.17,0.08,1997-08-13,R
2123,41,2,29,8776.47,0.02,1994-06-24,R
2124,190,1,50,5289.74,0.01,1997-03-21,R
2124,261,2,19,9696.05,0.08,1995-06-24,A
2125,105,1,24,8219.17,0.08,1997-07-16,A
2125,91,2,36,410.63,0.08,1995-09-17,N
2126,529,1,4,2135.66,0.05,1994-12-14,N
2126,261,2,5,8643.29,0.1,1997-12-12,R
2127,705,1,30,7927.73,0.09,1998-01-07,A
2127,541,2,17,3880.55,0.09,1994-02-06,N
2128,367,1,36,205.7,0.07,1993-01-01,R
2128,231,2,9,5972.57,0.06,1996-03-19,N
2129,666,1,24,2178.86,0.06,1994-05-24,R
2129,168,2,38,7852.6,0.08,1992-07-20,R
2130,188,1,38,9767.5,0.1,1993-08-13,A
2131,641,1,20,8603.2,0.03,1992-11-17,N
2131,7,2,15,638.86,0.06,1993-05-21,N
2131,133,3,14,6050.33,0.05,1995-11-11,N
2131,346,4,19,7849.33,0.03,1993-07-09,N
2132,714,1,47,7043.04,0.04,1993-11-04,A
2132,590,2,8,2047.88,0.1,1993-06-08,A
2133,561,1,18,1328.34,0.05,1995-09-28,A
2133,280,2,35,2724.9,0.07,1998-06-13,N
2134,735,1,47,8380.36,0.0,1992-07-19,N
2135,783,1,35,378.9,0.02,1995-09-22,N
2135,43,2,9,3416.51,0.02,1994-02-04,A
2136,357,1,23,9336.3,0.05,1992-01-15,R
2137,203,1,35,7069.49,0.0,1996-10-15,N
2138,241,1,31,8736.35,0.01,1992-09-01,A
2138,272,2,26,4129.59,0.04,1997-11-18,A
2138,371,3,44,4894.6,0.09,1997-10-28,N
2139,278,1,27,5929.68,0.03,1998-03-25,A
2139,40,2,34,7065.59,0.01,1998-03-16,A
2139,527,3,17,7937.02,0.03,1993-10-25,N
2140,115,1,7,5925.98,0.08,1994-07-25,N
2140,316,2,36,8543.13,0.03,1992-09-07,A
2141,660,1,47,8159.55,0.03,1998-01-11,A
2141,343,2,41,207.94,0.06,1993-03-17,R
2141,110,3,10,1585.65,0.0,1992-11-16,R
2142,265,1,19,1914.72,0.06,1998-09-02,N
2142,789,2,11,5087.98,0.07,1998-07-07,R
2142,767,3,41,2943.32,0.05,1995-05-10,R
2142,766,4,34,2716.3,0.0,1996-05-22,N
2143,759,1,12,600.18,0.02,1993-04-06,A
2143,204,2,23,3451.18,0.06,1997-09-22,R
2143,94,3,20,9496.66,0.06,1995-03-01,R
2143,298,4,48,5611.59,0.1,1998-03-19,R
2144,191,1,31,1983.0,0.01,1993-05-05,N
2144,201,2,38,5951.87,0.09,1993-04-03,A
2145,478,1,26,2427.57,0.09,1994-03-04,N
2146,714,1,9,4233.76,0.07,1995-03-23,R
2146,533,2,30,889.45,0.0,1992-11-04,N
2146,366,3,36,8719.04,0.08,1994-01-24,N
2147,348,1,18,5642.92,0.08,1996-01-24,R
2147,782,2,7,8171.92,0.05,1994-11-07,N
2148,64,1,45,2557.4,0.04,1993-06-19,R
2149,18,1,49,5165.72,0.0,1994-03-17,R
2149,180,2,46,7194.8,0.06,1994-01-01,R
2150,698,1,15,5973.19,0.05,1993-03-22,R
2151,234,1,28,3128.65,0.05,1998-01-22,N
2151,342,2,30,9548.36,0.1,1992-01-27,N
2151,126,3,34,1823.77,0.04,1994-10-10,R
2151,14,4,40,8306.4,0.02,1993-03-16,A
2152,101,1,17,8483.54,0.08,1992-03-01,R
2152,408,2,1,137.89,0.03,1996-08-23,A
2153,273,1,37,3805.19,0.09,1995-11-05,N
2153,61,2,29,2571.94,0.04,1994-10-03,N
2154,311,1,19,5709.23,0.0,1998-03-23,R
2154,406,2,44,4687.4,0.07,1993-12-03,A
2155,729,1,28,4320.95,0.09,1994-12-19,A
2155,619,2,8,6630.81,0.1,1994-04-13,N
2155,777,3,22,5561.32,0.03,1995-12-16,N
2155,13,4,3,1098.67,0.01,1998-05-17,R
2156,687,1,28,1475.32,0.08,1994-03-01,R
2156,519,2,47,2148.23,0.02,1997-03-18,R
2157,739,1,36,4224.28,0.05,1998-12-05,A
2158,422,1,25,8879.58,0.1,1993-05-09,N
2158,247,2,3,1930.24,0.04,1993-06-12,N
2158,280,3,26,1620.16,0.09,1996-05-27,A
2159,449,1,5,6535.74,0.08,1992-12-21,A
2159,583,2,35,5769.29,0.06,1996-06-02,N
2160,74,1,45,887.96,0.1,1995-07-24,A
2160,796,2,46,9743.5,0.0,1997-01-01,R
2161,579,1,12,8660.21,0.03,1994-01-26,R
2161,288,2,30,1962.2,0.07,1994-08-11,A
2162,277,1,6,2308.54,0.09,1995-04-28,R
2162,549,2,16,3574.45,0.04,1993-03-28,N
2163,59,1,10,7690.74,0.0,1994-01-12,N
2164,185,1,23,7721.75,0.1,1997-09-28,N
2165,688,1,32,8130.6,0.05,1996-10-03,R
2166,289,1,42,8087.25,0.06,1993-12-15,R
2166,120,2,29,9808.2,0.0,1996-11-24,A
2166,115,3,5,1262.5,0.07,1995-11-19,R
2167,423,1,13,3272.27,0.08,1994-02-07,N
2167,503,2,49,4232.54,0.1,1997-03-09,N
2167,252,3,23,8639.36,0.08,1996-08-16,N
2168,641,1,23,3453.1,0.01,1996-08-10,R
2168,27,2,20,6743.81,0.01,1997-04-13,A
2168,671,3,40,9703.49,0.0,1993-12-08,N
2169,426,1,16,2563.84,0.0,1996-11-24,N
2170,530,1,41,2475.71,0.07,1992-10-10,R
2170,328,2,23,7486.67,0.03,1994-02-03,R
2171,321,1,37,4462.53,0.09,1994-06-06,R
2171,95,2,11,2140.05,0.0,1993-01-04,N
2171,755,3,13,914.58,0.08,1992-11-25,N
2172,220,1,26,425.86,0.08,1998-07-18,A
2172,168,2,12,6081.39,0.06,1998-03-15,N
2173,314,1,28,1643.85,0.06,1997-01-16,A
2174,415,1,34,1329.8,0.08,1996-05-19,A
2174,722,2,28,4560.68,0.06,1995-12-17,N
2175,72,1,28,2725.79,0.06,1996-01-20,N
2175,632,2,13,6962.31,0.09,1993-06-23,A
2175,385,3,41,3764.92,0.08,1994-08-22,N
2175,640,4,32,221.25,0.05,1995-12-20,R
2176,273,1,27,782.74,0.04,1992-07-19,N
2177,190,1,28,8854.08,0.05,1992-04-18,A
2177,240,2,26,8878.69,0.0,1995-11-27,N
2178,593,1,21,6254.58,0.05,1992-08-15,A
2178,220,2,47,8858.05,0.1,1992-05-06,N
2179,791,1,36,2470.97,0.01,1994-12-15,R
2179,187,2,46,7973.48,0.08,1995-10-21,R
2179,289,3,39,7494.52,0.1,1992-07-28,A
2180,669,1,30,3292.17,0.09,1992-01-24,A
2180,139,2,41,324.09,0.01,1996-08-12,A
2180,70,3,50,9363.31,0.01,1993-05-15,N
2181,67,1,42,271.67,0.07,1995-09-19,A
2181,23,2,18,6922.79,0.06,1994-08-24,R
2181,332,3,23,7851.94,0.05,1995-08-21,A
2181,69,4,10,4496.45,0.05,1998-07-03,A
2182,448,1,18,8239.25,0.06,1996-10-11,N
2182,5,2,45,8618.37,0.04,1992-12-17,R
2183,85,1,45,2107.13,0.1,1993-10-26,A
2184,59,1,8,5540.65,0.06,1994-08-12,A
2184,278,2,26,4341.87,0.0,1996-11-05,A
2184,407,3,14,3327.02,0.03,1998-06-04,A
2185,372,1,2,9826.3,0.03,1992-05-16,R
2186,705,1,6,2882.6,0.05,1993-11-18,A
2186,696,2,18,4566.08,0.05,1996-09-17,N
2187,618,1,45,9325.24,0.03,1992-07-25,N
2188,281,1,13,5052.24,0.05,1996-06-15,N
2188,286,2,18,7435.96,0.1,1992-06-04,A
2189,689,1,47,8647.41,0.09,1997-05-28,N
2190,398,1,40,4973.03,0.0,1995-03-21,R
2190,516,2,33,1856.64,0.01,1997-10-20,A
2191,392,1,21,1725.26,0.06,1992-02-06,A
2191,160,2,21,5415.75,0.03,1992-02-01,R
2192,597,1,1,4038.2,0.09,1992-04-11,A
2193,61,1,35,8672.09,0.07,1996-06-24,A
2194,253,1,43,5084.45,0.05,1996-11-22,R
2195,152,1,21,8808.7,0.09,1992-09-16,A
2195,502,2,37,9649.99,0.06,1995-09-13,R
2196,414,1,14,7590.61,0.03,1993-06-08,A
2196,797,2,3,7033.62,0.07,1998-02-27,N
2197,355,1,37,7497.47,0.01,1993-06-01,N
2198,730,1,49,7265.19,0.03,1997-07-17,N
2198,193,2,46,7274.02,0.03,1996-02-04,A
2198,715,3,2,5201.97,0.04,1995-06-22,R
2198,314,4,48,9806.06,0.02,1994-01-01,R
2199,552,1,14,7240.71,0.06,1993-09-18,N
2199,555,2,37,1327.24,0.07,1998-09-25,N
2199,300,3,8,9164.34,0.1,1995-11-12,A
2200,541,1,30,3671.14,0.02,1998-09-28,R
2201,717,1,24,9506.6,0.04,1993-01-02,A
2202,85,1,11,6859.63,0.03,1994-02-20,N
2203,687,1,30,196.26,0.05,1996-03-03,R
2203,769,2,29,4072.12,0.09,1998-07-14,R
2204,123,1,49,1259.75,0.05,1994-01-26,A
2204,129,2,29,7518.9,0.05,1995-12-25,R
2204,535,3,15,2751.08,0.01,1993-12-13,N
2205,305,1,5,185.31,0.04,1996-12-06,N
2206,296,1,3,5832.83,0.03,1994-09-28,N
2207,222,1,25,5864.35,0.09,1992-06-19,R
2207,462,2,32,6647.54,0.02,1995-10-19,A
2207,427,3,45,3522.27,0.0,1996-06-21,A
2208,87,1,33,3533.13,0.07,1995-08-09,N
2209,323,1,5,6368.14,0.03,1992-08-17,A
2209,473,2,43,2221.66,0.09,1992-12-23,R
2210,746,1,21,431.49,0.01,1992-06-12,N
2211,738,1,30,2478.3,0.1,1994-05-25,A
2212,433,1,38,3239.51,0.09,1998-02-22,N
2213,400,1,5,4339.26,0.06,1995-06-22,R
2213,585,2,46,1593.97,0.07,1995-08-16,A
2213,594,3,34,1896.95,0.05,1994-07-09,R
2214,212,1,5,3900.3,0.03,1995-02-25,R
2215,153,1,21,5458.18,0.01,1995-06-07,R
2215,42,2,13,6973.62,0.04,1993-07-27,A
2216,212,1,48,8073.71,0.03,1998-05-24,A
2216,317,2,27,3856.72,0.1,1998-09-09,A
2216,392,3,38,6593.42,0.03,1996-07-18,N
2217,682,1,29,6123.03,0.03,1997-01-18,R
2218,778,1,20,8332.92,0.03,1997-11-22,N
2218,604,2,1,3009.03,0.04,1994-06-04,A
2218,186,3,42,6037.59,0.1,1995-05-09,R
2219,375,1,45,9184.13,0.06,1993-07-03,A
2220,452,1,48,569.4,0.04,1993-03-27,N
2220,371,2,33,9437.27,0.07,1998-08-24,A
2220,671,3,11,5375.11,0.04,1996-11-09,N
2220,441,4,22,501.19,0.03,1995-09-21,N
2221,241,1,27,1302.3,0.02,1998-06-20,R
2222,467,1,35,9222.88,0.07,1997-06-25,N
2222,116,2,35,2689.74,0.1,1992-09-28,A
2222,107,3,42,2261.94,0.1,1998-03-04,R
2222,202,4,22,9372.27,0.07,1998-03-12,A
2223,566,1,49,8122.3,0.1,1997-02-11,R
2223,413,2,41,724.25,0.06,1995-12-03,A
2224,5,1,39,9025.25,0.06,1995-10-28,N
2224,791,2,37,5965.41,0.04,1994-10-11,A
2225,743,1,36,3136.8,0.06,1994-03-20,N
2225,325,2,46,6010.48,0.03,1993-02-15,A
2226,799,1,46,7745.19,0.01,1993-03-09,N
2226,327,2,10,9602.27,0.05,1996-03-10,R
2227,493,1,28,3971.36,0.01,1993-02-11,A
2227,546,2,3,2562.66,0.04,1995-01-21,N
2227,784,3,2,3529.94,0.05,1996-05-20,R
2227,786,4,15,9609.04,0.1,1995-02-14,N
2228,568,1,31,7377.49,0.07,1993-08-21,R
2228,576,2,30,2050.47,0.09,1992-09-08,N
2228,576,3,43,9035.83,0.08,1998-09-08,N
2229,479,1,37,4385.0,0.07,1993-10-09,A
2229,131,2,5,2238.86,0.0,1998-11-13,R
2230,67,1,37,259.66,0.01,1996-05-05,N
2230,83,2,5,4307.24,0.04,1997-11-06,N
2231,419,1,5,4517.06,0.01,1994-03-04,A
2232,91,1,11,5898.68,0.03,1995-09-18,N
2233,236,1,35,3155.04,0.05,1992-09-11,A
2233,75,2,33,4955.62,0.05,1995-01-13,A
2234,236,1,25,318.25,0.09,1994-01-01,R
2235,450,1,31,7399.73,0.06,1993-02-08,R
2235,674,2,28,5033.08,0.01,1998-05-11,A
2236,741,1,42,7148.62,0.04,1995-11-24,R
2236,560,2,44,5910.45,0.02,1995-07-28,R
2237,751,1,21,7559.5,0.02,1992-08-18,A
2238,483,1,41,4464.02,0.03,1994-12-12,A
2239,9,1,49,3286.44,0.02,1993-09-22,A
2240,628,1,36,8485.43,0.09,1994-03-15,R
2240,10,2,49,146.95,0.09,1997-11-05,R
2240,409,3,15,8675.64,0.02,1994-04-21,A
2241,183,1,30,9651.36,0.06,1997-12-27,N
2241,312,2,20,9910.34,0.01,1992-12-13,N
2242,295,1,34,4392.34,0.09,1995-12-17,R
2242,260,2,7,7581.02,0.1,1992-12-28,A
2243,64,1,43,4545.3,0.06,1993-05-06,A
2243,202,2,8,8675.07,0.0,1997-05-02,A
2244,571,1,4,8808.17,0.02,1993-03-19,A
2244,439,2,39,5710.14,0.03,1997-12-09,N
2245,213,1,23,605.65,0.1,1993-09-16,A
2246,645,1,33,4995.26,0.1,1994-08-07,A
2246,23,2,27,6124.59,0.05,1995-09-21,A
2246,207,3,47,2214.14,0.02,1995-07-28,N
2246,104,4,33,2330.32,0.05,1993-11-22,R
2247,576,1,19,799.8,0.06,1998-04-05,A
2247,606,2,49,5171.01,0.01,1996-03-15,A
2248,486,1,20,3309.4,0.07,1993-12-21,A
2248,206,2,37,3661.77,0.08,1992-04-04,A
2249,44,1,45,9679.27,0.1,1998-04-19,R
2249,95,2,24,6376.42,0.03,1995-07-10,R
2249,123,3,35,2294.76,0.02,1995-05-13,N
2250,432,1,28,4086.38,0.04,1996-10-24,N
2250,391,2,8,4878.73,0.09,1994-01-09,A
2250,151,3,38,8705.84,0.1,1993-07-15,A
2250,797,4,19,706.74,0.03,1997-12-11,R
2251,700,1,20,7961.47,0.04,1998-12-26,A
2251,585,2,13,2522.06,0.1,1994-11-04,N
2251,313,3,22,4756.53,0.04,1996-05-02,N
2252,297,1,20,2647.92,0.02,1994-06-04,N
2252,674,2,3,1507.35,0.1,1997-05-26,N
2252,433,3,16,6875.91,0.05,1996-08-11,A
2252,292,4,6,2316.33,0.06,1995-02-25,N
2253,534,1,48,2080.23,0.1,1997-10-14,A
2253,649,2,31,9695.8,0.1,1992-12-01,A
2253,428,3,16,7016.32,0.04,1997-03-19,A
2253,58,4,33,7647.73,0.03,1994-12-08,R
2253,256,5,2,2384.35,0.09,1996-01-05,N
2254,76,1,6,6500.66,0.09,1995-11-16,A
2254,163,2,36,2234.1,0.08,1996-01-24,N
2254,215,3,48,1288.85,0.03,1997-10-24,R
2255,650,1,6,9770.69,0.07,1994-01-13,A
2255,342,2,42,5356.03,0.06,1997-11-13,R
2256,469,1,49,490.89,0.02,1998-06-25,R
2257,384,1,43,7659.22,0.05,1992-04-02,R
2257,791,2,28,885.59,0.08,1998-04-22,N
2258,474,1,35,2922.68,0.1,1993-10-14,R
2259,159,1,1,8246.9,0.1,1993-04-28,A
2259,382,2,16,8755.44,0.04,1992-03-08,A
2260,186,1,41,5831.49,0.07,1997-04-26,R
2261,182,1,30,8369.99,0.03,1995-02-16,N
2262,218,1,36,2947.32,0.04,1993-05-09,A
2262,112,2,33,971.9,0.02,1997-10-19,N
2262,98,3,7,4629.74,0.04,1998-02-08,N
2262,197,4,13,5317.97,0.1,1997-04-04,N
2263,706,1,15,4536.68,0.02,1994-12-19,N
2264,729,1,21,7547.87,0.06,1997-04-09,A
2264,154,2,46,1192.41,0.08,1996-07-12,A
2264,236,3,48,2203.6,0.07,1994-11-17,R
2265,143,1,22,1184.65,0.03,1994-06-12,N
2265,60,2,18,5635.45,0.03,1997-10-15,R
2265,246,3,24,1571.71,0.02,1993-10-08,N
2266,37,1,3,7131.33,0.08,1995-11-04,R
2267,364,1,36,8632.58,0.1,1993-06-23,A
2267,651,2,38,1905.11,0.04,1998-09-04,A
2268,383,1,36,8494.5,0.03,1998-05-20,N
2268,84,2,44,8031.28,0.05,1996-11-17,N
2268,681,3,20,9620.19,0.0,1993-12-24,A
2268,546,4,50,3432.75,0.06,1993-06-22,N
2269,133,1,46,2991.03,0.07,1997-06-05,N
2269,177,2,3,1482.95,0.02,1994-10-28,A
2269,571,3,3,5111.9,0.02,1994-09-12,N
2270,176,1,2,1220.9,0.08,1992-11-18,N
2270,267,2,23,4191.01,0.04,1992-11-10,A
2270,110,3,39,5579.28,0.06,1993-04-01,R
2270,292,4,18,2775.6,0.08,1997-10-10,A
2271,83,1,50,2348.45,0.04,1995-04-01,A
2271,693,2,50,4603.1,0.01,1997-01-20,A
2271,775,3,48,3598.57,0.04,1994-01-07,N
2272,729,1,34,6874.28,0.0,1997-04-16,R
2272,26,2,21,1283.05,0.01,1996-06-17,R
2273,106,1,36,9896.24,0.06,1994-06-15,A
2273,97,2,1,4870.45,0.07,1992-04-14,A
2274,231,1,5,9063.78,0.1,1994-01-26,R
2274,313,2,26,5499.73,0.08,1997-09-15,A
2275,363,1,37,2017.48,0.02,1998-05-17,A
2275,253,2,21,5335.74,0.05,1993-04-20,R
2276,788,1,38,7908.73,0.05,1993-05-19,R
2276,670,2,36,6214.21,0.0,1998-05-02,A
2277,573,1,48,611.99,0.01,1993-08-12,R
2278,196,1,1,4698.85,0.07,1998-02-16,A
2279,599,1,39,4898.71,0.0,1993-03-23,A
2279,394,2,20,8054.65,0.07,1993-08-08,A
2280,514,1,2,3755.02,0.08,1995-03-15,R
2280,67,2,25,129.35,0.06,1997-10-07,N
2280,386,3,14,9300.34,0.04,1995-09-14,A
2280,411,4,39,5655.0,0.07,1998-08-10,R
2280,756,5,35,4562.36,0.08,1998-06-28,R
2281,684,1,41,5232.14,0.0,1995-01-17,N
2281,332,2,5,2912.96,0.09,1993-04-05,R
2281,684,3,10,4187.35,0.05,1996-05-09,A
2281,519,4,23,600.92,0.09,1998-08-08,A
2282,595,1,31,4671.33,0.07,1996-01-26,R
2282,343,2,34,5994.16,0.02,1994-11-28,R
2282,583,3,3,7235.44,0.02,1995-07-02,A
2283,230,1,4,6664.56,0.07,1993-11-25,N
2283,34,2,28,2347.97,0.03,1995-01-21,A
2284,284,1,36,7614.99,0.1,1997-08-04,A
2285,394,1,46,1019.74,0.07,1993-07-21,A
2285,393,2,50,6448.16,0.09,1994-02-16,N
2286,666,1,19,4704.97,0.09,1998-12-08,N
2287,549,1,1,1276.01,0.1,1995-09-20,R
2287,3,2,11,4154.69,0.06,1998-02-15,A
2288,465,1,10,4426.97,0.02,1995-03-12,N
2288,96,2,45,4651.93,0.03,1994-11-01,R
2288,63,3,36,4691.37,0.01,1993-01-27,R
2289,572,1,29,6966.97,0.04,1992-12-14,A
2289,264,2,9,1756.05,0.04,1998-02-04,A
2289,617,3,19,2258.28,0.07,1996-01-24,N
2290,393,1,35,3224.95,0.06,1998-05-22,A
2291,772,1,37,4387.97,0.07,1996-09-03,N
2291,399,2,13,2087.65,0.03,1995-06-11,N
2292,551,1,8,5021.03,0.02,1996-06-13,N
2293,312,1,5,2303.25,0.06,1998-11-22,N
2293,591,2,40,878.12,0.02,1998-09-21,A
2294,185,1,13,5196.07,0.0,1995-09-09,R
2295,558,1,39,5159.22,0.04,1998-02-16,A
2296,686,1,1,6034.69,0.06,1998-01-03,A
2296,441,2,16,1184.16,0.04,1992-01-26,N
2297,225,1,12,9762.01,0.08,1995-07-16,N
2298,501,1,34,9079.67,0.04,1993-03-14,A
2298,728,2,11,8590.21,0.04,1992-06-06,A
2299,419,1,31,7020.52,0.03,1994-06-24,A
2299,353,2,3,6187.37,0.01,1994-04-25,N
2300,483,1,1,9310.19,0.1,1995-09-22,A
2300,677,2,13,1025.12,0.04,1995-04-11,R
2300,181,3,20,6681.12,0.07,1994-07-12,A
2301,561,1,20,8922.76,0.03,1993-07-18,N
2301,459,2,6,8057.57,0.02,1997-06-14,A
2302,558,1,43,5890.27,0.05,1998-12-11,A
2302,698,2,37,2178.63,0.04,1996-02-05,R
2303,128,1,26,9983.53,0.06,1992-09-19,R
2304,75,1,25,2465.15,0.1,1998-01-14,R
2305,784,1,24,8742.33,0.03,1994-04-11,A
2306,651,1,33,8790.95,0.1,1995-03-13,A
2306,210,2,20,9593.72,0.06,1994-09-07,R
2306,508,3,20,2734.83,0.03,1998-03-26,A
2307,566,1,15,8392.92,0.03,1994-10-22,N
2307,459,2,27,1122.23,0.08,1994-03-17,N
2307,113,3,22,5729.4,0.1,1996-02-17,R
2308,351,1,50,6928.77,0.0,1994-06-12,A
2309,395,1,23,163.12,0.05,1992-04-19,A
2309,539,2,10,9774.97,0.1,1994-05-28,A
2310,769,1,35,552.45,0.06,1997-02-03,N
2310,643,2,41,2641.14,0.07,1997-06-14,A
2310,479,3,18,5610.22,0.08,1994-04-12,N
2310,741,4,24,9043.13,0.08,1996-11-27,N
2311,52,1,34,2887.77,0.0,1995-07-11,A
2311,218,2,35,2690.91,0.07,1993-11-17,N
2312,438,1,37,2146.12,0.01,1994-03-08,N
2313,52,1,9,6991.87,0.05,1997-12-14,N
2314,207,1,25,7647.62,0.1,1995-10-11,R
2315,57,1,15,8154.95,0.02,1997-12-03,R
2315,195,2,45,1492.45,0.06,1997-03-10,R
2316,101,1,50,7312.62,0.07,1996-08-08,N
2316,317,2,30,8168.24,0.05,1997-03-21,A
2316,769,3,47,7618.65,0.09,1992-06-06,R
2317,135,1,18,9899.24,0.06,1997-07-19,R
2317,314,2,10,8105.09,0.07,1995-12-15,N
2317,16,3,8,1796.45,0.09,1995-06-23,A
2317,298,4,34,6711.59,0.02,1995-10-09,R
2318,55,1,20,923.88,0.03,1993-07-05,R
2318,332,2,12,3008.38,0.06,1994-08-17,A
2319,222,1,11,7281.23,0.05,1994-01-11,A
2319,12,2,50,5219.96,0.0,1992-12-22,N
2320,90,1,35,8986.06,0.04,1992-04-10,R
2321,439,1,32,1370.36,0.09,1995-10-16,A
2322,72,1,34,969.14,0.06,1994-01-12,A
2322,404,2,14,3430.36,0.04,1994-02-28,A
2323,360,1,33,1983.24,0.09,1996-03-04,R
2323,612,2,21,4466.31,0.0,1992-10-14,A
2323,267,3,50,1515.8,0.05,1998-12-18,R
2323,524,4,26,3330.47,0.1,1997-08-20,N
2324,412,1,34,3303.52,0.09,1996-08-25,N
2324,609,2,20,9063.67,0.06,1992-03-03,N
2324,492,3,24,453.15,0.1,1994-03-06,R
2325,396,1,34,8298.72,0.03,1996-09-03,N
2325,420,2,20,1935.99,0.07,1997-09-12,A
2326,38,1,17,1845.45,0.03,1996-08-04,R
2326,274,2,30,620.8,0.05,1992-08-27,R
2327,225,1,41,9222.17,0.06,1995-06-12,R
2328,368,1,6,3217.59,0.01,1994-10-05,N
2328,391,2,23,218.32,0.0,1994-11-17,R
2328,203,3,31,1325.0,0.06,1994-03-27,A
2329,590,1,26,7870.28,0.04,1998-02-18,N
2329,97,2,25,1807.34,0.01,1995-09-28,A
2329,795,3,4,9520.71,0.08,1995-09-23,A
2330,176,1,35,4616.48,0.08,1992-08-15,A
2330,106,2,16,8885.96,0.06,1995-12-26,A
2330,300,3,33,5735.74,0.09,1992-12-05,R
2331,767,1,7,2618.02,0.01,1998-01-14,R
2331,110,2,28,7022.51,0.09,1993-02-05,N
2332,615,1,38,9216.71,0.09,1993-02-26,R
2333,52,1,3,4893.75,0.03,1992-12-12,A
2333,270,2,43,6454.3,0.05,1994-04-13,R
2334,719,1,42,1435.65,0.03,1992-08-20,R
2334,13,2,47,1277.03,0.07,1998-01-01,R
2335,265,1,34,7053.16,0.02,1998-12-16,A
2335,150,2,37,4302.16,0.03,1994-03-19,R
2336,641,1,11,498.23,0.07,1992-05-16,A
2337,209,1,21,5181.06,0.03,1997-02-17,A
2338,135,1,9,3573.61,0.07,1997-10-05,N
2339,433,1,23,4493.69,0.0,1994-02-05,R
2340,352,1,41,3865.2,0.05,1997-02-01,N
2341,169,1,50,2468.12,0.01,1995-03-23,A
2342,715,1,36,4546.98,0.02,1993-07-13,R
2342,590,2,5,9049.18,0.0,1995-07-19,R
2343,315,1,5,8667.14,0.0,1993-06-12,N
2344,81,1,9,3427.19,0.05,1992-05-26,N
2344,147,2,10,6605.77,0.09,1994-09-24,N
2344,299,3,48,5244.83,0.08,1997-11-17,R
2344,501,4,45,4116.46,0.06,1998-07-10,R
2344,134,5,5,7051.28,0.04,1998-07-12,A
2345,643,1,14,5770.49,0.07,1993-08-06,R
2346,448,1,43,675.4,0.06,1993-03-01,A
2346,233,2,3,7400.09,0.09,1993-01-26,A
2347,753,1,23,4646.57,0.04,1998-04-23,N
2347,709,2,31,8067.22,0.08,1994-06-05,R
2348,747,1,6,5544.24,0.04,1995-06-20,R
2348,231,2,37,2146.47,0.04,1996-10-25,A
2348,467,3,47,213.99,0.03,1996-07-20,N
2349,621,1,50,8031.57,0.1,1992-07-27,R
2349,660,2,12,2345.96,0.07,1997-08-19,N
2350,689,1,20,2584.34,0.03,1998-10-12,N
2351,381,1,6,6189.22,0.03,1993-09-09,R
2352,685,1,49,9959.79,0.01,1996-07-09,N
2353,700,1,45,715.99,0.08,1998-11-16,A
2354,592,1,32,4475.57,0.07,1998-07-19,N
2354,447,2,30,7714.67,0.09,1994-09-10,R
2355,356,1,13,3142.74,0.02,1992-06-22,N
2356,651,1,27,8210.52,0.0,1992-02-08,N
2356,435,2,47,7169.57,0.05,1992-05-14,R
2357,163,1,7,7015.7,0.01,1994-11-21,A
2357,594,2,24,4360.16,0.05,1996-10-14,N
2357,611,3,21,8521.14,0.0,1994-08-22,A
2358,666,1,6,3575.15,0.05,1992-04-10,N
2358,217,2,1,8163.69,0.07,1994-02-10,A
2358,137,3,33,6473.2,0.0,1994-11-11,R
2359,4,1,25,1916.36,0.06,1996-09-25,N
2359,154,2,39,7342.82,0.08,1997-11-07,A
2360,114,1,40,4494.16,0.01,1995-02-20,A
2360,482,2,18,4417.01,0.07,1997-08-20,A
2360,739,3,28,7580.98,0.02,1993-07-20,N
2361,605,1,35,1874.48,0.1,1998-08-22,A
2361,168,2,11,250.71,0.0,1995-09-02,A
2361,349,3,34,3990.1,0.06,1998-06-07,N
2361,505,4,44,5916.58,0.08,1992-01-15,N
2362,191,1,18,2066.44,0.09,1993-07-04,R
2363,160,1,29,598.68,0.07,1997-07-23,R
2364,391,1,13,4822.59,0.1,1998-09-12,A
2364,680,2,17,4266.39,0.03,1997-03-09,N
2365,259,1,4,9679.2,0.01,1996-11-26,R
2365,277,2,27,3594.17,0.03,1997-09-21,R
2365,741,3,26,7154.81,0.02,1998-09-02,N
2366,50,1,6,185.79,0.08,1996-06-11,A
2366,641,2,34,4862.14,0.08,1992-09-23,R
2366,748,3,9,7929.53,0.0,1996-12-24,R
2367,488,1,11,4579.4,0.09,1993-09-17,R
2367,339,2,7,3874.71,0.05,1998-04-13,R
2367,703,3,32,8655.79,0.08,1992-02-28,A
2368,767,1,25,7871.96,0.03,1992-08-03,R
2369,372,1,31,8211.52,0.1,1997-05-06,A
2370,223,1,11,1381.03,0.03,1998-09-21,N
2370,14,2,4,1408.37,0.06,1992-09-07,N
2371,776,1,4,6411.27,0.07,1995-04-09,A
2371,320,2,42,8216.8,0.05,1993-06-23,N
2371,242,3,9,7505.54,0.04,1998-09-21,A
2371,184,4,15,6468.08,0.08,1992-04-11,A
2372,69,1,33,7664.9,0.09,1996-11-18,A
2372,171,2,24,8915.32,0.04,1997-01-12,A
2373,617,1,8,2599.43,0.01,1997-06-11,N
2373,606,2,7,8059.18,0.05,1994-05-18,N
2374,513,1,19,6108.58,0.07,1992-05-12,R
2374,182,2,11,5625.46,0.01,1995-11-17,A
2375,159,1,3,1295.57,0.02,1995-05-21,N
2376,336,1,25,8448.5,0.06,1998-03-05,R
2376,564,2,27,3422.3,0.06,1995-09-09,N
2377,725,1,14,6562.45,0.09,1993-11-07,A
2377,244,2,28,1126.8,0.07,1994-02-16,R
2377,624,3,4,4767.92,0.07,1997-10-10,R
2378,686,1,19,2582.72,0.03,1992-09-17,N
2379,342,1,32,7470.28,0.05,1996-04-26,A
2379,692,2,25,662.53,0.1,1998-02-03,N
2380,4,1,28,9351.14,0.07,1998-06-26,A
2381,308,1,27,2711.25,0.0,1994-09-09,R
2381,712,2,26,7377.87,0.04,1998-03-20,R
2382,430,1,36,5845.23,0.05,1996-04-21,N
2383,459,1,45,4867.92,0.08,1996-11-07,R
2383,686,2,17,5905.18,0.03,1994-02-21,R
2384,552,1,40,6892.93,0.07,1994-02-04,N
2384,738,2,47,9228.6,0.02,1998-10-19,A
2384,454,3,22,5112.62,0.01,1998-06-07,N
2385,94,1,49,4059.34,0.1,1993-03-26,A
2386,535,1,30,3344.34,0.05,1997-06-17,A
2387,781,1,24,8707.8,0.08,1995-01-04,N
2388,390,1,7,4378.89,0.03,1993-03-11,R
2389,441,1,9,4160.73,0.05,1992-11-04,A
2390,419,1,21,9923.65,0.02,1996-07-06,R
2391,677,1,3,8255.08,0.04,1998-08-28,A
2392,46,1,26,5037.14,0.09,1994-03-06,N
2392,557,2,34,6583.01,0.1,1995-05-21,A
2393,373,1,48,1900.63,0.09,1993-06-08,A
2393,227,2,10,7191.78,0.06,1992-07-15,R
2393,374,3,34,7714.25,0.0,1994-04-01,N
2393,233,4,21,3165.47,0.05,1993-11-27,A
2394,86,1,20,3613.04,0.05,1997-05-11,N
2394,155,2,46,3226.88,0.05,1996-12-21,A
2395,386,1,17,8802.16,0.01,1993-10-19,A
2395,778,2,7,6845.51,0.05,1996-01-10,R
2396,533,1,45,1607.62,0.01,1993-01-28,A
2396,500,2,22,7260.43,0.02,1997-04-28,A
2396,345,3,19,4771.38,0.02,1993-11-12,R
2397,75,1,17,5856.21,0.01,1996-04-24,N
2397,755,2,50,2709.82,0.09,1995-07-13,R
2397,103,3,2,7734.48,0.05,1992-07-14,N
2398,31,1,16,1010.98,0.04,1992-09-24,N
2399,223,1,9,8975.79,0.1,1992-11-16,A
2400,124,1,38,9469.18,0.01,1997-04-02,N
2400,750,2,46,8723.54,0.09,1992-10-25,A
2400,603,3,44,8831.14,0.04,1992-08-10,R
2400,714,4,35,5069.01,0.1,1997-08-22,R
2401,8,1,36,5722.89,0.08,1994-09-20,R
2402,246,1,26,5545.63,0.05,1994-03-21,R
2402,226,2,2,3406.23,0.0,1994-01-01,A
2402,772,3,27,4255.27,0.06,1992-06-07,R
2402,625,4,39,9271.87,0.04,1994-03-07,A
2402,400,5,17,4497.8,0.08,1998-03-08,R
2403,433,1,9,1252.98,0.03,1998-02-07,N
2403,647,2,40,1441.11,0.07,1994-01-13,A
2403,35,3,14,7704.87,0.09,1997-03-24,N
2404,36,1,20,8906.33,0.02,1994-09-23,R
2404,697,2,10,8925.71,0.03,1993-02-24,R
2404,279,3,26,9582.9,0.02,1992-06-19,R
2405,567,1,2,3457.91,0.1,1997-09-18,A
2406,62,1,37,5258.39,0.1,1996-05-07,R
2407,458,1,27,7183.31,0.03,1993-12-24,R
2408,359,1,20,2258.93,0.06,1995-03-21,A
2408,582,2,12,6045.64,0.0,1995-02-27,A
2409,66,1,7,5368.52,0.01,1997-05-05,A
2409,762,2,29,6171.52,0.01,1994-04-10,N
2410,183,1,4,8460.04,0.07,1996-02-23,N
2410,696,2,44,3437.82,0.07,1992-03-11,A
2411,450,1,17,9244.08,0.06,1993-06-06,A
2412,732,1,2,5999.52,0.06,1996-04-03,A
2413,117,1,37,3223.72,0.07,1998-07-25,N
2413,444,2,40,9993.51,0.1,1993-01-18,R
2414,90,1,12,6251.34,0.09,1992-04-17,N
2414,250,2,7,476.26,0.1,1996-06-16,N
2414,332,3,16,6857.55,0.04,1995-12-11,R
2415,572,1,31,6739.62,0.04,1995-01-23,A
2416,45,1,25,6717.13,0.05,1994-09-01,R
2417,576,1,42,1124.49,0.03,1998-07-17,R
2417,325,2,15,7493.53,0.01,1998-05-22,R
2418,685,1,4,3223.05,0.1,1996-08-24,A
2418,86,2,5,3858.39,0.09,1993-03-27,R
2419,492,1,1,7635.07,0.09,1998-10-27,A
2419,308,2,33,8468.32,0.03,1992-07-16,A
2420,670,1,1,3818.11,0.0,1996-07-05,A
2420,111,2,38,5650.76,0.06,1996-11-11,N
2420,253,3,22,6535.87,0.03,1994-12-19,N
2421,589,1,36,7348.62,0.0,1995-12-26,N
2422,690,1,48,5037.36,0.02,1993-03-19,R
2422,753,2,26,1891.55,0.05,1998-04-12,N
2423,345,1,38,9842.56,0.05,1995-06-06,A
2423,258,2,30,3418.14,0.06,1993-02-06,R
2424,478,1,13,3312.63,0.03,1992-05-05,R
2424,105,2,27,9530.6,0.07,1993-10-14,N
2424,98,3,31,8119.79,0.07,1995-03-03,A
2425,57,1,35,4384.38,0.09,1998-02-17,N
2426,152,1,43,4422.27,0.08,1998-01-09,R
2426,143,2,29,5432.0,0.06,1994-03-11,N
2427,780,1,45,5581.68,0.05,1993-08-18,A
2427,515,2,19,4985.39,0.07,1996-05-02,N
2428,403,1,34,9769.11,0.01,1992-01-02,N
2428,453,2,29,4529.49,0.03,1997-07-23,R
2428,372,3,38,1298.5,0.08,1997-02-25,A
2429,132,1,31,2524.09,0.0,1997-01-22,R
2429,606,2,15,5475.26,0.08,1997-11-27,A
2430,401,1,46,7102.51,0.02,1995-03-11,R
2430,196,2,45,4607.54,0.05,1995-03-19,N
2430,652,3,13,5332.49,0.05,1997-04-10,N
2431,312,1,39,5254.36,0.08,1998-07-14,R
2432,566,1,41,9803.26,0.06,1996-10-12,R
2432,699,2,13,1686.83,0.04,1992-04-22,R
2433,745,1,39,8093.64,0.06,1996-11-15,A
2433,186,2,22,5602.57,0.09,1993-12-12,R
2434,9,1,16,4856.73,0.04,1992-10-19,N
2434,331,2,40,8153.74,0.07,1997-09-20,R
2435,112,1,46,8828.47,0.0,1996-11-19,A
2435,727,2,16,7218.38,0.07,1998-03-23,R
2435,787,3,9,4668.5,0.04,1998-12-16,A
2436,701,1,6,4762.23,0.09,1997-01-20,R
2436,682,2,2,9462.28,0.1,1995-12-15,N
2437,550,1,45,6993.59,0.06,1997-08-18,A
2437,164,2,1,7361.57,0.09,1996-05-09,R
2438,405,1,21,6831.0,0.08,1997-10-08,A
2438,119,2,15,6671.56,0.06,1992-08-27,N
2439,418,1,4,5025.96,0.02,1992-12-04,A
2439,541,2,20,4642.42,0.02,1994-12-24,R
2439,591,3,24,7187.21,0.05,1998-08-08,R
2439,670,4,7,7021.14,0.04,1997-03-11,R
2440,568,1,26,2171.23,0.07,1998-10-15,N
2440,164,2,7,5731.11,0.04,1995-07-03,A
2440,506,3,13,4028.82,0.05,1998-07-12,A
2441,268,1,33,4741.47,0.1,1997-07-05,R
2441,668,2,34,9197.11,0.1,1998-08-15,N
2441,782,3,45,4007.18,0.09,1995-02-05,R
2441,506,4,34,7868.11,0.05,1997-02-09,A
2442,449,1,12,6201.02,0.04,1994-12-13,R
2443,646,1,43,7617.64,0.1,1996-01-01,N
2443,500,2,32,3051.32,0.01,1995-08-13,A
2444,181,1,20,6060.29,0.0,1998-09-26,N
2445,538,1,16,4858.85,0.02,1994-11-17,N
2446,621,1,50,2232.64,0.05,1994-10-24,A
2447,365,1,50,4409.61,0.09,1997-12-19,R
2447,10,2,35,6356.37,0.1,1996-03-28,N
2448,448,1,44,709.05,0.03,1997-05-14,N
2449,105,1,37,7883.53,0.03,1998-02-16,N
2449,159,2,14,6303.52,0.1,1992-02-17,A
2450,733,1,3,7807.4,0.09,1996-07-16,N
2450,218,2,22,957.42,0.08,1994-01-06,A
2450,334,3,10,469.14,0.1,1998-12-12,A
2451,303,1,2,7446.51,0.02,1993-04-22,N
2451,683,2,25,8700.25,0.06,1994-09-18,A
2452,690,1,48,5910.88,0.08,1997-07-24,A
2452,169,2,49,6449.45,0.08,1995-10-28,A
2453,8,1,25,3237.73,0.08,1996-06-16,R
2453,58,2,49,3067.2,0.07,1997-06-11,R
2453,744,3,36,8676.13,0.1,1995-04-20,A
2454,72,1,9,3096.09,0.04,1993-05-06,N
2454,241,2,12,1373.45,0.01,1994-06-06,R
2455,793,1,4,1850.26,0.1,1994-02-14,A
2456,199,1,3,9242.58,0.06,1995-05-09,N
2456,123,2,13,8746.04,0.08,1997-06-19,N
2457,551,1,10,9048.07,0.01,1996-01-07,A
2458,372,1,14,2220.99,0.05,1992-10-18,A
2458,350,2,31,1754.68,0.08,1995-03-24,R
2459,439,1,39,9745.7,0.04,1996-01-19,R
2459,352,2,16,232.45,0.02,1994-11-16,R
2459,181,3,7,6287.24,0.03,1997-08-01,N
2460,229,1,42,2946.84,0.08,1995-02-23,N
2460,517,2,15,936.32,0.06,1997-12-24,R
2460,444,3,44,7298.36,0.03,1997-12-17,A
2461,83,1,44,7154.56,0.06,1994-10-19,A
2461,42,2,6,6820.44,0.0,1997-06-06,A
2462,623,1,33,9386.23,0.06,1997-02-21,N
2462,297,2,41,9231.03,0.01,1993-01-01,A
2462,547,3,31,9092.62,0.03,1998-05-13,N
2462,169,4,2,3340.22,0.04,1998-01-28,A
2463,773,1,2,7212.39,0.06,1993-04-08,N
2463,325,2,17,4760.66,0.05,1995-07-16,R
2463,688,3,14,6314.88,0.01,1994-01-18,N
2463,563,4,45,3858.8,0.01,1995-07-20,R
2464,557,1,2,7456.39,0.01,1992-01-11,A
2464,783,2,19,3691.31,0.04,1994-07-15,N
2464,738,3,27,4207.28,0.01,1993-12-22,R
2465,298,1,32,2888.94,0.09,1995-07-16,A
2465,158,2,28,2571.6,0.04,1993-03-07,N
2466,478,1,29,239.37,0.04,1994-09-07,R
2466,36,2,50,7879.95,0.07,1998-10-03,A
2467,96,1,34,9204.96,0.04,1992-10-27,R
2467,373,2,1,8545.4,0.03,1998-06-08,A
2468,473,1,14,9815.71,0.08,1997-06-05,N
2469,637,1,42,2088.99,0.02,1997-12-28,N
2469,160,2,48,5428.92,0.02,1997-02-18,R
2469,717,3,31,3334.66,0.04,1995-06-02,R
2470,587,1,1,2375.65,0.09,1995-07-12,A
2470,225,2,23,5595.5,0.09,1998-03-13,R
2470,775,3,13,5947.11,0.01,1997-01-23,A
2470,439,4,21,8022.59,0.0,1992-03-22,R
2471,189,1,35,7227.07,0.01,1998-02-24,A
2471,628,2,1,7856.58,0.1,1993-08-12,A
2471,115,3,41,9159.37,0.07,1998-08-06,N
2471,611,4,45,2006.13,0.09,1994-06-19,N
2472,342,1,48,8532.62,0.08,1993-03-26,A
2473,599,1,42,8490.79,0.09,1995-04-02,A
2473,305,2,46,597.41,0.08,1998-10-28,N
2474,94,1,45,9947.12,0.04,1996-11-27,R
2475,29,1,7,1442.68,0.08,1994-11-05,R
2475,296,2,2,6671.54,0.03,1998-10-02,A
2476,90,1,46,8396.34,0.01,1992-08-15,R
2477,291,1,35,7569.92,0.05,1996-12-14,R
2477,252,2,49,3420.83,0.05,1995-04-11,N
2477,599,3,20,2540.02,0.09,1992-04-14,A
2477,9,4,16,4783.7,0.0,1992-05-07,N
2477,6,5,32,7914.93,0.03,1992-06-21,A
2478,531,1,17,7613.56,0.02,1993-03-06,N
2479,429,1,13,1616.84,0.08,1995-12-16,N
2479,9,2,43,1199.44,0.07,1997-07-16,N
2480,464,1,34,4311.15,0.01,1993-04-06,A
2481,295,1,30,2542.58,0.04,1995-03-03,N
2481,372,2,40,9602.71,0.01,1998-12-14,N
2482,738,1,35,465.3,0.02,1993-12-28,R
2482,217,2,29,4653.64,0.03,1996-09-18,N
2483,93,1,36,6986.14,0.01,1998-01-26,N
2483,651,2,15,8664.41,0.08,1992-01-20,A
2484,664,1,10,6804.38,0.0,1996-12-18,R
2484,499,2,26,8785.17,0.0,1996-12-26,N
2485,19,1,36,1072.02,0.09,1995-10-14,A
2485,130,2,36,2782.81,0.01,1998-03-12,R
2486,312,1,27,3445.39,0.01,1994-04-28,A
2487,695,1,22,4099.59,0.01,1997-04-05,A
2488,444,1,8,5990.75,0.08,1992-03-10,N
2488,685,2,27,9349.36,0.06,1996-07-18,R
2489,123,1,14,4134.13,0.0,1993-02-03,R
2490,93,1,36,7538.51,0.03,1997-07-26,N
2490,598,2,10,3470.93,0.06,1994-07-28,N
2491,390,1,19,7245.69,0.09,1993-07-03,R
2492,526,1,44,6759.69,0.05,1998-06-24,A
2492,190,2,46,9647.86,0.01,1998-01-16,A
2493,595,1,14,7760.24,0.04,1998-06-11,N
2493,252,2,35,1816.23,0.0,1997-01-16,A
2494,743,1,35,5232.51,0.06,1994-01-23,R
2495,619,1,2,5041.07,0.03,1995-02-06,A
2496,476,1,29,1468.48,0.07,1997-11-05,R
2496,144,2,38,9166.79,0.0,1996-12-17,R
2497,42,1,2,6322.01,0.06,1997-08-28,N
2498,393,1,26,9142.06,0.0,1993-03-13,N
2498,447,2,12,6128.59,0.03,1997-12-10,R
2499,297,1,9,2343.91,0.1,1993-04-13,N
2499,76,2,41,4849.42,0.1,1996-08-13,A
2499,208,3,46,404.23,0.07,1996-12-02,A
2500,401,1,8,3129.77,0.0,1995-07-08,R
2500,692,2,19,757.53,0.0,1996-08-19,R
2501,371,1,35,3401.11,0.03,1997-09-17,A
2501,330,2,44,4105.96,0.06,1996-07-06,A
2501,441,3,45,6860.79,0.05,1997-12-19,N
2501,346,4,16,3848.7,0.04,1994-10-04,A
2502,419,1,36,6239.0,0.03,1995-01-02,R
2503,486,1,28,8520.12,0.05,1994-01-12,N
2503,427,2,10,1699.04,0.07,1997-05-03,A
2504,197,1,45,2798.77,0.03,1998-10-10,N
2505,726,1,2,5210.93,0.01,1994-08-12,A
2506,755,1,36,3199.96,0.08,1994-11-27,N
2507,373,1,42,6682.77,0.02,1995-01-19,A
2507,792,2,22,6684.81,0.05,1995-11-11,A
2507,375,3,28,7064.91,0.02,1997-07-11,N
2507,167,4,16,3291.92,0.03,1994-04-03,N
2507,95,5,4,8227.59,0.04,1996-04-01,A
2508,49,1,50,7235.2,0.04,1995-03-09,R
2509,762,1,47,9298.86,0.06,1998-01-24,A
2509,670,2,16,4304.05,0.0,1997-12-15,A
2509,123,3,4,7079.61,0.0,1997-02-25,N
2510,738,1,2,7836.26,0.05,1992-12-18,R
2510,101,2,17,8325.2,0.05,1995-03-25,R
2511,587,1,34,552.52,0.05,1995-02-06,A
2511,403,2,45,9509.28,0.06,1993-06-05,A
2512,10,1,4,2977.95,0.08,1996-08-22,R
2513,717,1,31,8873.53,0.01,1997-08-18,A
2514,454,1,38,2499.43,0.02,1994-01-11,A
2514,125,2,20,6557.81,0.07,1998-01-27,R
2515,306,1,25,234.67,0.04,1997-06-28,N
2515,704,2,29,3505.3,0.04,1992-02-18,N
2515,659,3,32,9836.09,0.05,1996-08-26,R
2516,142,1,19,5753.42,0.04,1992-02-18,A
2517,793,1,31,6730.54,0.1,1996-11-11,N
2517,706,2,48,5796.7,0.1,1997-03-15,R
2518,255,1,41,9934.72,0.01,1994-12-10,A
2519,680,1,4,5845.93,0.03,1994-07-13,A
2519,532,2,2,9273.13,0.0,1996-10-23,N
2520,282,1,36,9095.57,0.08,1992-08-01,N
2520,508,2,29,2186.71,0.07,1992-12-04,R
2521,506,1,45,6478.56,0.09,1997-06-14,N
2521,209,2,40,8215.97,0.02,1997-03-12,R
2522,199,1,11,7869.04,0.03,1994-10-24,R
2522,519,2,27,3889.82,0.06,1997-02-01,R
2522,525,3,3,8137.3,0.06,1992-04-05,A
2523,21,1,14,8773.53,0.03,1993-08-06,A
2523,33,2,26,2456.27,0.09,1996-09-22,N
2524,151,1,4,8679.18,0.07,1997-03-20,R
2524,678,2,11,3289.23,0.03,1996-09-24,N
2524,486,3,31,5535.57,0.07,1996-02-16,R
2525,196,1,5,6131.06,0.05,1996-06-24,R
2525,2,2,13,4184.48,0.07,1997-09-26,R
2526,582,1,36,1212.53,0.02,1998-04-24,A
2527,351,1,8,1512.53,0.08,1998-07-16,R
2527,366,2,17,5885.81,0.1,1993-12-24,N
2528,112,1,23,3208.66,0.05,1997-09-05,A
2528,389,2,8,8918.14,0.01,1992-04-24,R
2528,351,3,6,972.5,0.06,1994-06-24,R
2529,463,1,28,5095.23,0.01,1994-10-05,R
2529,429,2,15,6780.95,0.03,1996-10-12,A
2529,783,3,14,6847.3,0.06,1996-04-10,A
2530,734,1,39,2644.4,0.07,1998-08-26,A
2531,770,1,35,303.02,0.0,1993-08-21,R
2532,248,1,29,2474.34,0.02,1994-05-02,N
2532,571,2,5,4244.03,0.05,1992-12-27,A
2532,668,3,20,4250.91,0.07,1993-04-01,R
2533,147,1,26,4135.99,0.0,1997-01-16,A
2533,9,2,28,4649.63,0.08,1993-06-16,N
2534,523,1,19,3507.66,0.03,1997-03-12,A
2534,558,2,25,895.66,0.08,1995-09-19,N
2534,632,3,22,7451.63,0.08,1996-07-21,A
2534,111,4,1,6031.9,0.06,1994-10-24,R
2535,598,1,24,9527.06,0.1,1998-12-11,A
2536,742,1,31,2515.25,0.02,1993-09-08,R
2536,688,2,21,7597.96,0.02,1993-05-03,R
2536,671,3,20,4861.75,0.05,1993-02-22,N
2537,128,1,32,3354.11,0.04,1998-06-20,R
2537,332,2,18,3424.31,0.09,1995-08-01,R
2537,186,3,40,6184.14,0.0,1997-02-14,R
2537,113,4,44,4737.75,0.07,1996-12-23,R
2538,103,1,38,7954.46,0.01,1995-06-14,A
2538,557,2,41,3008.21,0.05,1994-10-02,N
2539,355,1,14,5429.24,0.01,1994-02-07,R
2539,398,2,27,4155.82,0.03,1994-05-07,N
2540,768,1,9,3301.18,0.01,1996-05-19,A
2541,38,1,50,7799.35,0.04,1993-04-08,N
2542,578,1,7,1806.03,0.06,1992-12-26,A
2542,305,2,30,8491.62,0.01,1996-03-06,N
2542,340,3,38,4138.2,0.0,1997-07-20,A
2543,99,1,39,6299.74,0.01,1997-10-03,N
2543,178,2,3,8111.12,0.04,1996-01-11,A
2543,243,3,42,685.17,0.05,1996-08-13,R
2544,167,1,24,4931.74,0.03,1995-11-21,N
2544,315,2,5,6961.06,0.09,1993-07-16,N
2544,659,3,19,335.59,0.07,1993-02-05,A
2545,46,1,13,3272.07,0.1,1995-01-26,R
2545,765,2,17,1941.49,0.03,1993-10-03,N
2545,507,3,34,5695.55,0.09,1997-09-12,N
2546,531,1,39,551.39,0.07,1993-08-01,R
2547,376,1,24,5358.07,0.07,1992-02-02,R
2547,501,2,30,414.6,0.02,1996-03-06,A
2547,210,3,42,7499.69,0.06,1998-05-10,N
2548,769,1,39,8789.34,0.07,1997-10-27,R
2548,394,2,40,1979.31,0.07,1992-12-26,R
2549,226,1,24,5935.03,0.1,1995-01-11,A
2549,742,2,3,8087.79,0.02,1997-05-28,R
2550,768,1,37,7471.78,0.08,1998-11-05,A
2551,737,1,29,5082.65,0.04,1995-08-09,N
2551,481,2,28,3295.66,0.0,1994-07-18,R
2552,575,1,8,9541.24,0.1,1998-12-23,N
2552,329,2,28,6729.37,0.02,1994-01-05,N
2553,536,1,15,3778.35,0.01,1998-11-04,A
2553,305,2,17,131.22,0.02,1997-07-26,A
2554,193,1,15,4598.73,0.09,1998-02-13,A
2554,779,2,49,2691.39,0.02,1995-01-25,R
2555,625,1,34,6696.94,0.04,1992-09-28,R
2555,790,2,2,167.47,0.06,1995-02-24,N
2556,622,1,18,2244.82,0.01,1996-12-26,A
2556,565,2,38,5673.05,0.1,1994-09-24,N
2556,272,3,27,366.68,0.03,1992-07-10,A
2557,279,1,35,6315.58,0.04,1995-09-10,R
2557,2,2,11,672.94,0.04,1998-02-16,A
2558,534,1,22,3033.51,0.0,1993-08-07,A
2559,691,1,1,1230.64,0.04,1993-10-14,A
2560,591,1,11,361.87,0.01,1997-11-01,R
2561,148,1,42,5362.19,0.03,1995-05-13,R
2562,8,1,44,8476.69,0.09,1997-04-08,N
2562,672,2,47,4110.68,0.0,1997-02-02,A
2563,384,1,1,3033.12,0.03,1998-09-12,R
2563,156,2,18,3311.29,0.01,1995-09-21,N
2564,497,1,20,110.36,0.1,1993-01-23,R
2564,100,2,5,1850.99,0.03,1995-01-10,N
2565,788,1,48,9935.02,0.03,1996-06-20,N
2565,608,2,27,1011.67,0.09,1997-03-26,N
2566,409,1,5,6016.5,0.03,1994-05-02,N
2566,78,2,6,3743.05,0.08,1994-06-20,R
2566,530,3,32,5889.4,0.05,1995-06-26,R
2567,725,1,47,5588.19,0.03,1995-01-05,R
2567,676,2,14,3640.51,0.0,1997-03-02,N
2568,164,1,19,1364.55,0.01,1997-01-10,N
2568,565,2,38,3099.26,0.08,1994-10-13,N
2568,210,3,5,4261.8,0.06,1997-05-06,N
2569,705,1,49,2654.99,0.1,1998-09-28,N
2569,714,2,44,3760.5,0.01,1992-12-07,N
2570,159,1,38,8423.04,0.01,1993-01-17,R
2570,401,2,44,2602.29,0.06,1993-09-21,R
2571,128,1,50,1141.5,0.08,1995-06-11,A
2571,473,2,8,4339.2,0.06,1997-06-17,R
2571,1,3,32,1348.75,0.02,1995-03-05,N
2571,512,4,33,9017.04,0.1,1992-05-27,A
2571,1,5,11,835.39,0.07,1998-01-12,N
2572,299,1,44,3301.33,0.02,1994-05-16,R
2573,59,1,39,8143.81,0.06,1992-07-02,N
2574,731,1,18,7656.07,0.06,1994-06-10,R
2575,411,1,14,9583.92,0.09,1992-01-03,A
2575,92,2,47,9529.48,0.1,1992-07-28,R
2576,568,1,40,5479.45,0.03,1994-12-17,N
2577,321,1,31,5021.1,0.04,1995-02-04,N
2578,260,1,41,2569.78,0.1,1997-06-16,R
2578,237,2,2,9192.69,0.01,1993-09-24,A
2578,71,3,15,1750.66,0.0,1998-01-23,A
2578,717,4,40,6346.27,0.0,1995-05-12,R
2578,51,5,27,7217.62,0.01,1995-12-03,A
2578,501,6,17,9764.94,0.02,1997-06-04,A
2579,778,1,42,171.5,0.02,1992-02-17,A
2579,665,2,32,7054.87,0.02,1998-06-04,R
2580,35,1,43,2548.3,0.1,1993-06-15,A
2581,360,1,45,646.59,0.0,1997-02-12,N
2581,118,2,16,9110.86,0.02,1994-11-21,N
2582,326,1,5,9364.21,0.1,1998-06-13,R
2583,280,1,17,5925.58,0.06,1998-10-21,A
2583,763,2,26,3007.44,0.05,1993-02-08,R
2584,243,1,50,1620.15,0.08,1996-05-09,N
2584,758,2,41,7989.51,0.02,1996-06-01,R
2584,215,3,43,5458.22,0.01,1996-02-19,N
2585,415,1,25,3379.78,0.1,1998-02-23,R
2586,445,1,8,1969.02,0.05,1998-01-19,A
2586,169,2,43,6279.8,0.03,1993-06-03,A
2587,332,1,16,9960.86,0.1,1992-03-25,R
2587,758,2,42,1672.91,0.01,1995-04-27,A
2588,123,1,19,9111.85,0.1,1998-09-14,R
2589,439,1,40,8301.24,0.03,1996-03-22,A
2589,347,2,23,1741.15,0.09,1998-01-20,N
2590,652,1,45,6673.14,0.02,1993-04-24,N
2591,746,1,46,9019.85,0.06,1995-06-05,A
2591,367,2,8,6891.77,0.07,1992-07-16,R
2591,66,3,9,2196.19,0.09,1993-12-25,N
2591,83,4,29,3395.85,0.05,1997-03-01,R
2592,731,1,45,2818.05,0.03,1995-08-24,A
2592,706,2,10,6626.71,0.03,1996-07-21,A
2592,528,3,50,1801.08,0.01,1997-03-05,N
2592,242,4,20,7786.16,0.1,1997-12-11,N
2593,69,1,11,3854.81,0.07,1994-04-01,N
2594,243,1,20,2841.99,0.1,1992-02-16,A
2595,382,1,18,2342.27,0.02,1996-01-05,R
2595,761,2,45,545.09,0.05,1996-01-27,N
2596,460,1,10,1261.79,0.1,1996-01-10,A
2596,130,2,15,1797.79,0.04,1998-09-04,N
2596,724,3,46,4750.56,0.01,1996-02-17,N
2596,696,4,13,1184.04,0.01,1995-03-05,A
2597,213,1,22,1816.11,0.0,1997-10-10,R
2597,622,2,39,3901.87,0.01,1996-05-11,N
2598,476,1,27,3709.67,0.1,1997-11-07,R
2599,639,1,36,8372.86,0.05,1996-03-01,A
2599,338,2,20,2435.3,0.06,1993-07-08,R
2600,275,1,23,6911.22,0.03,1997-10-03,A
2600,118,2,14,1157.09,0.01,1996-06-17,A
2601,597,1,48,3842.53,0.09,1993-01-13,A
2601,200,2,23,1870.48,0.06,1996-05-06,N
2601,77,3,41,4909.95,0.08,1997-10-06,R
2602,44,1,21,2102.7,0.02,1998-02-12,N
2602,739,2,31,2886.26,0.1,1996-01-24,A
2603,496,1,32,4841.94,0.06,1992-11-10,N
2603,627,2,36,2757.46,0.07,1992-12-19,N
2604,604,1,11,1899.33,0.03,1995-08-08,A
2605,418,1,10,610.0,0.02,1998-03-01,A
2605,369,2,44,3126.39,0.0,1998-11-25,R
2606,101,1,28,8789.8,0.05,1995-02-12,N
2607,226,1,24,116.94,0.01,1994-04-20,N
2607,610,2,11,9603.78,0.04,1994-08-03,R
2607,22,3,41,2036.19,0.1,1994-12-16,A
2608,568,1,31,2973.99,0.05,1993-12-11,N
2608,572,2,32,5045.94,0.01,1992-10-13,N
2609,208,1,21,8930.91,0.01,1995-12-02,N
2609,190,2,1,802.92,0.0,1992-04-18,R
2609,472,3,40,1764.86,0.0,1997-07-10,R
2610,571,1,40,8326.17,0.1,1997-02-02,R
2610,571,2,13,9835.27,0.05,1998-07-02,R
2610,631,3,4,8980.76,0.0,1998-12-28,R
2611,324,1,36,9744.29,0.01,1993-06-26,R
2612,279,1,21,3900.57,0.03,1997-08-01,A
2612,500,2,6,3707.76,0.05,1993-01-18,A
2613,577,1,50,7641.0,0.09,1998-08-28,N
2614,77,1,37,2125.77,0.06,1996-06-10,N
2615,16,1,2,7796.93,0.04,1998-11-06,R
2615,286,2,12,3091.44,0.07,1997-02-14,A
2616,569,1,10,4765.22,0.1,1996-05-03,N
2616,589,2,25,2929.56,0.05,1992-10-12,R
2617,337,1,41,9874.62,0.08,1992-12-07,N
2617,527,2,48,7882.72,0.0,1998-04-25,A
2617,199,3,9,7317.5,0.07,1992-06-09,R
2617,212,4,40,7005.6,0.03,1997-07-26,R
2618,34,1,39,9275.58,0.03,1994-03-18,A
2619,695,1,5,1816.75,0.0,1994-10-19,N
2620,347,1,9,9039.65,0.09,1995-12-27,R
2620,729,2,50,4390.34,0.07,1998-07-27,A
2621,591,1,26,9240.33,0.01,1994-07-06,N
2621,459,2,39,4230.08,0.08,1995-08-17,R
2621,4,3,45,3468.7,0.05,1996-07-03,R
2621,377,4,14,8613.92,0.07,1998-03-25,N
2621,141,5,13,6383.33,0.04,1998-03-10,A
2622,395,1,33,2482.42,0.07,1997-06-26,R
2622,293,2,12,1187.34,0.04,1997-12-18,N
2622,793,3,29,4568.24,0.03,1992-03-22,N
2623,391,1,34,6100.43,0.08,1997-05-13,A
2624,150,1,40,6619.09,0.07,1997-07-26,R
2625,282,1,42,7476.79,0.08,1996-02-27,A
2625,225,2,45,4319.34,0.01,1996-09-10,A
2625,168,3,22,3552.61,0.08,1995-07-24,R
2626,690,1,36,2089.44,0.04,1998-02-23,A
2626,206,2,31,4363.98,0.02,1993-12-19,A
2627,144,1,23,1340.71,0.03,1992-10-05,R
2627,192,2,1,5853.67,0.02,1993-08-24,R
2628,709,1,14,5392.53,0.02,1993-02-26,A
2628,112,2,30,9691.97,0.1,1994-09-20,N
2629,506,1,38,4006.21,0.09,1993-04-25,R
2630,629,1,4,6108.97,0.05,1997-02-17,R
2630,800,2,19,754.08,0.05,1994-04-09,N
2631,726,1,44,1365.52,0.1,1992-11-06,R
2631,619,2,7,3795.04,0.01,1994-02-17,R
2632,50,1,34,8346.35,0.02,1998-12-13,A
2633,331,1,2,4505.08,0.0,1992-11-11,A
2634,493,1,12,5514.28,0.07,1996-06-10,R
2634,56,2,43,4425.76,0.09,1993-12-14,R
2634,433,3,2,6753.39,0.07,1994-05-07,R
2635,500,1,35,542.78,0.01,1998-12-20,N
2635,86,2,8,9758.77,0.04,1993-09-08,R
2635,542,3,9,2082.25,0.01,1995-12-13,N
2635,548,4,39,7223.37,0.1,1995-02-22,A
2636,338,1,6,2280.01,0.05,1993-08-06,R
2637,531,1,17,8336.06,0.05,1998-02-22,A
2638,34,1,45,533.66,0.04,1997-12-21,A
2639,8,1,22,4163.25,0.05,1993-09-15,N
2640,97,1,5,2091.16,0.06,1992-04-14,R
2641,361,1,38,7523.45,0.09,1992-12-27,A
2641,796,2,32,105.49,0.09,1992-08-20,N
2642,614,1,32,2309.54,0.08,1996-07-19,N
2642,61,2,5,8883.01,0.07,1994-04-25,N
2643,261,1,44,9546.49,0.1,1997-10-25,A
2643,76,2,23,3075.75,0.04,1992-07-15,N
2643,78,3,12,2206.09,0.03,1995-12-06,R
2644,490,1,14,3445.3,0.05,1992-06-17,R
2645,77,1,30,1857.86,0.01,1993-12-13,A
2645,733,2,25,5486.91,0.1,1994-12-11,A
2646,534,1,34,7132.25,0.09,1992-03-10,R
2646,21,2,47,4599.42,0.03,1996-12-14,R
2647,459,1,10,695.06,0.09,1993-03-19,N
2648,386,1,11,2995.26,0.0,1996-07-23,A
2648,603,2,11,4367.99,0.1,1996-05-15,N
2648,602,3,38,8807.1,0.01,1997-01-10,N
2649,705,1,27,9552.98,0.07,1994-12-04,A
2649,232,2,37,2406.75,0.03,1998-03-27,N
2649,734,3,6,1407.0,0.03,1994-05-19,N
2650,603,1,50,564.45,0.09,1997-07-09,A
2650,613,2,36,9408.46,0.09,1998-10-14,N
2650,402,3,23,3671.67,0.02,1993-12-16,N
2651,558,1,44,7778.77,0.06,1996-05-27,A
2651,775,2,6,8715.69,0.06,1993-07-25,R
2652,244,1,39,8651.57,0.03,1997-05-24,A
2652,657,2,8,3164.51,0.07,1998-11-17,A
2653,517,1,33,6947.68,0.05,1994-09-17,R
2654,370,1,44,2108.11,0.09,1997-09-16,A
2655,743,1,5,9711.72,0.07,1992-06-19,R
2656,53,1,23,7929.64,0.1,1996-03-18,N
2656,609,2,47,3541.58,0.04,1996-05-24,A
2656,545,3,31,3859.42,0.06,1992-10-24,A
2656,649,4,43,5145.78,0.02,1997-06-06,A
2657,123,1,6,5662.77,0.1,1993-08-19,N
2658,455,1,8,7685.39,0.1,1994-04-10,R
2658,15,2,46,6915.94,0.03,1993-12-16,A
2659,98,1,18,8931.99,0.0,1997-01-20,R
2659,42,2,31,905.39,0.1,1998-10-17,N
2660,571,1,2,4454.49,0.1,1997-06-28,N
2660,664,2,38,1232.72,0.0,1994-02-01,N
2660,173,3,19,570.78,0.05,1997-02-10,N
2661,731,1,50,6822.04,0.0,1998-05-19,A
2661,47,2,27,7898.49,0.08,1993-03-10,N
2662,348,1,25,3776.3,0.09,1992-04-24,N
2662,34,2,24,8120.2,0.04,1995-11-20,R
2663,422,1,15,9966.6,0.02,1995-01-09,R
2663,791,2,5,1544.28,0.02,1995-02-16,N
2664,733,1,30,1420.91,0.02,1997-02-13,N
2665,737,1,21,6728.83,0.02,1995-06-09,R
2666,404,1,13,4762.13,0.0,1993-05-19,N
2667,37,1,9,3281.79,0.07,1993-05-09,N
2668,644,1,7,1866.96,0.09,1996-03-15,R
2668,298,2,42,4431.94,0.09,1993-09-22,A
2669,364,1,21,8460.32,0.04,1997-01-16,A
2670,670,1,31,1863.37,0.1,1994-12-25,A
2671,38,1,49,4055.4,0.09,1998-10-10,R
2671,316,2,36,6163.21,0.1,1996-07-02,A
2672,740,1,29,1267.53,0.0,1992-05-26,A
2672,84,2,14,5845.21,0.0,1997-11-13,R
2673,647,1,12,5580.62,0.01,1992-03-16,R
2673,166,2,31,2008.29,0.1,1993-05-17,A
2673,606,3,8,1175.3,0.07,1993-06-03,N
2674,216,1,34,9521.09,0.04,1997-08-26,A
2674,519,2,50,4951.26,0.0,1993-10-28,A
2675,624,1,26,5747.33,0.08,1994-04-06,R
2675,701,2,47,7391.27,0.06,1998-10-27,A
2676,757,1,17,2253.7,0.05,1998-02-08,N
2676,782,2,30,2946.06,0.04,1992-12-01,R
2677,554,1,39,5231.83,0.1,1992-02-04,R
2678,213,1,49,8619.27,0.05,1992-06-20,A
2678,409,2,27,5256.47,0.02,1995-08-09,R
2679,352,1,25,4484.96,0.06,1995-11-07,R
2680,794,1,3,8609.84,0.05,1992-02-26,R
2681,203,1,24,3417.46,0.09,1993-06-24,N
2682,744,1,8,4687.86,0.04,1993-06-28,R
2682,578,2,13,2413.35,0.01,1996-12-15,N
2683,85,1,23,1578.71,0.1,1993-12-11,R
2683,69,2,17,1028.52,0.03,1994-04-15,A
2684,412,1,30,9431.86,0.05,1995-07-17,N
2684,688,2,16,3722.9,0.1,1995-04-09,A
2684,590,3,23,871.21,0.04,1993-07-27,N
2684,269,4,39,9803.03,0.03,1996-11-07,N
2684,308,5,30,7960.57,0.03,1998-01-06,R
2685,557,1,18,3584.24,0.05,1993-08-23,A
2685,782,2,30,2145.29,0.06,1996-07-08,R
2685,279,3,50,9285.87,0.0,1998-09-05,A
2686,5,1,49,740.2,0.07,1992-01-14,R
2687,678,1,37,7558.62,0.01,1997-12-11,A
2687,526,2,30,9774.74,0.07,1993-04-28,R
2687,247,3,28,2522.07,0.04,1993-03-07,A
2687,136,4,9,2684.24,0.02,1997-09-05,R
2687,248,5,28,5031.62,0.0,1997-06-14,A
2688,643,1,9,2434.07,0.03,1994-03-27,R
2688,647,2,10,4720.84,0.01,1997-07-14,N
2689,706,1,19,9859.5,0.08,1998-03-26,A
2689,473,2,20,9636.73,0.03,1996-11-09,A
2689,694,3,32,4120.89,0.03,1992-06-19,N
2690,188,1,32,257.78,0.02,1997-04-05,R
2690,258,2,50,2985.55,0.03,1994-11-22,R
2691,402,1,44,5158.35,0.1,1998-01-05,N
2691,398,2,48,1770.28,0.01,1993-09-01,R
2691,251,3,31,6888.67,0.04,1996-07-24,N
2692,764,1,8,1076.6,0.0,1997-10-12,R
2692,487,2,4,7403.04,0.05,1997-04-17,R
2692,676,3,40,7045.28,0.04,1994-10-05,R
2692,482,4,29,397.0,0.07,1992-06-15,A
2693,715,1,44,245.62,0.02,1993-07-23,N
2694,591,1,13,1810.49,0.06,1993-03-01,N
2694,536,2,22,1968.72,0.01,1998-01-09,N
2695,647,1,43,6381.12,0.06,1993-06-18,A
2695,793,2,12,6346.17,0.05,1998-09-07,N
2696,498,1,41,7919.39,0.09,1994-09-13,R
2696,120,2,35,8153.09,0.06,1996-01-11,N
2696,295,3,32,2877.67,0.01,1995-02-16,A
2697,378,1,34,2352.02,0.09,1995-05-20,R
2697,729,2,29,9953.72,0.08,1998-05-12,R
2698,124,1,41,5054.08,0.02,1997-05-28,N
2698,436,2,12,8902.67,0.04,1993-01-05,N
2699,274,1,44,7285.39,0.05,1992-04-24,A
2699,554,2,24,5149.11,0.09,1992-12-26,N
2700,344,1,7,7926.48,0.1,1995-07-27,A
2701,104,1,23,467.86,0.01,1997-05-12,N
2701,435,2,24,5864.77,0.02,1998-05-07,N
2702,152,1,5,8950.5,0.08,1993-04-08,A
2703,741,1,45,3295.94,0.1,1994-03-07,A
2704,561,1,5,6361.93,0.03,1992-10-09,R
2704,460,2,19,4275.94,0.04,1996-05-15,N
2705,69,1,42,4562.5,0.01,1996-08-13,N
2705,683,2,48,3099.89,0.06,1994-11-05,A
2705,197,3,50,7199.85,0.06,1997-08-17,A
2706,453,1,14,150.4,0.01,1994-05-05,R
2707,337,1,20,9878.66,0.01,1996-07-18,N
2707,795,2,29,2505.64,0.02,1992-11-05,N
2708,560,1,46,5223.98,0.07,1992-09-14,A
2708,112,2,40,8303.03,0.06,1998-04-14,R
2708,727,3,27,8688.88,0.01,1994-05-16,R
2709,657,1,27,5324.3,0.07,1995-05-01,A
2709,545,2,41,7818.66,0.1,1996-11-28,R
2709,579,3,44,7277.31,0.1,1994-07-01,R
2709,257,4,7,9510.8,0.09,1994-07-11,R
2710,327,1,13,7133.02,0.07,1998-04-26,A
2710,723,2,29,4634.38,0.04,1998-02-26,A
2710,419,3,3,2821.27,0.04,1998-05-13,R
2711,636,1,37,2485.49,0.04,1997-07-13,N
2712,402,1,27,2451.43,0.09,1995-12-25,R
2712,531,2,31,5908.89,0.01,1993-10-15,N
2712,379,3,50,2746.38,0.01,1997-08-26,N
2712,292,4,35,3908.66,0.0,1995-05-03,A
2713,723,1,25,2271.43,0.1,1992-06-23,A
2713,617,2,25,6448.93,0.09,1998-07-12,R
2714,624,1,47,7920.46,0.05,1993-05-22,A
2714,175,2,17,6141.96,0.0,1998-06-14,A
2715,177,1,27,4842.96,0.1,1994-08-28,A
2715,686,2,42,7077.11,0.0,1995-10-27,N
2715,746,3,39,3657.03,0.02,1994-11-25,A
2716,30,1,29,3612.04,0.1,1993-11-03,A
2716,704,2,27,5901.82,0.05,1992-10-24,N
2716,191,3,26,2823.52,0.03,1998-05-07,R
2717,114,1,33,2671.47,0.07,1997-08-07,N
2717,20,2,15,4199.07,0.01,1998-03-03,A
2718,651,1,30,373.05,0.1,1995-10-19,A
2719,723,1,6,796.04,0.05,1992-01-03,A
2719,742,2,3,975.01,0.04,1992-05-18,R
2720,582,1,37,9172.26,0.08,1996-01-02,R
2721,452,1,43,2909.82,0.07,1997-01-10,R
2721,259,2,21,7303.27,0.01,1993-05-08,N
2722,300,1,16,3109.52,0.05,1996-07-28,R
2723,402,1,4,9247.94,0.09,1994-10-08,R
2723,392,2,42,7555.02,0.06,1995-02-27,A
2723,499,3,26,8286.5,0.03,1992-02-27,N
2724,654,1,33,3604.43,0.02,1997-04-09,N
2724,19,2,38,9401.69,0.03,1992-09-01,R
2724,564,3,29,8173.45,0.06,1996-02-12,R
2725,181,1,14,8202.02,0.0,1996-11-01,N
2726,190,1,38,3527.02,0.09,1998-02-03,N
2727,172,1,23,3672.71,0.01,1992-10-22,R
2727,663,2,40,6367.93,0.05,1994-10-05,R
2727,678,3,10,551.44,0.03,1995-12-28,N
2727,685,4,30,802.72,0.08,1996-06-23,N
2728,668,1,31,8512.07,0.06,1993-07-24,N
2728,138,2,49,3080.06,0.08,1992-11-12,A
2729,639,1,4,6764.77,0.03,1998-03-22,A
2730,243,1,1,9655.08,0.01,1994-03-13,N
2731,628,1,35,2344.64,0.01,1998-02-08,R
2731,378,2,10,2403.15,0.01,1996-04-18,A
2731,294,3,40,6188.29,0.08,1996-04-02,A
2732,55,1,37,3553.83,0.02,1993-06-21,R
2732,459,2,25,6749.27,0.0,1994-05-16,R
2733,396,1,18,3189.78,0.04,1996-04-03,A
2733,182,2,49,8236.86,0.04,1995-09-07,A
2733,6,3,11,5861.08,0.02,1995-07-12,R
2734,378,1,50,7838.9,0.01,1998-12-27,A
2734,619,2,27,8049.43,0.01,1998-09-23,A
2734,599,3,43,3465.13,0.06,1995-08-20,A
2735,156,1,30,777.09,0.07,1995-06-01,N
2736,419,1,23,6180.41,0.08,1997-09-25,A
2737,86,1,38,7861.6,0.05,1996-11-01,A
2738,669,1,14,7449.97,0.02,1996-12-26,R
2738,139,2,30,3609.83,0.0,1994-02-16,A
2739,383,1,45,583.7,0.07,1993-01-09,N
2739,512,2,12,1583.77,0.08,1992-08-13,N
2739,457,3,47,7896.35,0.03,1995-12-11,N
2739,765,4,7,1172.55,0.02,1992-08-25,A
2740,24,1,9,1326.29,0.08,1994-12-02,N
2741,674,1,2,7929.22,0.06,1998-03-01,A
2741,90,2,26,988.83,0.08,1997-06-06,R
2741,201,3,27,6203.69,0.0,1997-07-02,R
2742,494,1,16,9339.87,0.08,1992-08-11,N
2743,680,1,31,9417.67,0.04,1994-01-13,A
2744,710,1,22,461.46,0.08,1996-07-13,N
2745,462,1,30,2485.49,0.04,1993-01-07,A
2745,257,2,44,5013.07,0.06,1996-05-18,R
2746,433,1,19,219.63,0.02,1994-03-14,A
2747,405,1,31,9602.43,0.01,1992-05-07,R
2747,496,2,5,1868.21,0.05,1995-12-19,A
2747,589,3,42,6020.5,0.08,1995-07-15,R
2748,11,1,14,7611.75,0.03,1997-04-19,N
2748,427,2,48,3644.5,0.08,1997-06-04,R
2749,406,1,2,6690.43,0.03,1993-03-18,R
2749,270,2,39,7131.85,0.09,1997-10-20,R
2750,691,1,20,9604.79,0.01,1995-02-10,A
2750,615,2,21,5206.32,0.04,1997-08-23,R
2751,391,1,11,690.25,0.08,1997-10-15,R
2751,502,2,14,2523.58,0.05,1998-02-12,R
2752,164,1,29,7549.51,0.08,1997-04-17,R
2753,43,1,19,4506.24,0.0,1997-11-22,N
2753,288,2,5,7296.92,0.04,1997-01-20,N
2753,645,3,41,1704.71,0.06,1997-03-03,A
2754,628,1,5,4410.22,0.1,1994-05-20,N
2755,735,1,47,8579.04,0.04,1997-07-26,N
2755,719,2,11,760.88,0.02,1993-04-10,N
2756,800,1,40,4999.79,0.04,1997-03-03,R
2756,235,2,19,2689.65,0.02,1998-05-05,R
2757,599,1,9,2923.08,0.09,1994-08-06,A
2758,683,1,27,4072.04,0.03,1992-01-01,A
2759,684,1,10,9476.78,0.02,1996-04-01,N
2759,362,2,43,1487.7,0.1,1994-07-12,N
2760,516,1,11,2057.8,0.1,1998-11-20,A
2760,760,2,26,9253.27,0.08,1997-11-05,N
2761,82,1,47,9705.15,0.07,1998-01-07,A
2762,645,1,39,5439.76,0.09,1998-11-24,R
2763,213,1,4,9699.12,0.06,1996-07-12,A
2763,347,2,9,7953.24,0.02,1998-07-16,N
2764,322,1,7,3694.92,0.05,1997-08-10,A
2765,435,1,33,6144.08,0.05,1994-04-18,N
2766,728,1,4,1555.84,0.1,1994-05-11,R
2766,144,2,30,1981.14,0.03,1994-04-15,A
2766,164,3,15,1346.24,0.1,1995-02-06,R
2766,15,4,27,5125.92,0.08,1993-01-19,A
2767,782,1,32,5471.78,0.02,1996-01-26,N
2767,523,2,29,4068.44,0.02,1993-03-15,N
2768,613,1,21,2050.75,0.07,1992-06-15,N
2769,510,1,30,1553.03,0.02,1997-08-23,N
2769,446,2,21,5557.68,0.06,1993-10-18,A
2770,428,1,8,6794.64,0.07,1998-12-03,A
2771,339,1,44,2329.88,0.07,1998-12-09,R
2772,110,1,34,9297.61,0.02,1997-04-24,A
2772,483,2,37,6355.18,0.08,1994-10-05,N
2773,486,1,32,6143.65,0.01,1998-01-03,A
2774,643,1,46,6926.95,0.05,1997-08-18,A
2774,344,2,40,5535.7,0.04,1997-05-09,R
2774,273,3,5,9595.56,0.1,1992-09-03,N
2775,87,1,43,6098.67,0.04,1994-07-26,R
2775,453,2,12,9136.3,0.06,1993-05-25,N
2776,517,1,42,6078.95,0.02,1996-11-19,N
2777,225,1,19,3621.34,0.03,1992-08-02,R
2777,636,2,39,8922.47,0.09,1996-03-06,A
2778,21,1,18,5183.87,0.06,1998-06-10,N
2778,325,2,49,9067.08,0.02,1995-03-08,N
2778,29,3,33,9722.71,0.01,1997-05-06,R
2779,210,1,21,4057.52,0.01,1998-12-06,A
2779,455,2,20,2065.6,0.08,1996-10-28,R
2779,517,3,35,7035.2,0.1,1996-07-02,A
2779,26,4,43,5370.85,0.09,1992-05-19,R
2780,227,1,19,5757.75,0.08,1993-06-09,A
2781,49,1,34,1346.98,0.02,1995-02-24,N
2782,259,1,47,4941.47,0.09,1998-10-09,A
2782,511,2,13,2342.08,0.06,1994-01-19,R
2782,599,3,28,9668.91,0.01,1994-09-14,A
2783,417,1,47,2067.2,0.07,1998-05-16,A
2783,695,2,45,5275.24,0.02,1998-01-03,R
2784,775,1,15,1854.74,0.0,1994-11-16,A
2785,773,1,38,5149.09,0.06,1996-01-11,A
2786,761,1,18,4354.82,0.0,1994-08-05,R
2787,58,1,19,1805.99,0.04,1996-10-25,A
2787,70,2,34,8391.71,0.03,1995-04-20,N
2788,627,1,6,7730.4,0.09,1997-03-25,R
2789,513,1,10,6932.22,0.0,1997-12-13,A
2789,791,2,4,3110.18,0.01,1996-03-10,N
2790,10,1,35,2577.57,0.02,1994-03-23,A
2790,18,2,43,260.03,0.03,1996-12-27,A
2791,622,1,37,2950.96,0.06,1998-09-15,N
2791,250,2,45,878.44,0.1,1994-01-22,A
2791,763,3,3,4130.05,0.1,1995-09-07,R
2792,229,1,50,7122.68,0.05,1992-02-01,N
2792,382,2,14,5743.75,0.0,1998-12-23,A
2792,215,3,36,3904.87,0.07,1997-03-08,R
2792,254,4,7,9540.19,0.05,1995-10-13,N
2793,374,1,36,4066.37,0.02,1994-02-02,A
2794,222,1,38,2621.85,0.01,1995-12-12,A
2794,486,2,36,7788.23,0.09,1993-06-13,A
2795,294,1,14,1667.68,0.03,1997-09-07,R
2795,12,2,28,9302.56,0.08,1992-12-13,R
2796,30,1,9,2109.34,0.08,1994-09-18,R
2796,228,2,28,1722.67,0.09,1996-03-24,N
2797,687,1,28,8403.05,0.09,1995-06-25,R
2797,511,2,41,5062.71,0.09,1998-01-06,N
2797,547,3,10,6931.26,0.08,1997-08-17,A
2797,622,4,24,1913.17,0.07,1995-11-15,N
2797,616,5,22,2201.37,0.01,1998-10-23,R
2797,432,6,30,5078.68,0.02,1996-09-13,R
2798,567,1,22,6456.23,0.05,1992-07-22,R
2798,43,2,31,450.77,0.03,1996-09-28,R
2798,669,3,37,5175.58,0.0,1993-03-19,A
2799,537,1,33,5159.79,0.02,1994-10-06,R
2799,300,2,7,6882.44,0.04,1994-10-15,A
2800,746,1,1,4149.51,0.0,1996-05-09,N
2800,482,2,4,1372.91,0.09,1996-11-05,R
2801,357,1,19,3355.66,0.0,1995-05-03,A
2802,739,1,26,3387.95,0.02,1996-08-02,A
2802,317,2,4,7020.35,0.04,1994-05-21,N
2803,640,1,3,7808.51,0.04,1995-11-03,A
2804,390,1,30,863.75,0.02,1996-01-03,N
2804,600,2,35,3016.48,0.03,1994-04-26,R
2805,21,1,38,6298.84,0.05,1995-01-22,N
2805,628,2,25,565.68,0.1,1997-05-22,N
2806,178,1,3,5927.04,0.06,1995-01-28,R
2806,639,2,15,6105.91,0.1,1996-09-10,A
2806,23,3,9,7617.73,0.01,1994-11-15,N
2807,698,1,32,9526.01,0.1,1993-11-11,R
2807,242,2,6,2328.51,0.04,1992-08-14,R
2807,108,3,9,6829.12,0.09,1994-08-16,N
2808,129,1,29,4933.41,0.01,1998-03-12,N
2808,32,2,15,6844.57,0.03,1992-01-13,A
2809,531,1,18,3581.63,0.02,1996-07-25,A
2810,322,1,45,8291.78,0.07,1994-04-20,R
2810,637,2,42,7508.56,0.0,1996-05-06,A
2811,446,1,22,9274.74,0.03,1997-12-21,N
2811,786,2,50,807.93,0.09,1996-06-01,A
2812,335,1,6,1861.97,0.07,1994-08-04,R
2813,51,1,35,3733.8,0.01,1996-08-02,N
2814,149,1,16,7938.61,0.07,1998-02-25,N
2814,504,2,46,9042.54,0.0,1997-09-04,N
2814,397,3,10,1439.21,0.0,1995-09-24,N
2815,467,1,9,8810.45,0.09,1994-07-10,N
2816,541,1,11,6350.32,0.09,1997-09-02,A
2816,428,2,45,1553.31,0.1,1995-09-14,A
2817,253,1,7,2604.58,0.01,1993-06-04,A
2817,756,2,46,4939.11,0.03,1994-10-05,R
2817,729,3,36,8883.17,0.03,1992-10-13,R
2817,423,4,17,6129.76,0.04,1995-03-11,A
2817,11,5,22,9029.92,0.1,1992-01-13,R
2818,393,1,24,1164.18,0.07,1993-06-26,R
2818,550,2,41,1393.45,0.02,1996-10-09,N
2819,162,1,4,2980.47,0.0,1993-12-28,A
2820,181,1,50,7013.42,0.01,1993-03-10,A
2820,757,2,2,8972.29,0.03,1995-01-11,N
2821,98,1,30,2520.21,0.09,1993-05-04,R
2821,640,2,33,6739.44,0.0,1996-02-11,R
2822,790,1,8,8773.98,0.01,1996-10-13,R
2822,31,2,28,9654.06,0.07,1994-11-01,N
2822,413,3,45,3004.81,0.05,1993-01-23,R
2823,338,1,37,6077.69,0.0,1994-02-28,R
2824,405,1,10,4351.45,0.07,1992-09-03,R
2825,236,1,9,9107.84,0.04,1997-06-17,R
2825,97,2,12,1413.08,0.04,1998-11-05,R
2825,660,3,37,9827.92,0.06,1997-04-15,R
2826,617,1,30,5907.22,0.09,1998-07-18,R
2826,235,2,11,6973.39,0.08,1992-09-08,A
2827,348,1,47,8094.81,0.0,1995-08-12,N
2827,716,2,8,254.34,0.02,1997-02-03,R
2828,158,1,49,5587.6,0.07,1998-04-17,A
2828,54,2,34,4916.56,0.07,1998-04-03,R
2828,459,3,31,7056.78,0.04,1994-02-04,R
2829,249,1,17,6541.29,0.06,1995-09-06,A
2830,305,1,32,7957.04,0.09,1998-01-20,R
2830,251,2,50,1087.56,0.0,1996-05-26,A
2831,503,1,16,2599.32,0.01,1994-01-04,R
2831,595,2,36,8760.35,0.03,1993-12-04,A
2831,570,3,42,9036.99,0.01,1996-03-21,A
2832,25,1,6,6722.25,0.01,1997-05-23,R
2833,436,1,3,7369.86,0.09,1995-12-21,R
2834,397,1,42,4952.3,0.03,1994-11-10,R
2834,750,2,45,1431.22,0.06,1996-05-19,A
2835,328,1,7,4949.82,0.1,1997-01-21,R
2835,14,2,24,2349.65,0.1,1998-11-15,R
2836,332,1,44,5941.88,0.09,1992-08-17,R
2836,204,2,32,7108.57,0.02,1994-10-16,R
2836,272,3,22,5049.58,0.03,1993-09-09,A
2836,427,4,47,4553.96,0.01,1998-09-06,R
2837,566,1,48,3797.04,0.0,1998-04-28,R
2837,712,2,2,5734.95,0.1,1994-09-24,A
2838,301,1,11,514.84,0.05,1998-04-11,N
2839,303,1,50,3167.25,0.07,1994-11-13,A
2840,202,1,21,3230.22,0.04,1994-01-22,A
2840,474,2,24,3284.5,0.07,1992-04-28,A
2840,772,3,38,4682.33,0.01,1997-04-12,A
2841,39,1,11,6215.62,0.09,1997-05-08,N
2841,410,2,35,8103.07,0.06,1996-06-18,A
2842,266,1,2,2745.86,0.04,1994-12-13,A
2842,721,2,31,6261.08,0.04,1995-10-04,N
2843,618,1,49,218.54,0.07,1994-10-15,N
2843,798,2,11,6812.51,0.04,1995-09-09,R
2844,116,1,44,8978.97,0.01,1995-05-28,A
2844,615,2,6,6766.86,0.05,1998-03-24,R
2845,741,1,4,7297.87,0.03,1997-07-20,A
2845,226,2,38,2778.61,0.07,1994-04-11,A
2846,199,1,14,6365.37,0.01,1998-07-20,R
2846,487,2,10,9397.53,0.05,1996-02-10,N
2847,608,1,3,8104.09,0.06,1993-01-06,R
2848,116,1,1,1894.65,0.04,1998-01-08,R
2848,587,2,24,4723.34,0.03,1993-02-03,R
2849,188,1,30,4339.43,0.05,1992-12-15,R
2849,155,2,18,4348.87,0.0,1992-03-19,N
2849,765,3,28,7260.64,0.03,1993-10-11,A
2850,584,1,25,7424.88,0.02,1993-11-12,A
2851,297,1,23,3438.91,0.06,1996-06-28,N
2851,745,2,24,387.5,0.08,1996-10-20,A
2851,685,3,20,9839.67,0.09,1992-01-25,A
2851,490,4,34,3832.87,0.01,1994-11-05,A
2851,439,5,10,4452.54,0.01,1992-10-15,R
2852,476,1,47,8062.98,0.04,1998-07-11,A
2852,39,2,50,3860.58,0.06,1994-07-03,A
2853,542,1,30,5767.43,0.04,1998-12-14,A
2854,467,1,49,2632.73,0.05,1993-05-23,R
2854,272,2,1,7802.09,0.0,1995-05-22,N
2855,198,1,18,5196.4,0.1,1994-09-26,A
2856,137,1,25,5246.62,0.02,1995-03-10,R
2856,13,2,10,2099.25,0.07,1993-11-02,R
2857,471,1,47,8982.73,0.06,1994-09-10,N
2857,721,2,2,4646.37,0.07,1996-04-13,R
2858,450,1,35,4370.94,0.02,1996-01-08,N
2858,401,2,25,2287.84,0.01,1998-08-18,A
2859,373,1,50,3262.1,0.03,1996-04-24,A
2859,547,2,47,3583.13,0.06,1993-01-19,N
2859,728,3,28,8245.85,0.1,1995-05-07,A
2859,196,4,24,360.04,0.04,1995-04-17,R
2860,290,1,50,1871.27,0.06,1992-11-01,R
2860,423,2,10,2990.53,0.08,1998-05-11,R
2861,737,1,26,7662.58,0.07,1995-11-25,A
2862,224,1,1,9879.74,0.06,1994-11-05,A
2862,28,2,21,8217.37,0.1,1998-04-10,A
2863,29,1,41,1580.25,0.01,1997-02-25,N
2863,22,2,3,2597.64,0.1,1992-02-03,R
2864,586,1,5,6131.73,0.03,1998-07-21,R
2865,337,1,11,5949.94,0.0,1994-06-12,R
2866,282,1,20,9795.04,0.03,1995-09-19,A
2866,321,2,9,3878.96,0.04,1995-07-13,A
2867,427,1,36,5997.15,0.08,1997-12-08,A
2868,785,1,16,8291.87,0.0,1992-03-21,R
2869,226,1,25,7944.04,0.06,1993-09-18,A
2870,243,1,16,2679.77,0.01,1998-01-02,N
2870,779,2,1,9514.42,0.0,1998-08-05,N
2871,165,1,24,6643.45,0.01,1996-03-14,R
2871,780,2,14,5642.71,0.03,1995-06-01,A
2871,585,3,11,9267.71,0.05,1998-10-16,R
2872,719,1,13,1227.05,0.02,1995-02-03,N
2872,513,2,29,3281.52,0.0,1993-11-18,N
2873,544,1,37,308.76,0.05,1998-10-04,N
2873,441,2,50,5742.83,0.06,1992-12-07,A
2874,273,1,12,2800.39,0.02,1994-11-09,A
2875,503,1,41,9032.31,0.07,1997-05-20,N
2875,77,2,29,5365.39,0.0,1996-05-07,A
2875,235,3,38,7830.03,0.1,1997-11-09,R
2876,621,1,47,7146.59,0.04,1998-11-21,A
2876,785,2,39,1704.47,0.02,1994-05-19,A
2876,337,3,43,3531.77,0.03,1994-09-03,R
2877,678,1,16,8714.83,0.05,1994-03-17,N
2878,330,1,28,1223.58,0.0,1997-02-08,R
2878,268,2,1,7921.27,0.01,1996-09-08,N
2878,78,3,2,6642.55,0.0,1995-11-28,R
2879,135,1,3,9039.46,0.02,1994-11-21,A
2880,106,1,17,9300.92,0.04,1996-03-26,N
2880,520,2,44,4542.84,0.03,1998-06-21,A
2881,467,1,50,3604.85,0.09,1992-04-09,N
2882,213,1,41,3481.56,0.02,1992-09-01,A
2882,777,2,31,3245.91,0.06,1994-11-05,R
2882,202,3,29,2269.79,0.08,1994-06-09,R
2883,247,1,49,2173.92,0.04,1995-04-19,N
2883,230,2,3,6365.65,0.01,1992-01-13,N
2883,703,3,46,765.89,0.05,1993-04-14,R
2884,631,1,36,9805.43,0.06,1994-06-17,A
2884,163,2,4,3434.16,0.09,1997-10-13,N
2885,88,1,43,2904.9,0.01,1996-04-26,R
2886,363,1,43,1176.58,0.04,1992-06-16,R
2886,343,2,49,4696.4,0.1,1996-11-12,A
2886,154,3,38,6038.03,0.04,1997-05-01,R
2887,12,1,24,4135.27,0.05,1997-10-22,A
2888,541,1,12,8158.25,0.03,1995-06-10,A
2888,748,2,2,5210.87,0.04,1998-07-20,R
2889,646,1,34,2356.62,0.01,1997-06-08,A
2889,258,2,49,8202.39,0.02,1995-05-26,N
2890,696,1,45,6097.83,0.03,1993-08-28,R
2890,145,2,21,7760.75,0.03,1997-05-22,R
2891,346,1,26,5870.23,0.07,1997-01-03,N
2891,218,2,39,6184.24,0.08,1996-04-12,N
2891,574,3,8,3036.85,0.05,1998-10-13,N
2891,216,4,25,9801.05,0.0,1997-07-12,A
2892,774,1,18,5371.91,0.09,1996-08-27,A
2893,91,1,28,2684.61,0.03,1997-05-17,N
2894,399,1,25,6573.72,0.08,1992-02-16,A
2894,752,2,14,5165.06,0.0,1998-03-25,A
2894,637,3,48,1339.19,0.0,1998-08-22,R
2894,691,4,19,710.95,0.04,1997-04-17,N
2894,141,5,11,7801.01,0.09,1998-08-09,N
2895,360,1,11,9289.04,0.07,1998-12-04,A
2896,743,1,40,8223.13,0.08,1994-03-13,A
2896,332,2,31,8169.1,0.0,1993-12-01,R
2896,570,3,18,1621.8,0.03,1997-03-05,N
2897,1,1,31,5155.98,0.04,1996-04-24,R
2897,158,2,6,6170.95,0.04,1994-10-09,N
2898,52,1,43,1629.36,0.01,1998-12-15,N
2898,721,2,43,8735.44,0.08,1996-02-28,N
2899,432,1,48,9831.31,0.1,1996-12-06,A
2899,89,2,39,5469.4,0.09,1998-11-04,A
2899,275,3,24,5013.88,0.08,1994-05-08,R
2900,611,1,40,8839.44,0.09,1997-05-07,A
2900,158,2,38,1133.5,0.03,1997-08-10,A
2901,320,1,45,8631.73,0.02,1998-03-12,A
2901,323,2,15,9975.11,0.02,1994-11-18,R
2902,28,1,41,5589.83,0.0,1994-09-21,A
2902,728,2,46,195.08,0.0,1997-08-02,A
2902,583,3,23,5434.4,0.04,1998-05-19,R
2903,114,1,22,1752.14,0.03,1997-03-22,N
2903,579,2,40,2180.35,0.09,1996-09-27,A
2904,459,1,5,9172.94,0.09,1997-05-12,R
2904,234,2,6,1247.54,0.1,1996-06-02,N
2905,315,1,35,2270.38,0.02,1997-02-28,N
2905,378,2,48,1991.75,0.05,1992-06-26,A
2906,790,1,20,9579.37,0.01,1998-11-28,N
2907,348,1,46,7538.49,0.07,1994-11-26,N
2907,109,2,47,1019.19,0.09,1997-04-23,R
2908,124,1,8,4244.89,0.05,1994-04-14,A
2909,233,1,16,6879.32,0.01,1994-11-28,A
2910,444,1,23,9571.46,0.07,1996-10-12,N
2911,94,1,25,578.71,0.04,1992-04-01,A
2911,248,2,26,4027.58,0.09,1996-12-08,R
2912,399,1,44,7658.43,0.09,1994-08-27,A
2912,279,2,19,4601.72,0.06,1996-10-20,N
2913,378,1,15,5553.97,0.09,1992-08-22,N
2913,785,2,43,5165.66,0.08,1995-11-07,A
2913,33,3,25,1991.5,0.1,1994-11-09,A
2914,165,1,2,7681.28,0.07,1994-03-12,N
2915,685,1,20,5421.17,0.09,1998-12-17,N
2915,482,2,42,6569.38,0.05,1993-08-22,N
2916,387,1,29,7751.39,0.04,1992-05-02,N
2916,434,2,47,6169.83,0.08,1995-07-15,A
2917,193,1,41,3342.62,0.07,1992-06-19,N
2917,497,2,12,6994.2,0.05,1993-06-19,N
2918,473,1,12,7938.67,0.0,1997-07-16,R
2919,331,1,27,7796.98,0.07,1997-05-07,R
2920,569,1,31,6064.94,0.03,1998-08-20,A
2920,169,2,30,2969.8,0.08,1994-08-01,R
2920,491,3,38,2223.23,0.07,1993-12-01,R
2920,742,4,47,4468.33,0.0,1994-06-03,A
2921,68,1,48,3496.22,0.0,1998-11-08,N
2921,608,2,25,1984.6,0.09,1993-10-18,N
2921,682,3,25,9324.36,0.08,1997-01-07,R
2922,69,1,23,5607.02,0.08,1993-02-22,N
2922,83,2,3,5742.66,0.07,1995-03-21,N
2922,243,3,22,8474.13,0.05,1993-07-06,R
2923,649,1,8,1657.39,0.06,1994-10-11,A
2924,673,1,49,4404.45,0.08,1998-02-01,A
2925,176,1,9,9703.36,0.04,1994-12-12,A
2925,77,2,2,7187.26,0.02,1995-01-04,R
2925,486,3,17,6797.22,0.03,1992-05-02,N
2926,260,1,34,1225.76,0.06,1992-04-22,N
2926,380,2,1,6969.01,0.06,1993-12-26,R
2926,136,3,45,3320.09,0.1,1995-12-16,N
2926,445,4,48,3948.91,0.1,1993-10-22,A
2927,613,1,13,6006.35,0.06,1994-11-05,R
2927,202,2,20,608.4,0.09,1992-07-02,A
2927,642,3,25,7366.23,0.0,1994-07-23,N
2928,571,1,49,6730.08,0.07,1992-10-24,R
2928,39,2,50,6500.8,0.08,1995-12-17,A
2929,574,1,19,6775.66,0.05,1993-12-12,R
2929,107,2,36,5300.43,0.08,1997-07-21,R
2929,800,3,3,6458.94,0.0,1996-11-06,R
2930,53,1,9,2419.62,0.01,1997-03-02,N
2930,583,2,15,2164.17,0.09,1998-10-09,R
2931,762,1,12,2901.05,0.08,1997-05-06,A
2931,372,2,13,7852.25,0.03,1998-03-02,A
2932,671,1,28,6474.29,0.04,1993-08-23,A
2932,117,2,3,9044.96,0.07,1995-06-04,A
2933,547,1,11,5458.14,0.07,1997-09-14,A
2933,762,2,12,3836.21,0.07,1996-06-05,R
2933,184,3,2,8106.27,0.04,1997-07-25,R
2933,715,4,14,9530.52,0.01,1997-09-18,R
2934,565,1,5,5882.3,0.1,1997-09-18,R
2935,200,1,27,9316.05,0.05,1996-11-25,A
2936,95,1,22,4187.91,0.07,1993-08-28,R
2936,351,2,49,8470.27,0.1,1992-08-02,N
2937,469,1,27,1656.26,0.01,1998-09-15,R
2938,519,1,3,2556.38,0.05,1994-11-22,N
2938,127,2,49,7146.8,0.03,1994-08-23,N
2938,325,3,43,631.71,0.1,1995-06-25,A
2939,11,1,23,5325.45,0.0,1993-09-11,A
2939,190,2,35,5743.7,0.0,1996-02-22,A
2939,124,3,25,2485.7,0.06,1997-08-18,A
2940,613,1,33,1145.75,0.07,1992-06-26,N
2940,5,2,48,6732.36,0.01,1998-04-05,N
2940,34,3,6,3232.93,0.01,1994-10-10,N
2940,279,4,22,8213.79,0.04,1998-02-22,N
2941,273,1,40,2206.36,0.06,1996-12-17,N
2942,43,1,26,3144.35,0.03,1995-01-23,N
2942,510,2,26,6301.0,0.06,1997-08-18,N
2942,166,3,42,5204.64,0.08,1997-10-28,R
2943,447,1,46,2391.8,0.03,1994-10-02,N
2944,726,1,42,1730.81,0.09,1996-08-26,R
2944,112,2,44,7650.7,0.05,1993-09-22,N
2944,697,3,46,5310.06,0.09,1995-09-12,N
2945,142,1,34,8150.62,0.01,1995-08-23,R
2945,254,2,11,4016.08,0.07,1994-07-22,A
2945,437,3,32,3615.91,0.06,1997-04-03,A
2946,505,1,24,7152.85,0.02,1998-05-13,N
2946,800,2,29,3583.4,0.01,1997-10-09,A
2947,385,1,33,2135.6,0.02,1995-07-23,A
2947,167,2,34,3122.22,0.0,1996-01-19,N
2948,25,1,37,5664.36,0.05,1997-11-04,N
2948,524,2,46,647.76,0.01,1994-08-23,A
2949,779,1,15,3069.0,0.07,1997-12-14,N
2950,66,1,36,4573.98,0.06,1994-10-09,A
2950,261,2,8,1129.35,0.04,1994-01-07,N
2951,573,1,15,947.2,0.1,1992-10-22,A
2952,140,1,17,4774.94,0.01,1998-03-09,A
2952,255,2,49,4948.97,0.01,1995-10-05,N
2953,221,1,23,4077.02,0.04,1996-12-05,N
2954,364,1,8,8401.69,0.02,1996-09-05,N
2954,193,2,27,5936.2,0.02,1992-11-20,N
2954,130,3,37,2712.63,0.07,1993-03-06,A
2955,528,1,10,4203.6,0.04,1994-12-13,N
2955,664,2,16,6875.59,0.05,1996-03-28,R
2956,260,1,16,322.98,0.09,1995-01-16,R
2956,36,2,49,1386.91,0.0,1994-10-02,N
2956,443,3,2,833.91,0.02,1995-05-10,A
2956,790,4,38,4378.37,0.05,1993-05-23,R
2957,742,1,34,9880.42,0.07,1993-06-20,A
2958,314,1,21,6280.96,0.07,1993-02-22,R
2958,710,2,26,2176.64,0.05,1995-04-05,R
2958,541,3,22,9407.73,0.03,1997-01-16,N
2958,94,4,2,1585.21,0.0,1993-04-13,R
2959,19,1,44,4599.78,0.05,1992-01-22,A
2960,309,1,35,7442.66,0.02,1992-08-26,A
2961,395,1,12,3749.41,0.04,1997-03-02,R
2961,214,2,40,4854.61,0.02,1993-03-03,R
2961,637,3,7,8237.41,0.04,1996-11-01,N
2962,23,1,9,559.74,0.04,1998-01-27,R
2962,553,2,28,5801.07,0.01,1996-10-20,N
2963,770,1,17,2187.07,0.03,1993-01-07,R
2964,398,1,17,5441.44,0.01,1998-09-14,N
2964,741,2,39,8979.96,0.08,1994-07-11,A
2965,599,1,20,2362.54,0.01,1993-12-22,N
2966,39,1,47,9488.08,0.01,1995-05-01,N
2966,211,2,46,5581.23,0.02,1998-04-19,A
2966,353,3,50,1473.25,0.01,1995-12-20,R
2967,350,1,31,4225.25,0.01,1996-12-22,R
2967,205,2,6,4740.34,0.09,1994-02-15,A
2967,727,3,2,4542.07,0.03,1996-12-28,A
2968,366,1,37,1046.3,0.09,1996-02-03,N
2968,453,2,17,4874.19,0.1,1992-11-08,R
2969,81,1,12,123.68,0.04,1994-09-19,N
2970,194,1,16,7212.02,0.03,1997-07-26,A
2971,624,1,5,7882.3,0.02,1995-01-16,N
2971,432,2,36,3327.94,0.0,1993-11-03,A
2972,115,1,7,5081.83,0.06,1995-08-11,R
2972,56,2,44,3351.47,0.08,1998-11-06,N
2973,769,1,33,6015.98,0.02,1995-06-17,N
2974,495,1,27,1351.35,0.07,1993-02-28,R
2974,147,2,36,8022.35,0.06,1994-09-04,R
2975,414,1,13,2758.76,0.04,1998-09-25,A
2975,386,2,20,6677.65,0.04,1997-07-20,N
2976,627,1,10,5138.67,0.01,1998-09-20,R
2976,470,2,46,6062.67,0.05,1994-08-27,N
2976,130,3,32,3612.3,0.0,1995-01-28,N
2977,332,1,16,6374.82,0.06,1997-12-23,N
2978,313,1,37,1575.09,0.05,1995-12-25,R
2979,193,1,4,8843.72,0.05,1994-12-17,R
2980,409,1,3,2568.7,0.06,1996-11-05,R
2980,356,2,25,9892.11,0.09,1994-05-25,N
2980,80,3,16,825.64,0.07,1996-05-15,A
2981,124,1,4,2549.0,0.01,1992-11-23,N
2981,748,2,6,3619.23,0.04,1994-12-12,N
2981,158,3,8,4381.12,0.05,1997-09-22,A
2982,519,1,5,8699.34,0.02,1993-06-09,R
2983,98,1,17,7193.55,0.07,1993-03-18,N
2984,234,1,38,9249.26,0.02,1998-07-02,N
2984,474,2,22,4632.27,0.09,1992-08-01,R
2984,468,3,19,4723.3,0.05,1996-05-23,A
2985,346,1,48,5702.47,0.02,1996-01-05,N
2985,797,2,29,4894.5,0.06,1996-10-01,N
2985,320,3,3,8355.5,0.06,1996-09-28,R
2986,790,1,42,261.0,0.09,1997-07-15,N
2986,712,2,40,8626.14,0.01,1996-01-16,R
2987,227,1,45,7278.6,0.0,1996-07-21,R
2987,8,2,2,9890.06,0.01,1994-05-03,N
2988,410,1,17,2141.7,0.0,1996-05-08,N
2988,392,2,19,7905.92,0.05,1996-04-15,A
2988,525,3,11,8970.69,0.06,1998-04-09,A
2989,585,1,36,2947.7,0.09,1994-11-16,R
2990,439,1,18,8526.81,0.04,1993-03-10,A
2990,771,2,38,5233.65,0.04,1993-02-26,N
2990,752,3,2,1695.92,0.02,1998-11-17,N
2990,310,4,30,4626.02,0.09,1997-10-04,R
2991,749,1,48,4484.31,0.05,1993-08-27,N
2991,7,2,12,2068.92,0.1,1993-06-27,A
2992,512,1,8,8669.39,0.08,1996-11-07,A
2993,601,1,5,5165.08,0.07,1993-07-05,R
2993,618,2,27,8091.25,0.01,1992-12-11,N
2994,190,1,43,6647.74,0.01,1997-09-12,A
2995,637,1,34,2596.31,0.0,1993-09-23,R
2995,119,2,23,1696.52,0.01,1993-12-22,R
2996,627,1,22,4916.83,0.1,1995-09-17,N
2997,226,1,10,6917.85,0.1,1993-08-12,R
2997,221,2,18,4165.08,0.02,1993-01-22,N
2998,298,1,10,9658.41,0.0,1998-09-07,A
2998,190,2,17,1689.43,0.01,1995-11-15,R
2999,539,1,25,5160.89,0.0,1992-05-06,R
3000,439,1,38,9502.76,0.0,1996-05-23,R
3001,705,1,16,6002.17,0.05,1993-07-04,N
3001,212,2,29,6401.78,0.1,1996-09-12,A
3002,724,1,24,522.53,0.06,1998-08-22,N
3002,543,2,5,3158.89,0.01,1996-12-27,N
3003,534,1,24,5384.31,0.07,1993-06-27,R
3004,131,1,34,7267.0,0.1,1996-07-06,R
3005,226,1,11,7999.7,0.05,1996-02-03,N
3005,511,2,9,7613.23,0.01,1997-02-04,A
3006,215,1,28,4229.28,0.04,1997-08-21,R
3006,465,2,11,5186.4,0.03,1996-10-27,N
3006,659,3,43,8800.07,0.01,1992-07-28,R
3006,414,4,30,721.09,0.1,1994-01-05,R
3006,87,5,45,8553.41,0.05,1997-11-24,R
3007,136,1,37,1320.69,0.08,1995-06-27,R
3007,675,2,23,2679.49,0.02,1996-02-03,A
3008,398,1,17,1908.03,0.09,1996-12-23,R
3008,655,2,49,7016.11,0.02,1995-01-05,R
3009,86,1,41,5443.25,0.07,1994-08-25,A
3010,141,1,25,5174.27,0.05,1994-03-16,A
3010,671,2,37,9595.38,0.09,1993-06-21,A
3011,103,1,26,7668.55,0.03,1994-09-15,N
3011,145,2,27,1700.71,0.04,1994-06-28,R
3012,462,1,12,6354.15,0.0,1996-06-25,N
3013,753,1,10,9419.97,0.09,1996-04-20,N
3013,423,2,18,9141.07,0.07,1993-11-16,N
3014,677,1,20,3942.71,0.03,1994-01-17,A
3014,608,2,23,7375.26,0.1,1997-01-23,R
3014,321,3,29,6897.84,0.09,1995-02-27,R
3015,383,1,13,5931.64,0.06,1995-08-22,R
3015,139,2,32,7595.16,0.06,1993-12-07,N
3016,688,1,22,2868.76,0.07,1995-10-03,N
3016,287,2,50,5742.19,0.09,1993-11-15,A
3016,39,3,12,440.18,0.03,1995-08-04,R
3017,565,1,3,1795.59,0.02,1993-02-02,A
3017,240,2,20,5095.37,0.1,1997-10-08,N
3018,47,1,43,5102.61,0.07,1998-11-28,N
3019,181,1,44,194.55,0.08,1992-12-14,N
3019,589,2,3,8985.37,0.1,1994-05-10,N
3019,544,3,13,7537.61,0.09,1995-08-28,R
3020,582,1,31,4578.38,0.07,1996-03-19,R
3020,114,2,41,2292.18,0.04,1996-06-05,A
3021,26,1,20,8820.83,0.07,1998-09-20,R
3022,264,1,7,6759.76,0.05,1997-11-13,A
3022,251,2,6,9814.55,0.08,1992-03-01,N
3023,763,1,5,5359.49,0.03,1993-04-11,R
3023,691,2,42,3004.54,0.04,1992-11-21,A
3024,776,1,10,5089.52,0.01,1997-07-12,N
3024,301,2,50,3075.7,0.0,1998-09-19,R
3025,273,1,25,2579.65,0.09,1996-08-04,N
3025,604,2,21,1111.61,0.03,1995-04-20,R
3026,1,1,24,9257.54,0.01,1993-07-06,A
3027,575,1,13,1263.78,0.1,1995-11-20,A
3028,440,1,29,7307.69,0.05,1997-04-03,N
3028,242,2,29,3439.02,0.07,1994-07-27,A
3029,524,1,18,9583.16,0.02,1997-06-22,R
3029,709,2,28,4419.99,0.05,1992-02-14,A
3029,548,3,40,4394.89,0.01,1996-12-02,A
3030,51,1,9,4883.7,0.03,1992-02-03,A
3030,201,2,24,2201.59,0.02,1995-02-13,N
3031,423,1,7,5405.53,0.08,1997-04-19,N
3031,641,2,16,1635.38,0.04,1997-09-23,A
3031,335,3,13,6315.1,0.06,1992-12-15,N
3031,165,4,14,7882.72,0.08,1998-02-17,N
3032,104,1,39,6736.24,0.0,1992-01-20,N
3032,517,2,48,2324.82,0.0,1992-01-16,R
3033,757,1,21,2754.69,0.1,1994-05-07,A
3033,681,2,47,978.51,0.0,1993-04-08,R
3034,567,1,4,7099.21,0.0,1993-06-20,A
3035,370,1,20,5709.21,0.08,1997-11-19,A
3035,214,2,2,5473.34,0.01,1992-05-01,A
3036,70,1,28,4691.1,0.0,1992-10-11,N
3036,318,2,26,6781.17,0.02,1995-07-18,N
3037,508,1,17,2616.98,0.07,1993-04-14,R
3037,553,2,24,3457.0,0.0,1997-01-13,R
3037,208,3,40,9265.43,0.07,1993-10-01,A
3038,614,1,8,7131.25,0.04,1993-07-01,A
3039,137,1,38,6181.79,0.07,1994-11-16,N
3040,312,1,25,8469.8,0.08,1992-12-07,A
3040,457,2,31,954.79,0.04,1993-10-08,R
3041,594,1,17,274.13,0.07,1996-04-26,A
3041,731,2,46,6599.43,0.07,1998-12-16,R
3041,460,3,10,7608.26,0.1,1997-05-22,A
3041,467,4,17,5169.51,0.04,1995-06-16,N
3042,730,1,2,1505.65,0.05,1992-05-15,N
3042,45,2,42,2812.58,0.09,1995-04-15,N
3042,127,3,47,3242.78,0.06,1994-09-28,N
3042,11,4,24,4669.19,0.05,1996-01-21,A
3043,516,1,28,7527.55,0.1,1996-10-09,A
3043,389,2,15,919.71,0.08,1995-10-16,A
3043,388,3,45,8378.56,0.03,1998-12-15,N
3043,780,4,39,3081.51,0.01,1994-05-14,N
3043,26,5,23,9073.25,0.05,1996-07-12,N
3044,154,1,20,8119.59,0.02,1998-02-25,A
3045,228,1,23,3837.46,0.02,1992-11-13,N
3045,130,2,47,5226.51,0.1,1997-06-25,R
3045,194,3,34,4795.1,0.1,1992-09-19,A
3045,369,4,41,4679.58,0.08,1998-06-08,R
3045,100,5,41,5514.07,0.01,1996-01-26,R
3046,699,1,17,9559.21,0.07,1992-08-07,A
3047,65,1,21,5003.94,0.09,1993-05-06,A
3048,13,1,16,8216.17,0.03,1998-01-16,A
3048,791,2,49,1468.08,0.1,1992-03-08,A
3048,441,3,47,5124.75,0.1,1994-06-17,A
3049,216,1,2,5974.45,0.09,1996-08-13,R
3050,547,1,33,8349.4,0.08,1993-01-12,R
3050,621,2,49,9708.51,0.05,1998-11-08,N
3050,744,3,43,6503.77,0.1,1997-12-23,R
3050,727,4,40,2555.26,0.02,1997-02-10,N
3051,423,1,50,6752.18,0.02,1995-01-26,N
3051,672,2,31,9120.25,0.03,1996-06-15,N
3052,721,1,8,6832.31,0.04,1995-05-26,A
3052,172,2,48,3174.75,0.0,1992-05-19,N
3053,32,1,24,9035.3,0.05,1994-02-23,N
3053,654,2,13,6000.26,0.0,1993-03-21,A
3053,790,3,32,2629.89,0.01,1997-09-15,R
3054,75,1,3,9601.49,0.04,1992-11-10,R
3054,132,2,11,4848.57,0.09,1993-09-16,R
3054,590,3,30,4754.55,0.0,1993-05-03,R
3055,367,1,19,7188.79,0.05,1996-02-27,N
3055,615,2,46,7153.31,0.01,1996-04-03,N
3055,82,3,23,6824.49,0.05,1996-01-04,R
3056,293,1,22,4516.64,0.07,1995-10-22,A
3056,597,2,23,6485.04,0.06,1996-07-17,N
3057,225,1,14,5137.32,0.02,1996-07-22,A
3058,566,1,4,650.28,0.04,1995-08-12,R
3058,7,2,30,8262.78,0.06,1995-02-08,A
3058,165,3,38,6903.48,0.08,1997-04-27,R
3059,422,1,24,860.25,0.09,1993-07-20,R
3059,478,2,12,3183.35,0.01,1996-03-18,A
3059,261,3,8,505.5,0.1,1997-02-08,N
3060,323,1,37,9573.7,0.03,1997-12-08,R
3061,292,1,37,1073.49,0.04,1998-02-25,N
3061,706,2,12,993.92,0.02,1997-11-16,N
3061,1,3,6,4387.13,0.03,1996-02-17,A
3062,106,1,31,3563.0,0.05,1998-12-27,N
3063,620,1,13,5912.29,0.05,1995-09-22,N
3063,609,2,39,5473.42,0.06,1992-03-25,R
3063,662,3,42,5220.5,0.06,1997-07-21,A
3064,513,1,45,9110.98,0.0,1993-04-28,A
3064,48,2,49,3383.01,0.03,1993-04-17,A
3065,62,1,13,7944.91,0.04,1996-05-16,A
3065,640,2,22,5538.22,0.04,1998-09-14,R
3066,478,1,40,4368.16,0.1,1993-12-11,A
3067,174,1,46,8419.8,0.0,1997-05-15,R
3067,768,2,42,6394.88,0.04,1992-12-22,R
3068,774,1,43,9882.5,0.03,1997-04-27,R
3069,302,1,35,7917.42,0.06,1997-01-15,N
3069,156,2,10,236.38,0.08,1995-05-11,N
3069,91,3,42,6618.8,0.06,1993-11-02,R
3069,780,4,37,6014.65,0.08,1998-06-28,A
3069,252,5,13,625.89,0.08,1992-05-01,R
3070,259,1,31,3416.0,0.05,1998-10-11,A
3070,276,2,7,4697.16,0.07,1994-03-19,N
3070,404,3,45,8051.92,0.03,1992-11-09,N
3071,203,1,10,6500.1,0.02,1995-06-07,N
3071,734,2,35,1738.72,0.09,1996-06-06,R
3071,364,3,37,632.63,0.01,1995-08-16,N
3072,639,1,31,3049.53,0.09,1995-02-21,A
3072,151,2,27,4367.51,0.05,1992-10-28,N
3073,273,1,39,9053.0,0.03,1995-06-28,R
3073,754,2,30,2373.77,0.0,1992-05-12,R
3074,254,1,6,3853.66,0.04,1996-01-06,A
3074,672,2,34,7019.79,0.09,1993-02-21,A
3074,626,3,40,2813.27,0.05,1996-07-20,N
3075,161,1,15,9524.49,0.09,1996-11-14,A
3076,229,1,41,6830.3,0.05,1993-08-27,A
3076,113,2,29,1394.96,0.04,1993-04-08,A
3076,100,3,9,9806.88,0.05,1993-05-16,R
3076,708,4,5,8454.12,0.03,1998-11-14,N
3077,88,1,42,9015.51,0.0,1993-02-25,N
3077,176,2,21,2435.53,0.06,1993-11-03,R
3078,83,1,43,172.28,0.03,1994-01-10,N
3078,50,2,1,9127.7,0.04,1998-07-25,R
3078,621,3,37,8338.71,0.07,1992-10-13,N
3078,253,4,30,525.48,0.06,1996-09-09,N
3079,9,1,26,9095.3,0.0,1997-02-21,N
3080,401,1,10,5590.39,0.01,1993-06-05,A
3080,378,2,30,1460.48,0.07,1997-03-03,A
3081,526,1,50,2992.95,0.03,1998-03-19,R
3081,713,2,34,694.98,0.04,1992-02-15,A
3081,764,3,46,2518.83,0.03,1994-06-21,N
3082,106,1,10,2298.57,0.0,1993-07-21,A
3083,3,1,1,6123.53,0.08,1996-01-25,N
3083,631,2,29,3210.11,0.1,1996-03-20,A
3084,745,1,45,9428.17,0.03,1993-08-20,R
3084,562,2,34,7849.07,0.01,1993-05-11,R
3084,67,3,48,1425.26,0.01,1992-11-02,A
3085,700,1,32,2600.2,0.09,1998-05-27,A
3086,717,1,10,5310.09,0.02,1997-02-11,N
3087,535,1,43,3438.92,0.08,1995-03-18,R
3088,354,1,48,6878.54,0.01,1998-04-16,N
3089,768,1,6,7214.84,0.05,1998-01-11,N
3089,388,2,20,1735.82,0.0,1998-11-03,A
3089,165,3,8,700.11,0.02,1998-09-17,R
3090,547,1,47,7400.62,0.1,1992-12-13,A
3091,619,1,49,7668.95,0.07,1992-02-18,N
3091,20,2,50,8885.74,0.09,1992-07-15,A
3092,790,1,21,3813.49,0.09,1997-12-10,R
3092,779,2,31,3429.89,0.08,1992-02-25,A
3092,476,3,22,9236.62,0.05,1997-11-08,A
3093,517,1,35,6096.1,0.04,1996-07-15,N
3094,455,1,50,1255.64,0.01,1994-01-17,N
3095,150,1,9,205.59,0.02,1994-06-25,N
3095,535,2,41,8529.91,0.07,1997-08-08,R
3096,446,1,42,2070.17,0.02,1998-11-02,R
3096,474,2,12,2188.79,0.04,1995-02-11,N
3096,279,3,24,1066.1,0.09,1997-11-03,R
3097,730,1,28,8312.76,0.04,1998-05-21,A
3097,551,2,21,7816.06,0.03,1994-04-09,N
3098,406,1,32,9465.54,0.01,1992-05-21,R
3098,87,2,12,9867.27,0.09,1998-03-19,R
3098,313,3,14,8416.64,0.1,1997-07-01,A
3099,156,1,3,3548.12,0.03,1998-06-21,R
3100,85,1,9,9512.0,0.02,1992-08-02,A
3100,250,2,39,458.3,0.01,1994-10-27,R
3101,339,1,17,6532.8,0.03,1993-04-12,A
3102,302,1,12,9117.0,0.0,1997-07-11,R
3103,1,1,41,6188.83,0.08,1997-01-03,A
3103,530,2,41,3948.94,0.0,1993-12-06,R
3104,741,1,13,9595.29,0.0,1997-11-15,R
3104,409,2,30,4004.56,0.05,1996-09-11,N
3105,134,1,13,3814.49,0.0,1997-05-14,N
3106,782,1,13,910.34,0.07,1998-05-14,N
3107,344,1,24,6642.53,0.02,1995-12-25,N
3108,648,1,47,5333.01,0.03,1993-02-22,R
3108,576,2,39,884.69,0.09,1992-06-12,A
3109,519,1,7,9560.78,0.05,1997-05-05,A
3109,586,2,48,2925.05,0.05,1995-12-06,R
3109,360,3,48,7213.55,0.06,1994-05-26,R
3109,497,4,12,6577.06,0.1,1997-04-01,R
3110,544,1,38,7961.74,0.02,1997-11-19,R
3110,278,2,3,3983.08,0.08,1992-08-23,A
3110,253,3,42,8762.92,0.07,1994-01-07,R
3111,371,1,31,7380.89,0.01,1998-05-11,R
3111,25,2,42,7073.23,0.03,1996-08-01,R
3112,521,1,24,952.35,0.01,1998-06-02,R
3112,396,2,37,2824.68,0.08,1995-07-19,A
3113,656,1,44,9889.04,0.02,1996-03-04,N
3114,190,1,45,1140.89,0.01,1996-02-19,N
3114,94,2,16,1442.23,0.09,1995-01-01,A
3115,210,1,26,7586.36,0.08,1992-08-03,A
3115,784,2,8,2304.66,0.1,1995-02-20,A
3116,388,1,27,4731.31,0.08,1994-08-12,R
3116,162,2,14,8031.64,0.07,1992-09-22,A
3116,476,3,41,700.6,0.03,1996-08-22,R
3116,20,4,40,7016.0,0.01,1996-01-03,N
3117,332,1,27,9725.1,0.1,1996-10-28,A
3117,115,2,40,5824.81,0.05,1997-05-26,A
3118,551,1,42,5001.32,0.1,1996-12-18,N
3118,491,2,38,5242.33,0.09,1998-10-04,R
3119,522,1,7,2023.18,0.1,1992-12-09,N
3119,559,2,12,9340.01,0.0,1996-09-08,R
3120,6,1,33,4448.77,0.01,1994-07-27,N
3121,70,1,7,256.49,0.03,1993-11-28,R
3121,327,2,19,1906.75,0.09,1997-03-01,A
3122,118,1,44,7594.26,0.05,1993-02-12,A
3122,108,2,48,1049.3,0.0,1992-04-25,R
3122,597,3,19,742.52,0.09,1992-04-17,A
3123,410,1,29,2645.18,0.1,1993-07-07,R
3123,446,2,33,8526.36,0.08,1997-04-11,R
3124,484,1,7,4148.93,0.03,1992-08-04,N
3125,101,1,40,4821.56,0.09,1998-05-01,N
3125,705,2,38,7636.67,0.08,1996-07-12,N
3126,198,1,23,6154.74,0.1,1992-07-02,N
3126,294,2,2,7735.87,0.06,1994-01-15,A
3127,333,1,6,4659.85,0.05,1998-11-01,N
3127,62,2,18,1886.18,0.02,1997-07-02,R
3127,621,3,31,7322.3,0.05,1994-02-11,N
3127,414,4,48,7366.12,0.09,1995-09-20,R
3128,697,1,27,3789.26,0.0,1994-10-07,A
3128,667,2,6,6965.14,0.05,1995-10-15,R
3128,579,3,32,3757.37,0.02,1992-01-20,N
3128,358,4,14,4422.0,0.07,1996-01-06,N
3129,521,1,37,6077.42,0.03,1996-03-08,A
3130,727,1,46,7458.21,0.05,1992-10-13,A
3131,540,1,37,9258.44,0.08,1997-01-04,R
3131,227,2,45,2542.83,0.0,1995-09-04,R
3132,620,1,37,3151.43,0.07,1994-10-28,R
3133,493,1,3,9779.43,0.02,1992-06-13,R
3134,663,1,1,9028.64,0.05,1994-08-05,N
3135,54,1,27,7245.08,0.09,1998-05-07,R
3135,124,2,43,1080.26,0.1,1996-12-10,R
3136,221,1,49,3161.72,0.07,1993-08-15,R
3136,560,2,25,775.85,0.04,1996-09-09,N
3137,29,1,2,2822.34,0.06,1996-05-16,N
3137,761,2,19,9575.72,0.07,1998-06-06,R
3138,469,1,7,2399.9,0.02,1996-03-07,A
3139,647,1,14,6629.18,0.0,1997-03-10,A
3139,554,2,27,358.6,0.03,1993-08-25,A
3140,648,1,14,1979.48,0.0,1992-08-19,A
3140,91,2,33,9003.27,0.1,1992-11-23,N
3141,263,1,28,5561.42,0.01,1994-05-11,N
3142,55,1,48,2128.52,0.05,1992-11-08,R
3143,492,1,42,865.23,0.08,1992-02-24,R
3144,532,1,41,3345.29,0.1,1996-10-05,A
3144,718,2,37,690.03,0.07,1995-05-28,N
3144,345,3,45,5491.82,0.08,1996-12-24,A
3145,270,1,19,9539.33,0.08,1994-10-14,A
3146,237,1,12,315.66,0.06,1996-06-23,A
3146,382,2,48,3412.7,0.09,1994-06-22,R
3146,775,3,11,2347.94,0.04,1998-02-12,A
3146,565,4,32,7776.75,0.07,1992-12-04,R
3147,461,1,21,6070.65,0.0,1993-04-28,N
3147,40,2,1,8149.96,0.03,1992-12-12,R
3147,631,3,9,1867.42,0.09,1993-09-05,A
3148,638,1,7,1336.71,0.02,1996-10-12,R
3148,781,2,12,5832.72,0.01,1993-08-20,N
3149,657,1,48,6919.99,0.0,1998-08-11,N
3149,799,2,8,3867.49,0.08,1992-10-03,R
3150,518,1,36,5744.63,0.08,1997-12-16,A
3151,34,1,29,4950.81,0.1,1996-09-08,A
3151,785,2,30,4789.82,0.09,1998-06-24,A
3151,634,3,39,6188.69,0.08,1992-01-15,A
3152,411,1,37,8412.64,0.1,1997-10-01,R
3153,200,1,48,5149.55,0.06,1995-05-06,A
3154,172,1,20,7891.72,0.01,1995-08-22,N
3155,497,1,15,2613.22,0.06,1992-04-28,R
3155,663,2,46,9502.08,0.05,1997-11-05,R
3156,743,1,19,5202.11,0.0,1994-06-11,R
3156,641,2,12,1419.27,0.03,1995-09-18,A
3157,709,1,42,7301.56,0.09,1996-11-03,A
3158,149,1,47,4176.15,0.09,1995-11-01,R
3158,634,2,37,8624.25,0.06,1993-09-11,R
3158,495,3,41,8111.81,0.02,1998-11-19,N
3158,349,4,31,7238.63,0.03,1998-06-18,N
3159,25,1,14,8055.06,0.05,1998-04-27,R
3159,61,2,46,3434.06,0.08,1994-07-07,A
3160,701,1,40,7411.15,0.1,1996-01-28,R
3160,748,2,47,8781.64,0.03,1996-10-14,A
3161,456,1,48,4953.44,0.08,1993-06-10,R
3161,377,2,42,6043.45,0.05,1995-04-16,R
3161,707,3,28,3072.11,0.06,1995-09-17,N
3162,46,1,49,2238.31,0.03,1994-04-10,N
3162,253,2,4,8886.59,0.07,1996-05-28,N
3162,395,3,10,1506.73,0.03,1998-05-08,A
3163,732,1,43,8965.41,0.1,1995-03-13,A
3164,178,1,12,4277.82,0.03,1996-11-26,A
3164,18,2,22,5142.27,0.07,1993-08-08,R
3165,351,1,39,6401.33,0.08,1998-09-20,R
3166,655,1,7,6890.95,0.08,1992-06-11,R
3167,636,1,29,702.58,0.01,1998-02-03,A
3167,500,2,12,6858.42,0.09,1994-01-21,A
3167,762,3,45,7447.3,0.03,1998-08-06,N
3167,96,4,44,8560.93,0.05,1995-10-07,N
3168,768,1,20,5411.72,0.02,1993-01-12,R
3168,565,2,11,2046.11,0.03,1992-03-25,A
3168,151,3,7,6250.48,0.0,1994-10-01,R
3169,753,1,3,8841.57,0.09,1994-07-17,N
3169,628,2,10,8162.25,0.05,1994-07-25,A
3169,463,3,10,8753.32,0.07,1996-07-15,A
3170,178,1,6,6274.71,0.05,1994-10-10,R
3170,374,2,17,6987.43,0.02,1993-10-08,A
3171,141,1,40,3188.97,0.01,1998-06-12,A
3171,509,2,33,9419.12,0.09,1994-10-09,R
3172,369,1,25,9794.33,0.06,1995-07-12,N
3172,742,2,44,3421.71,0.1,1996-04-10,A
3173,676,1,38,1211.38,0.05,1994-07-14,R
3173,110,2,2,6727.57,0.04,1998-04-03,R
3173,41,3,20,785.44,0.07,1993-09-14,N
3174,464,1,26,5616.31,0.09,1995-03-11,A
3174,667,2,14,9844.62,0.03,1996-09-21,N
3174,583,3,23,6882.93,0.08,1992-04-02,A
3175,750,1,17,1866.29,0.06,1996-09-16,R
3175,346,2,31,1732.21,0.09,1996-12-01,R
3176,177,1,17,2305.85,0.07,1997-09-27,N
3176,256,2,48,2107.46,0.03,1998-03-23,A
3176,75,3,11,8539.25,0.03,1993-02-18,N
3176,591,4,43,2509.5,0.0,1994-12-13,R
3177,689,1,24,5719.89,0.05,1992-11-23,R
3178,665,1,2,7617.94,0.07,1997-02-25,A
3178,343,2,3,4057.0,0.04,1997-05-04,N
3179,386,1,46,5578.1,0.0,1998-11-24,A
3179,239,2,4,3003.09,0.09,1998-04-14,N
3179,607,3,4,5260.86,0.08,1997-04-24,R
3179,440,4,8,2014.74,0.1,1998-09-18,A
3180,5,1,29,3672.16,0.08,1994-03-06,R
3181,165,1,35,5858.04,0.02,1996-06-08,R
3181,650,2,9,5013.69,0.05,1997-07-24,A
3181,430,3,24,9860.29,0.0,1995-03-05,N
3182,517,1,7,9579.23,0.02,1996-03-26,A
3183,696,1,48,7546.46,0.03,1997-06-13,N
3183,766,2,10,3237.24,0.04,1996-05-08,N
3184,560,1,46,9457.77,0.09,1997-11-26,A
3184,742,2,24,1926.75,0.02,1997-06-23,A
3185,162,1,41,373.87,0.06,1993-06-08,N
3185,783,2,45,1090.16,0.02,1998-06-24,R
3186,709,1,22,5793.41,0.01,1997-02-24,A
3186,121,2,19,7395.86,0.07,1998-05-22,R
3187,783,1,4,6967.92,0.05,1996-11-22,N
3187,462,2,6,9233.03,0.04,1995-11-13,R
3188,309,1,18,807.02,0.1,1996-09-27,R
3189,504,1,22,4033.39,0.1,1992-06-27,A
3190,665,1,41,9723.7,0.0,1997-01-27,R
3190,106,2,23,5921.99,0.09,1997-08-21,A
3190,240,3,35,1218.88,0.05,1995-11-19,N
3191,149,1,46,2032.26,0.01,1996-08-20,A
3192,595,1,41,5896.5,0.02,1994-04-19,N
3192,254,2,12,919.93,0.07,1994-08-03,A
3193,434,1,26,6855.74,0.0,1996-08-13,A
3194,77,1,47,6400.69,0.01,1996-09-02,A
3194,311,2,1,9932.27,0.03,1997-01-04,R
3194,261,3,32,1775.15,0.06,1995-12-20,R
3195,160,1,24,817.17,0.02,1996-11-25,N
3195,787,2,2,4357.2,0.07,1996-05-05,A
3196,294,1,15,5419.17,0.02,1997-06-12,A
3197,757,1,29,6698.24,0.02,1993-05-01,N
3197,410,2,7,4399.75,0.01,1997-04-19,R
3197,340,3,16,5934.85,0.01,1996-12-01,N
3198,462,1,7,5808.25,0.03,1996-03-14,R
3199,555,1,40,9437.36,0.06,1993-02-17,R
3200,498,1,27,505.09,0.02,1996-08-17,R
3200,438,2,16,8622.2,0.03,1998-11-22,R
3200,118,3,16,7037.4,0.06,1997-08-07,A
3201,796,1,38,3253.5,0.01,1998-10-10,A
3201,303,2,26,2875.17,0.08,1997-11-23,A
3202,500,1,29,532.15,0.02,1996-02-02,A
3203,86,1,7,8721.77,0.01,1992-08-12,N
3204,236,1,38,8358.47,0.08,1993-03-26,N
3205,230,1,12,1724.84,0.06,1997-02-12,A
3205,482,2,30,5821.54,0.09,1997-03-26,N
3205,543,3,14,2037.57,0.03,1992-11-04,N
3206,340,1,4,6135.63,0.09,1997-09-24,N
3206,44,2,49,8017.57,0.06,1994-01-01,R
3206,139,3,14,166.96,0.1,1997-11-03,N
3207,92,1,7,1623.09,0.08,1996-05-19,A
3207,374,2,34,6464.26,0.01,1997-05-12,N
3208,612,1,47,5357.89,0.09,1997-12-21,A
3208,696,2,18,4565.23,0.08,1992-04-16,N
3209,681,1,31,194.81,0.05,1996-01-14,N
3209,722,2,19,6739.29,0.08,1994-05-12,A
3210,254,1,2,1501.55,0.05,1997-05-16,R
3210,147,2,47,5410.74,0.08,1993-05-21,R
3211,556,1,14,9444.19,0.01,1995-03-13,N
3211,420,2,1,4160.63,0.1,1995-10-02,R
3211,182,3,23,2648.26,0.04,1998-09-09,N
3211,451,4,41,1801.61,0.03,1998-01-11,N
3212,509,1,19,3399.35,0.0,1998-02-26,R
3212,163,2,38,3491.86,0.06,1997-06-26,A
3213,570,1,19,3009.2,0.02,1992-09-19,N
3214,796,1,21,7440.46,0.0,1994-01-17,R
3214,402,2,17,8597.32,0.01,1995-03-22,R
3215,240,1,14,3766.99,0.1,1995-05-10,R
3216,20,1,30,7509.03,0.02,1992-04-05,R
3216,79,2,29,1811.55,0.06,1992-05-16,N
3217,104,1,7,7505.84,0.01,1997-11-01,A
3218,563,1,47,2985.8,0.01,1992-10-27,R
3218,475,2,12,582.13,0.07,1996-01-01,N
3218,91,3,12,9261.1,0.05,1992-04-28,R
3219,184,1,22,8369.36,0.08,1998-06-06,N
3219,352,2,4,590.65,0.03,1998-02-07,N
3220,246,1,37,6652.03,0.09,1998-10-11,R
3220,30,2,40,4091.21,0.01,1997-04-08,A
3221,713,1,25,8565.83,0.05,1993-06-14,R
3221,77,2,46,2820.31,0.03,1992-08-17,N
3222,702,1,34,649.4,0.03,1995-12-27,N
3223,10,1,17,4934.76,0.06,1997-11-06,A
3223,502,2,44,5927.83,0.06,1995-04-08,N
3224,45,1,37,5214.28,0.05,1993-12-14,A
3224,391,2,20,9029.73,0.08,1996-06-06,R
3225,642,1,37,371.8,0.1,1997-07-04,A
3226,92,1,16,918.22,0.05,1995-02-01,R
3227,299,1,43,5466.8,0.07,1993-03-01,R
3227,521,2,23,2273.12,0.1,1996-03-01,A
3227,365,3,20,3599.14,0.06,1993-05-07,N
3227,378,4,6,3585.67,0.05,1998-12-15,R
3228,362,1,43,9427.74,0.05,1994-01-02,N
3228,465,2,27,5602.54,0.09,1997-01-18,R
3229,226,1,37,3243.58,0.08,1995-10-20,N
3230,231,1,1,8510.74,0.0,1997-08-05,N
3230,614,2,13,1040.39,0.04,1993-03-22,R
3230,551,3,34,8622.56,0.09,1995-01-03,A
3231,301,1,35,7539.96,0.02,1994-06-08,N
3231,714,2,9,6706.98,0.0,1996-03-10,R
3232,472,1,34,3200.8,0.1,1992-07-12,A
3232,6,2,44,3942.38,0.09,1992-04-09,R
3233,617,1,46,4466.32,0.08,1998-07-26,N
3234,277,1,22,3914.01,0.01,1996-08-03,R
3235,335,1,26,9906.39,0.02,1997-06-22,A
3236,363,1,25,6727.21,0.06,1997-01-17,N
3236,686,2,19,8589.37,0.09,1997-10-14,A
3236,169,3,42,8787.47,0.08,1997-05-25,N
3237,73,1,47,4345.12,0.0,1992-09-19,N
3237,711,2,36,5618.37,0.03,1992-02-09,A
3237,575,3,41,4015.54,0.08,1996-10-21,R
3237,440,4,47,6120.16,0.02,1997-09-11,A
3238,788,1,18,2735.21,0.1,1997-07-04,R
3239,195,1,12,5967.58,0.08,1995-10-03,A
3239,186,2,6,4349.71,0.05,1996-07-28,A
3240,245,1,46,9132.33,0.02,1994-10-11,N
3240,103,2,15,6911.95,0.06,1997-12-13,R
3240,736,3,24,1087.33,0.09,1993-05-14,A
3241,373,1,46,3166.09,0.01,1998-04-12,A
3242,531,1,19,4278.3,0.05,1998-02-24,N
3243,302,1,21,7826.63,0.05,1993-12-24,R
3243,179,2,29,5560.38,0.02,1996-05-22,A
3244,541,1,8,4141.79,0.1,1996-08-20,A
3245,83,1,46,8077.94,0.08,1995-05-07,A
3245,406,2,48,3028.32,0.03,1996-03-23,A
3245,692,3,38,5914.92,0.09,1992-06-01,R
3246,625,1,8,2572.35,0.03,1998-08-17,N
3246,385,2,28,9141.46,0.0,1993-04-24,R
3246,488,3,38,744.05,0.07,1992-03-09,N
3247,773,1,38,9860.08,0.1,1996-06-24,N
3248,743,1,36,4571.59,0.03,1992-05-06,R
3249,49,1,24,4090.9,0.05,1995-03-09,R
3250,37,1,50,7344.62,0.09,1993-11-17,N
3251,459,1,36,9029.92,0.05,1998-03-08,A
3252,718,1,28,5585.47,0.04,1998-02-01,R
3252,116,2,13,253.73,0.01,1994-04-28,N
3252,668,3,24,9207.57,0.1,1995-03-08,A
3253,703,1,12,6371.99,0.07,1998-02-28,R
3253,559,2,42,2789.17,0.0,1996-10-22,A
3253,703,3,41,4992.55,0.06,1992-12-14,A
3254,97,1,22,5887.65,0.07,1992-08-23,R
3254,579,2,28,4671.35,0.05,1997-02-27,N
3254,686,3,17,722.88,0.05,1993-12-08,A
3255,460,1,19,9733.15,0.1,1993-06-02,R
3255,706,2,5,7798.21,0.03,1998-11-12,R
3256,628,1,25,9671.15,0.09,1998-08-25,N
3256,83,2,30,2893.75,0.1,1998-06-06,A
3257,284,1,31,5089.24,0.04,1992-11-28,R
3257,269,2,42,6922.61,0.01,1993-08-24,N
3258,685,1,8,2577.52,0.1,1997-03-04,A
3259,125,1,5,982.52,0.02,1998-10-18,N
3259,217,2,18,5831.3,0.05,1994-02-28,N
3259,475,3,18,901.95,0.09,1992-07-15,A
3259,537,4,45,3472.4,0.05,1992-10-05,N
3260,60,1,47,5356.6,0.01,1997-12-19,N
3260,405,2,7,109.15,0.01,1994-05-19,R
3261,769,1,45,6981.96,0.09,1995-07-23,A
3262,648,1,42,5448.33,0.07,1998-05-17,A
3262,524,2,1,8570.07,0.07,1997-04-02,N
3262,176,3,5,4514.78,0.0,1997-02-24,R
3263,58,1,36,5602.28,0.05,1993-08-23,R
3264,694,1,21,5145.72,0.06,1992-02-22,N
3264,34,2,28,895.96,0.0,1995-12-03,A
3264,625,3,1,1190.98,0.06,1996-02-12,R
3264,293,4,16,3303.56,0.04,1996-09-12,N
3264,85,5,40,7195.97,0.01,1992-07-25,R
3265,413,1,35,2006.25,0.08,1995-01-24,N
3265,704,2,11,741.23,0.06,1992-04-18,A
3265,424,3,25,2750.22,0.05,1993-04-22,A
3266,626,1,5,5068.06,0.03,1993-08-27,N
3267,26,1,39,6009.83,0.08,1993-04-11,A
3267,29,2,23,4134.46,0.09,1994-04-03,N
3267,378,3,35,3166.13,0.06,1995-02-14,R
3268,202,1,32,4520.97,0.08,1992-08-01,A
3268,231,2,39,6433.58,0.06,1998-01-21,N
3269,721,1,26,1238.22,0.02,1997-11-10,A
3269,626,2,42,5170.54,0.05,1994-05-28,A
3270,392,1,10,6780.2,0.0,1998-03-16,N
3270,557,2,35,5488.42,0.03,1994-03-18,A
3271,704,1,29,1551.68,0.1,1992-06-07,A
3272,393,1,5,423.0,0.0,1996-07-03,A
3273,556,1,42,3722.1,0.01,1992-08-03,A
3273,256,2,8,5817.68,0.08,1993-11-28,A
3274,299,1,38,1942.93,0.04,1993-07-20,R
3274,60,2,9,9185.85,0.06,1994-08-03,A
3275,563,1,24,170.09,0.07,1998-02-01,R
3276,332,1,39,5048.36,0.04,1998-03-11,R
3276,51,2,33,7209.45,0.02,1994-11-03,A
3276,37,3,26,4368.44,0.04,1998-11-03,A
3277,176,1,2,4708.05,0.09,1997-12-05,N
3277,398,2,9,4799.55,0.07,1992-06-10,N
3277,507,3,27,5463.0,0.08,1997-10-04,A
3278,643,1,50,4685.12,0.03,1995-04-12,R
3278,600,2,45,6034.43,0.02,1996-05-27,R
3279,35,1,15,6366.31,0.09,1993-01-28,R
3280,73,1,14,9881.94,0.07,1995-12-01,R
3281,145,1,7,5790.29,0.05,1994-03-26,N
3281,108,2,11,1641.56,0.1,1992-03-11,R
3282,62,1,6,2272.54,0.06,1996-05-28,R
3282,227,2,47,546.07,0.1,1994-09-18,N
3283,785,1,32,2279.87,0.06,1992-08-12,A
3283,61,2,23,4084.61,0.04,1997-08-09,N
3284,795,1,15,2407.5,0.01,1996-09-16,R
3285,64,1,39,3085.47,0.01,1997-02-19,R
3286,170,1,43,6228.07,0.01,1994-01-13,R
3286,92,2,9,8067.42,0.09,1993-10-03,N
3287,391,1,50,3114.83,0.0,1996-05-24,N
3288,403,1,25,6511.76,0.0,1996-01-23,A
3289,194,1,33,8508.64,0.08,1995-11-04,R
3289,96,2,23,7189.49,0.03,1998-08-21,N
3290,171,1,18,3839.8,0.01,1998-11-28,A
3290,695,2,42,7606.05,0.06,1996-04-21,N
3291,277,1,47,7717.96,0.0,1997-02-03,N
3291,555,2,47,1388.59,0.02,1994-03-15,R
3292,593,1,15,1215.28,0.02,1996-11-06,A
3293,13,1,8,556.03,0.06,1994-03-07,A
3293,255,2,42,8842.36,0.07,1998-06-27,N
3293,332,3,34,580.49,0.07,1995-09-26,A
3294,434,1,48,3183.32,0.02,1998-12-16,A
3294,162,2,9,959.0,0.01,1997-06-05,N
3294,569,3,20,4916.49,0.05,1996-03-01,N
3295,721,1,43,4184.17,0.03,1998-09-05,A
3295,581,2,2,1195.89,0.05,1997-02-28,R
3295,77,3,33,6868.72,0.09,1997-10-18,A
3296,361,1,47,7753.99,0.04,1993-05-18,N
3296,157,2,25,1161.72,0.05,1998-12-09,A
3297,488,1,26,2257.36,0.05,1994-11-03,A
3297,90,2,38,3610.15,0.07,1998-03-18,N
3297,425,3,37,262.59,0.02,1992-04-17,N
3297,481,4,47,5290.91,0.02,1992-07-28,N
3298,518,1,21,228.5,0.03,1992-01-21,R
3298,666,2,34,3137.06,0.03,1998-06-07,N
3299,111,1,9,361.72,0.06,1994-09-02,N
3300,783,1,17,7550.43,0.04,1998-09-03,A
3300,53,2,23,8902.89,0.07,1997-05-14,N
3300,543,3,46,9846.98,0.0,1995-07-09,R
3300,687,4,23,941.05,0.04,1997-03-28,R
3301,251,1,50,5385.17,0.04,1995-02-28,A
3301,254,2,49,919.09,0.06,1997-12-11,R
3302,495,1,27,5928.79,0.08,1994-01-25,A
3302,52,2,12,7387.81,0.01,1995-11-08,N
3302,312,3,21,9486.6,0.05,1996-07-14,R
3302,761,4,42,6647.59,0.03,1998-05-09,R
3302,393,5,2,3397.54,0.04,1996-02-13,R
3303,725,1,22,2364.41,0.03,1993-09-04,A
3303,761,2,14,3296.22,0.1,1996-02-18,A
3304,190,1,26,926.28,0.01,1998-07-03,A
3305,19,1,18,8727.85,0.07,1993-07-17,N
3305,184,2,46,510.31,0.07,1995-05-13,R
3305,530,3,25,1318.15,0.08,1993-03-25,R
3306,223,1,11,9755.65,0.05,1992-11-27,R
3307,5,1,17,2728.84,0.05,1996-01-20,A
3307,738,2,27,3980.61,0.09,1993-04-09,A
3308,708,1,50,6402.86,0.06,1992-03-06,N
3309,577,1,13,1321.81,0.06,1993-11-04,R
3309,393,2,26,7873.25,0.05,1996-12-04,N
3309,643,3,5,4986.79,0.09,1993-08-11,N
3309,287,4,10,9728.32,0.04,1996-04-28,R
3309,662,5,38,602.5,0.04,1993-01-13,A
3310,53,1,50,8754.94,0.03,1995-11-24,N
3310,506,2,50,7420.63,0.05,1998-05-08,N
3310,1,3,42,8693.92,0.1,1997-08-05,N
3311,714,1,35,7121.83,0.06,1995-08-07,R
3311,153,2,33,5094.04,0.02,1993-08-06,R
3311,720,3,43,1186.18,0.1,1992-08-12,N
3311,19,4,6,4820.25,0.06,1994-11-10,R
3312,212,1,31,5228.29,0.0,1998-09-28,A
3312,278,2,45,5006.62,0.08,1995-11-05,N
3312,386,3,11,5295.54,0.09,1997-07-01,N
3312,703,4,36,887.14,0.1,1995-03-26,A
3313,779,1,6,8349.77,0.04,1993-04-25,A
3313,723,2,34,2562.68,0.0,1995-07-08,A
3314,103,1,42,2738.72,0.02,1992-08-02,A
3314,329,2,11,9533.13,0.01,1996-07-09,A
3315,130,1,26,4282.96,0.01,1993-08-27,N
3315,94,2,37,9559.8,0.06,1993-01-12,R
3315,558,3,7,2804.34,0.09,1992-11-27,R
3315,750,4,39,537.36,0.06,1994-12-26,A
3316,246,1,22,4031.07,0.04,1992-09-07,A
3317,778,1,19,8690.9,0.08,1998-02-09,R
3318,352,1,38,3048.83,0.07,1997-10-03,N
3318,372,2,25,5685.18,0.06,1996-09-22,R
3319,39,1,14,3801.11,0.1,1998-07-17,A
3319,20,2,50,1453.25,0.0,1997-03-20,A
3320,317,1,5,9870.2,0.04,1993-04-10,N
3320,682,2,47,6291.57,0.0,1993-07-23,N
3321,437,1,35,6577.88,0.07,1996-08-02,R
3321,50,2,27,253.42,0.01,1993-05-21,A
3322,138,1,12,8844.52,0.07,1994-02-15,N
3322,134,2,13,7801.2,0.02,1998-12-28,R
3323,590,1,26,2611.4,0.07,1995-02-15,R
3324,602,1,50,5804.4,0.1,1998-10-25,A
3324,226,2,45,2956.35,0.09,1992-10-25,N
3324,224,3,5,177.08,0.04,1995-10-25,R
3324,566,4,33,1778.9,0.1,1994-12-27,R
3325,32,1,33,8203.76,0.04,1993-05-02,R
3326,42,1,16,2796.02,0.02,1996-11-11,A
3326,149,2,19,5464.19,0.0,1993-06-24,A
3326,201,3,30,338.59,0.09,1993-08-19,R
3326,474,4,35,8145.24,0.0,1996-10-26,N
3327,10,1,44,2447.67,0.02,1997-05-06,A
3327,31,2,41,8619.67,0.03,1994-12-20,A
3328,399,1,27,4250.26,0.08,1992-06-16,R
3329,558,1,20,6739.62,0.01,1995-05-02,R
3330,765,1,47,7187.77,0.06,1992-03-10,R
3331,359,1,22,1661.93,0.01,1998-03-19,R
3331,629,2,20,9408.86,0.08,1995-12-25,R
3331,287,3,40,4639.22,0.04,1995-05-11,A
3331,97,4,26,9299.69,0.06,1993-05-20,R
3331,250,5,34,4910.33,0.0,1996-04-21,N
3332,85,1,18,5860.22,0.0,1998-12-22,A
3332,671,2,4,7890.48,0.04,1994-09-22,A
3332,411,3,46,7425.01,0.09,1995-06-14,R
3333,774,1,49,5252.89,0.09,1994-02-25,N
3333,271,2,11,4010.97,0.02,1997-03-06,A
3334,484,1,40,2483.15,0.0,1993-06-10,R
3334,523,2,30,2540.38,0.09,1998-10-11,A
3335,354,1,40,3053.39,0.06,1998-01-05,A
3335,66,2,1,6381.79,0.1,1993-10-17,A
3335,201,3,50,2088.98,0.05,1997-04-28,A
3335,702,4,34,7473.02,0.0,1997-01-18,N
3336,612,1,12,5855.75,0.01,1992-01-10,N
3336,340,2,6,9650.3,0.07,1997-04-19,N
3336,608,3,18,3858.8,0.06,1994-04-21,N
3337,582,1,21,8272.58,0.02,1992-06-28,R
3337,125,2,43,7524.78,0.07,1992-11-19,R
3338,72,1,2,2948.9,0.04,1995-09-24,N
3339,722,1,24,7550.81,0.0,1994-06-11,R
3339,401,2,32,8003.08,0.08,1998-09-26,R
3340,597,1,22,1668.6,0.0,1997-12-18,R
3341,407,1,13,9165.74,0.06,1993-02-19,A
3342,317,1,33,2492.72,0.09,1996-08-21,R
3343,628,1,1,2945.66,0.07,1996-12-19,A
3344,772,1,33,9963.41,0.1,1997-07-12,A
3344,255,2,3,1440.44,0.01,1998-05-04,R
3345,184,1,38,8090.07,0.08,1992-08-25,A
3346,278,1,12,2198.71,0.0,1994-02-18,R
3347,142,1,22,2381.09,0.07,1998-10-08,R
3347,37,2,7,9661.71,0.06,1993-09-25,R
3347,625,3,33,4420.7,0.07,1995-03-03,R
3348,392,1,24,6407.74,0.07,1992-04-09,N
3348,352,2,22,8307.53,0.05,1996-05-10,A
3349,82,1,47,3777.19,0.09,1996-02-05,R
3350,702,1,30,9723.56,0.0,1994-01-08,N
3350,373,2,47,6325.88,0.07,1994-10-26,N
3350,406,3,29,2146.98,0.03,1998-10-28,N
3350,709,4,11,3321.53,0.05,1993-06-01,N
3351,228,1,21,6122.48,0.0,1996-06-18,N
3351,190,2,36,7367.15,0.08,1998-01-16,R
3352,90,1,1,3778.2,0.06,1995-12-28,A
3352,731,2,2,6732.75,0.05,1994-09-27,R
3352,265,3,16,3399.09,0.02,1998-02-07,R
3353,50,1,43,1611.66,0.06,1998-02-04,R
3354,180,1,11,2370.66,0.05,1994-12-27,N
3355,289,1,19,3599.69,0.05,1995-08-02,A
3355,732,2,15,1530.84,0.03,1995-04-14,R
3356,665,1,6,7280.32,0.05,1994-11-03,R
3357,595,1,24,8516.19,0.0,1995-10-13,A
3357,752,2,17,6238.91,0.1,1994-08-01,N
3357,82,3,49,125.38,0.09,1997-02-16,N
3358,647,1,13,5312.17,0.0,1992-06-20,R
3359,172,1,47,2095.87,0.04,1998-12-05,N
3360,157,1,39,3127.48,0.05,1996-09-28,R
3360,579,2,16,9089.96,0.07,1995-05-05,A
3361,430,1,18,2718.66,0.0,1994-03-26,N
3361,102,2,22,7359.54,0.07,1993-03-18,A
3361,593,3,19,9896.16,0.05,1996-11-14,A
3362,582,1,41,7209.82,0.07,1997-05-06,R
3363,121,1,21,1207.1,0.09,1996-07-15,A
3364,122,1,49,2225.21,0.03,1992-04-04,N
3364,11,2,4,8286.31,0.02,1998-06-05,A
3364,778,3,49,2327.14,0.1,1992-07-14,A
3365,428,1,3,4463.53,0.1,1995-01-02,N
3365,483,2,4,3808.12,0.1,1992-07-09,R
3366,153,1,1,4698.71,0.08,1998-06-01,R
3366,43,2,16,881.85,0.06,1994-10-19,A
3366,510,3,11,5090.85,0.1,1995-02-15,R
3367,108,1,3,7921.86,0.07,1997-02-28,N
3367,166,2,20,2615.24,0.01,1997-06-24,N
3367,95,3,25,1963.62,0.1,1994-03-26,R
3368,542,1,15,7090.29,0.06,1992-08-23,A
3368,228,2,41,6334.85,0.1,1996-12-01,R
3368,568,3,25,8158.93,0.06,1993-09-15,N
3369,311,1,31,9498.89,0.08,1993-06-21,N
3369,268,2,29,176.12,0.07,1998-07-14,A
3370,303,1,4,9448.5,0.08,1994-11-14,A
3370,493,2,14,1798.61,0.06,1998-01-26,N
3371,77,1,17,8456.85,0.07,1994-02-14,R
3371,570,2,49,1912.8,0.01,1993-07-14,A
3372,443,1,33,9042.62,0.01,1995-06-02,R
3373,120,1,16,9394.33,0.03,1992-05-28,R
3373,150,2,18,4160.39,0.02,1997-05-04,A
3373,576,3,39,7380.94,0.09,1992-06-07,A
3374,259,1,32,8332.86,0.1,1997-03-14,R
3374,21,2,49,8064.23,0.01,1995-02-22,A
3374,351,3,20,1669.4,0.09,1994-02-12,A
3375,712,1,35,7440.51,0.04,1992-05-14,N
3375,667,2,10,6791.71,0.04,1997-08-17,R
3375,130,3,33,5960.34,0.06,1998-12-10,R
3375,116,4,5,4818.1,0.09,1997-07-27,N
3376,510,1,14,4659.56,0.09,1994-08-15,A
3377,348,1,24,7571.38,0.09,1996-09-22,N
3377,719,2,48,1560.43,0.07,1992-10-17,N
3378,226,1,17,9284.41,0.03,1995-11-21,N
3378,409,2,43,1465.9,0.06,1993-10-12,A
3379,765,1,23,6431.61,0.06,1996-05-17,A
3379,652,2,7,1135.4,0.08,1996-09-11,A
3379,786,3,36,3383.26,0.03,1997-08-17,A
3380,261,1,23,9203.69,0.09,1997-07-17,N
3380,403,2,41,1436.26,0.02,1997-01-18,A
3381,409,1,38,482.33,0.1,1995-12-11,A
3382,22,1,26,6428.13,0.07,1997-10-28,N
3382,516,2,2,2859.66,0.02,1993-04-02,R
3382,208,3,42,8331.94,0.06,1994-01-19,N
3383,445,1,44,5811.77,0.05,1997-02-25,R
3384,188,1,49,5815.49,0.02,1992-04-25,A
3385,85,1,12,7912.12,0.0,1996-08-08,A
3385,225,2,47,567.06,0.02,1996-09-12,A
3386,396,1,42,5231.15,0.08,1998-06-10,R
3387,374,1,43,5977.61,0.09,1998-11-16,R
3387,309,2,19,5245.15,0.04,1992-01-12,N
3387,295,3,42,8621.38,0.05,1998-02-18,R
3387,254,4,14,2351.01,0.1,1995-07-05,N
3387,283,5,9,723.54,0.06,1992-04-09,N
3388,439,1,38,4862.91,0.05,1998-02-26,N
3388,281,2,12,4640.01,0.09,1997-04-07,A
3388,184,3,39,2179.47,0.04,1998-08-02,N
3389,705,1,36,7563.18,0.0,1993-10-16,A
3389,158,2,35,1907.53,0.03,1997-12-12,N
3390,204,1,38,3649.75,0.02,1992-08-27,A
3390,585,2,21,8298.71,0.04,1992-05-13,R
3390,94,3,35,9496.31,0.05,1998-06-22,A
3391,785,1,36,5910.78,0.08,1993-01-08,R
3391,245,2,44,5487.48,0.09,1996-03-03,A
3391,30,3,30,1126.15,0.04,1996-09-23,N
3392,708,1,17,1482.54,0.0,1996-08-08,R
3393,475,1,14,404.89,0.05,1996-01-28,A
3394,229,1,32,6098.5,0.1,1992-09-11,N
3395,57,1,22,6248.86,0.02,1994-06-03,N
3396,721,1,30,7568.07,0.04,1992-06-17,N
3396,493,2,36,9922.54,0.03,1993-04-23,A
3396,646,3,23,7038.34,0.07,1997-11-06,A
3397,651,1,29,9913.0,0.01,1992-02-07,R
3397,20,2,48,9049.32,0.03,1996-04-21,R
3397,346,3,8,3355.23,0.1,1993-12-06,N
3397,663,4,3,7613.24,0.09,1993-10-08,N
3398,472,1,33,4698.27,0.0,1993-02-17,N
3398,464,2,39,3533.0,0.07,1995-05-05,R
3398,506,3,10,3978.54,0.08,1998-03-04,R
3399,134,1,23,9561.2,0.07,1994-04-12,R
3399,774,2,43,8724.99,0.0,1993-12-25,R
3400,551,1,36,4385.54,0.01,1993-01-01,R
3401,612,1,31,2594.38,0.1,1997-06-18,A
3401,500,2,4,8341.19,0.04,1996-10-13,N
3401,47,3,44,4906.85,0.08,1992-12-26,A
3402,195,1,41,8829.65,0.01,1998-09-01,R
3402,206,2,31,2918.31,0.01,1998-11-03,A
3403,501,1,23,2343.74,0.03,1992-02-07,R
3403,162,2,6,2575.96,0.04,1994-05-20,R
3404,341,1,20,1511.81,0.04,1997-12-04,A
3405,175,1,33,4083.27,0.06,1997-08-13,N
3405,440,2,17,2417.88,0.04,1993-01-01,A
3406,752,1,33,8385.4,0.03,1997-03-28,A
3407,443,1,3,3939.8,0.08,1997-10-04,A
3408,126,1,29,9079.08,0.02,1996-01-14,N
3409,25,1,47,7080.88,0.0,1994-10-11,A
3409,506,2,26,8330.05,0.06,1992-06-23,N
3409,234,3,23,9135.8,0.06,1994-01-17,A
3410,152,1,49,1080.6,0.05,1993-05-11,N
3411,634,1,43,8032.29,0.03,1995-01-25,A
3411,364,2,36,8850.68,0.07,1993-03-14,R
3412,20,1,49,4791.57,0.03,1995-02-22,R
3412,109,2,23,4673.16,0.05,1997-09-20,R
3413,142,1,50,6279.75,0.01,1997-11-03,N
3413,169,2,49,2112.69,0.07,1997-12-07,N
3414,640,1,32,8914.68,0.01,1992-10-14,N
3414,218,2,32,5387.31,0.08,1996-05-04,A
3415,726,1,4,7011.53,0.06,1993-01-14,N
3416,143,1,47,8048.56,0.1,1998-01-11,N
3416,720,2,46,6589.06,0.03,1994-12-19,R
3417,768,1,1,4312.84,0.07,1993-12-16,N
3417,279,2,14,6092.08,0.09,1998-05-09,A
3417,75,3,26,5458.34,0.09,1994-12-10,N
3418,633,1,8,457.48,0.06,1993-12-28,R
3419,139,1,16,4448.64,0.09,1996-09-16,R
3419,370,2,23,9672.9,0.03,1994-07-02,N
3420,400,1,20,7280.27,0.08,1997-12-03,R
3421,510,1,47,7261.05,0.05,1998-01-04,R
3421,685,2,10,8606.38,0.06,1995-11-10,N
3421,253,3,40,8139.29,0.07,1993-02-05,A
3422,381,1,42,3218.07,0.08,1992-12-24,A
3422,702,2,31,9620.69,0.04,1998-01-19,N
3422,588,3,15,3588.39,0.08,1993-11-10,R
3423,389,1,36,2493.59,0.07,1996-10-15,R
3423,396,2,36,4294.68,0.1,1995-01-11,N
3424,346,1,29,9156.24,0.1,1998-01-05,R
3424,25,2,49,2766.44,0.07,1995-12-28,A
3425,455,1,2,7707.97,0.04,1997-06-17,R
3425,641,2,38,7966.01,0.05,1996-05-04,N
3425,503,3,36,7215.44,0.04,1997-03-10,A
3426,706,1,5,9472.72,0.06,1997-05-28,A
3427,570,1,11,6930.56,0.05,1997-10-02,N
3427,617,2,41,8870.94,0.07,1996-03-13,R
3428,767,1,1,6517.62,0.05,1995-11-19,R
3428,535,2,38,7145.85,0.06,1993-08-03,N
3428,560,3,44,161.04,0.02,1992-07-21,R
3429,211,1,42,5364.84,0.08,1993-03-27,A
3430,445,1,4,4391.45,0.02,1993-06-25,A
3430,745,2,23,4815.05,0.08,1996-11-21,A
3431,503,1,3,8489.92,0.06,1992-11-28,N
3431,69,2,47,5212.77,0.05,1995-07-21,N
3432,411,1,46,9761.03,0.05,1997-06-16,R
3432,590,2,49,2245.37,0.06,1997-06-07,A
3433,113,1,12,9018.16,0.08,1994-02-07,N
3434,631,1,33,3064.09,0.09,1994-11-03,N
3435,280,1,19,8370.79,0.05,1992-02-20,N
3435,389,2,5,6541.85,0.1,1992-09-16,N
3436,621,1,2,356.27,0.0,1996-12-16,N
3436,426,2,48,1900.12,0.08,1997-10-10,A
3437,630,1,45,1185.08,0.1,1993-02-08,R
3438,27,1,7,7577.04,0.07,1997-04-11,R
3438,58,2,33,6067.3,0.1,1995-07-09,A
3439,495,1,35,8235.98,0.1,1996-09-08,A
3439,354,2,29,2651.7,0.06,1993-12-23,N
3439,677,3,24,1303.75,0.04,1998-08-06,A
3440,760,1,32,6249.78,0.09,1994-08-02,R
3441,617,1,3,9132.31,0.06,1995-08-01,A
3441,780,2,47,8825.82,0.06,1996-08-04,A
3441,659,3,32,3010.39,0.01,1994-07-23,N
3441,755,4,14,6230.58,0.03,1995-11-14,R
3441,764,5,38,5447.93,0.03,1997-12-27,A
3442,89,1,16,5104.21,0.07,1995-11-11,R
3442,577,2,46,495.52,0.08,1992-07-08,A
3442,239,3,10,7261.62,0.07,1995-11-14,A
3442,464,4,29,530.8,0.03,1992-10-27,R
3442,573,5,23,5533.1,0.09,1996-12-26,N
3443,21,1,4,1414.51,0.09,1996-01-26,R
3443,383,2,38,9612.2,0.05,1993-03-26,A
3443,703,3,41,8110.63,0.04,1995-09-23,A
3444,166,1,29,5488.9,0.04,1995-08-12,R
3445,636,1,34,9490.74,0.07,1993-06-12,R
3445,274,2,3,3109.89,0.0,1994-10-27,N
3445,67,3,16,2938.49,0.08,1998-04-03,A
3445,655,4,45,6355.52,0.07,1997-07-28,R
3446,139,1,23,2835.21,0.05,1997-02-08,R
3447,634,1,33,9314.41,0.02,1996-09-04,R
3447,597,2,29,770.0,0.09,1994-06-15,N
3447,390,3,16,5022.07,0.06,1997-06-11,N
3448,357,1,46,2343.25,0.1,1992-10-16,A
3449,691,1,27,8251.9,0.09,1998-05-25,R
3449,119,2,28,7285.83,0.08,1995-06-18,A
3450,54,1,31,3651.45,0.09,1997-12-11,R
3450,722,2,27,8277.48,0.03,1993-02-23,A
3450,740,3,25,8212.68,0.02,1993-06-09,R
3451,499,1,4,9758.02,0.1,1998-12-19,N
3451,222,2,49,9247.62,0.09,1994-08-02,R
3452,111,1,20,9242.98,0.09,1993-08-05,A
3452,510,2,40,7250.16,0.0,1998-11-26,A
3453,540,1,7,7069.89,0.03,1994-01-04,R
3454,49,1,20,5419.13,0.07,1993-01-17,A
3454,480,2,23,1209.98,0.06,1995-07-07,A
3454,412,3,46,5341.69,0.1,1994-05-04,N
3454,107,4,25,6818.56,0.06,1995-05-18,N
3455,365,1,23,3039.4,0.09,1997-08-05,R
3455,475,2,46,4347.79,0.08,1993-12-24,N
3455,499,3,45,2982.02,0.05,1994-11-15,A
3455,389,4,29,9381.58,0.0,1993-07-05,R
3456,29,1,43,5639.49,0.07,1996-02-20,N
3456,583,2,39,1574.26,0.09,1997-01-05,R
3457,176,1,6,7622.0,0.01,1993-09-12,A
3458,63,1,3,4431.35,0.01,1992-01-04,R
3458,556,2,16,1351.79,0.08,1992-05-28,A
3459,511,1,38,2784.76,0.04,1994-12-24,N
3460,432,1,38,904.43,0.07,1998-06-15,N
3460,726,2,7,7015.59,0.07,1993-01-11,R
3461,656,1,47,3183.62,0.09,1992-03-24,R
3462,385,1,49,2771.54,0.03,1993-10-07,R
3462,256,2,47,4118.52,0.04,1996-08-23,N
3462,547,3,35,8382.0,0.0,1998-05-27,R
3463,487,1,9,5537.89,0.0,1994-02-22,R
3463,224,2,37,5591.89,0.08,1993-12-25,A
3463,666,3,36,6944.98,0.07,1994-10-18,A
3464,282,1,31,9333.75,0.09,1993-04-25,R
3465,624,1,22,8295.74,0.06,1992-08-12,A
3465,485,2,17,3825.92,0.1,1992-02-04,N
3466,177,1,45,5993.77,0.04,1995-11-08,A
3466,159,2,34,1841.42,0.05,1992-12-09,N
3467,493,1,7,1751.39,0.02,1997-03-24,R
3467,740,2,14,8026.16,0.06,1992-01-25,A
3468,213,1,28,8143.68,0.0,1992-10-15,R
3468,347,2,38,4321.05,0.01,1998-05-25,A
3469,385,1,29,5141.89,0.09,1993-09-19,R
3470,12,1,31,8610.39,0.0,1996-04-18,A
3470,151,2,41,5258.96,0.0,1998-09-16,R
3470,275,3,7,3624.05,0.08,1997-08-18,R
3470,120,4,41,4333.46,0.05,1994-09-19,N
3470,551,5,17,8240.49,0.03,1995-09-02,R
3471,10,1,23,6096.68,0.04,1996-04-24,A
3472,574,1,16,2242.04,0.09,1998-09-21,N
3472,255,2,40,2834.92,0.1,1996-05-22,A
3472,398,3,49,2787.34,0.1,1992-10-22,A
3472,372,4,32,7899.59,0.07,1996-07-18,R
3473,471,1,43,5241.72,0.08,1998-02-22,N
3473,307,2,9,5879.5,0.04,1997-02-14,R
3473,149,3,10,166.59,0.06,1995-05-25,A
3473,749,4,30,7146.1,0.01,1994-12-03,A
3473,711,5,20,182.54,0.05,1994-01-21,R
3474,193,1,2,2415.53,0.02,1998-04-09,R
3474,90,2,44,449.04,0.02,1995-04-02,A
3475,223,1,45,2335.93,0.08,1998-10-23,N
3475,30,2,32,7536.67,0.08,1992-12-25,N
3476,136,1,47,7032.35,0.05,1992-06-11,A
3476,473,2,30,9249.4,0.02,1992-02-15,R
3476,392,3,18,8826.78,0.07,1994-01-19,A
3476,239,4,37,4691.54,0.08,1993-06-24,R
3477,104,1,24,5735.88,0.07,1992-01-20,R
3478,290,1,10,172.0,0.04,1992-05-24,A
3478,597,2,12,2376.02,0.04,1993-11-24,R
3479,24,1,15,2217.45,0.05,1994-01-25,R
3479,199,2,14,2094.13,0.07,1997-12-22,N
3480,666,1,4,5163.78,0.04,1995-12-12,A
3480,601,2,18,4323.44,0.09,1998-02-22,R
3481,28,1,13,8777.9,0.0,1994-06-01,R
3482,744,1,25,1946.92,0.01,1998-11-06,A
3483,519,1,7,1916.55,0.05,1997-03-05,R
3484,88,1,47,2697.21,0.03,1994-09-14,A
3484,326,2,4,1506.31,0.05,1998-01-14,N
3484,256,3,13,5962.15,0.07,1998-03-14,A
3485,564,1,4,9733.35,0.01,1993-07-18,R
3486,340,1,12,7255.17,0.07,1995-03-13,N
3487,360,1,8,2103.39,0.08,1992-03-13,A
3487,63,2,42,2640.15,0.09,1994-04-26,N
3488,549,1,2,5286.45,0.02,1996-09-11,N
3488,499,2,31,2900.12,0.07,1993-09-28,N
3489,466,1,34,5666.98,0.08,1996-02-24,R
3489,732,2,30,6995.06,0.03,1995-07-17,A
3490,556,1,13,8335.65,0.0,1994-03-19,A
3490,331,2,2,6670.71,0.09,1996-12-21,A
3491,85,1,10,7868.95,0.04,1994-10-28,A
3491,687,2,32,7732.99,0.05,1998-04-19,A
3492,188,1,13,9303.22,0.09,1996-10-21,A
3493,573,1,34,7171.04,0.0,1998-12-03,A
3493,108,2,29,2025.96,0.07,1993-12-28,N
3494,567,1,5,7800.26,0.01,1992-05-15,R
3494,98,2,30,5818.65,0.0,1995-02-18,R
3495,434,1,19,8591.9,0.05,1995-09-08,A
3495,498,2,15,6276.52,0.07,1994-01-26,R
3496,258,1,39,4303.41,0.09,1992-08-12,A
3496,20,2,24,8882.08,0.07,1994-10-18,R
3496,16,3,35,9925.16,0.0,1996-09-21,N
3497,96,1,31,779.67,0.06,1995-07-18,A
3497,383,2,12,1482.92,0.07,1993-11-06,R
3498,447,1,47,4113.1,0.09,1996-04-10,N
3498,140,2,22,1203.28,0.03,1992-02-12,N
3498,382,3,22,8965.9,0.05,1993-06-17,N
3499,420,1,6,1812.32,0.01,1998-03-18,R
3500,376,1,12,133.86,0.01,1992-08-28,N
3500,450,2,18,3218.88,0.05,1995-06-01,A
3500,19,3,18,8445.03,0.06,1996-12-08,A
3501,677,1,12,2422.29,0.09,1992-10-26,A
3501,627,2,2,3420.83,0.04,1993-05-20,R
3501,738,3,47,1855.29,0.06,1992-09-21,A
3501,304,4,12,7355.2,0.0,1993-11-18,A
3502,180,1,22,7643.76,0.04,1993-08-11,A
3503,690,1,2,8949.0,0.01,1993-06-03,R
3503,777,2,26,6722.86,0.03,1998-08-04,A
3504,71,1,35,1126.14,0.01,1997-03-09,R
3504,436,2,34,9339.5,0.0,1997-07-25,N
3505,688,1,1,8550.52,0.07,1995-04-28,N
3506,483,1,48,2531.52,0.1,1997-08-19,A
3506,166,2,36,9965.84,0.05,1995-11-05,A
3506,434,3,30,6266.7,0.06,1994-03-25,A
3507,647,1,40,9884.67,0.06,1996-05-11,N
3508,392,1,27,2402.61,0.0,1997-10-19,R
3509,690,1,10,5613.19,0.09,1995-03-26,A
3509,340,2,11,4028.83,0.06,1994-07-04,A
3510,447,1,26,4673.71,0.1,1995-10-05,A
3510,280,2,1,7533.82,0.1,1993-03-11,N
3510,387,3,43,8898.82,0.07,1998-01-19,N
3511,81,1,40,9781.0,0.1,1994-09-13,A
3511,543,2,34,2156.06,0.05,1994-12-18,A
3512,597,1,33,2281.91,0.05,1995-02-23,R
3512,605,2,48,2440.36,0.07,1995-07-07,A
3513,292,1,44,9787.96,0.0,1992-10-16,A
3513,45,2,50,2277.66,0.07,1997-08-25,N
3514,200,1,8,250.67,0.07,1993-08-24,A
3515,21,1,8,8157.09,0.06,1996-07-13,N
3515,349,2,10,2826.01,0.03,1997-10-04,A
3516,143,1,29,6391.3,0.1,1995-02-23,R
3516,593,2,26,5632.55,0.01,1995-02-15,N
3517,148,1,2,7103.24,0.08,1995-01-16,N
3518,657,1,27,3368.63,0.09,1994-10-15,A
3518,621,2,37,468.22,0.08,1997-11-01,A
3519,244,1,46,2146.87,0.04,1998-02-26,N
3519,715,2,25,3248.34,0.06,1995-01-08,R
3520,74,1,38,3839.92,0.07,1998-12-06,A
3520,509,2,13,2460.99,0.07,1996-01-07,N
3521,635,1,22,5226.28,0.01,1997-06-13,A
3521,488,2,25,948.37,0.01,1992-07-16,N
3522,127,1,39,2044.73,0.03,1994-09-23,A
3522,461,2,35,3915.72,0.06,1998-09-12,A
3522,512,3,12,6826.63,0.08,1996-05-19,N
3523,151,1,37,1547.39,0.03,1994-04-23,N
3523,130,2,4,444.85,0.02,1992-04-26,N
3524,638,1,26,6071.8,0.06,1994-03-13,A
3525,759,1,23,4525.71,0.1,1993-06-06,N
3525,347,2,26,2848.19,0.05,1998-08-25,N
3525,776,3,33,7867.89,0.07,1994-05-12,R
3526,54,1,45,4265.05,0.05,1997-06-15,R
3527,656,1,40,931.81,0.09,1994-08-09,N
3527,298,2,25,6889.94,0.05,1996-01-19,R
3528,480,1,12,6754.93,0.09,1998-12-01,A
3528,157,2,20,6702.59,0.08,1996-01-04,N
3529,433,1,47,3191.64,0.0,1995-01-15,N
3530,2,1,4,1165.49,0.08,1995-02-01,R
3530,84,2,3,2438.47,0.07,1996-01-19,A
3530,656,3,37,1698.13,0.03,1993-04-21,A
3531,775,1,6,5798.69,0.08,1997-08-12,A
3531,19,2,18,6363.71,0.04,1992-11-28,N
3532,71,1,20,9914.93,0.08,1993-08-14,N
3533,216,1,40,500.2,0.06,1997-05-06,N
3533,87,2,40,3140.84,0.1,1996-03-11,R
3533,523,3,37,9566.09,0.04,1998-09-23,N
3534,521,1,24,2192.9,0.0,1997-02-19,R
3534,347,2,42,709.36,0.08,1998-06-04,A
3535,639,1,5,9799.13,0.01,1995-01-18,R
3536,51,1,3,1457.56,0.1,1998-04-01,N
3536,304,2,36,3735.18,0.03,1993-07-27,A
3537,470,1,28,7348.99,0.02,1996-06-02,A
3537,255,2,25,812.07,0.01,1998-08-17,R
3537,38,3,11,5009.78,0.0,1994-03-22,N
3538,384,1,27,8479.17,0.07,1995-10-02,R
3539,249,1,2,6881.38,0.07,1995-05-01,R
3540,23,1,28,3507.25,0.08,1996-12-28,N
3540,372,2,45,8873.09,0.05,1994-08-25,N
3541,262,1,23,5760.4,0.0,1994-07-11,R
3541,494,2,12,4391.13,0.03,1998-02-09,A
3541,258,3,19,4335.58,0.08,1998-09-02,N
3542,658,1,47,4021.63,0.1,1993-11-24,N
3542,692,2,19,8182.3,0.1,1993-11-21,N
3543,414,1,7,4970.73,0.08,1993-04-01,A
3543,636,2,34,3273.98,0.07,1993-03-28,N
3544,387,1,47,3140.98,0.08,1998-08-11,A
3545,681,1,23,101.63,0.0,1992-08-04,N
3546,282,1,19,8115.51,0.08,1995-02-14,R
3546,373,2,32,6332.9,0.02,1998-04-04,A
3547,643,1,34,2318.11,0.07,1997-03-04,R
3548,757,1,37,2952.09,0.0,1996-08-06,N
3548,557,2,21,3069.49,0.04,1995-03-10,A
3549,312,1,36,3387.85,0.06,1992-09-08,N
3550,10,1,30,5558.25,0.03,1995-06-27,A
3550,641,2,35,6275.35,0.02,1993-11-28,R
3550,433,3,7,6775.51,0.07,1998-11-04,R
3550,650,4,11,6781.87,0.1,1998-08-01,N
3550,463,5,43,2574.79,0.03,1996-04-18,A
3551,233,1,46,3356.8,0.09,1992-12-19,A
3552,537,1,43,7176.43,0.04,1994-04-24,R
3552,194,2,9,2897.99,0.06,1994-09-19,R
3552,58,3,5,616.92,0.02,1992-10-26,A
3553,467,1,28,5084.56,0.03,1996-01-02,R
3554,394,1,32,3427.58,0.06,1992-11-14,N
3555,362,1,31,1639.43,0.05,1994-06-01,A
3556,678,1,10,7811.27,0.05,1995-11-14,A
3556,3,2,3,2844.73,0.04,1997-01-13,R
3557,113,1,45,4073.34,0.05,1997-05-01,N
3557,598,2,36,9414.77,0.1,1996-01-09,N
3557,313,3,21,8151.21,0.03,1995-10-13,N
3558,569,1,46,9582.0,0.0,1997-08-27,A
3558,403,2,10,7023.12,0.04,1994-09-13,R
3559,692,1,2,5997.79,0.02,1995-08-28,A
3559,461,2,26,7166.95,0.08,1996-10-18,A
3560,28,1,10,9862.12,0.0,1997-10-08,A
3560,390,2,38,9702.43,0.09,1995-05-23,N
3561,545,1,49,9311.69,0.06,1995-09-15,A
3562,565,1,29,8462.35,0.07,1998-12-13,R
3562,442,2,41,8956.33,0.04,1997-05-24,N
3562,303,3,30,6005.52,0.09,1993-08-17,R
3563,488,1,23,9638.96,0.04,1993-11-28,R
3564,77,1,1,4317.08,0.09,1998-04-11,N
3564,719,2,28,5131.95,0.02,1992-10-28,R
3565,542,1,19,7086.9,0.0,1996-09-11,R
3566,53,1,39,6114.99,0.03,1992-11-25,A
3566,373,2,10,5593.46,0.02,1997-08-15,A
3567,512,1,9,210.21,0.03,1997-04-16,N
3568,673,1,21,8319.33,0.06,1994-03-09,R
3568,591,2,36,3238.45,0.01,1995-12-19,A
3568,287,3,37,5861.82,0.04,1992-12-27,R
3569,779,1,47,4793.76,0.03,1994-08-18,R
3569,264,2,8,1748.25,0.1,1998-08-06,N
3570,698,1,10,3273.82,0.07,1994-10-10,R
3570,726,2,27,2825.03,0.01,1992-02-01,R
3570,739,3,9,7181.55,0.09,1992-08-15,N
3571,619,1,50,6071.29,0.07,1996-11-26,R
3571,298,2,25,5503.78,0.04,1998-01-04,R
3572,444,1,43,2195.1,0.04,1994-11-04,A
3573,196,1,5,8371.61,0.0,1997-02-11,R
3573,516,2,48,5164.42,0.01,1993-01-19,R
3574,543,1,5,9636.19,0.09,1997-09-14,A
3574,711,2,8,2466.25,0.1,1998-07-05,N
3575,749,1,7,9697.06,0.0,1998-02-13,A
3576,502,1,20,3985.02,0.09,1993-07-27,R
3576,50,2,34,633.82,0.0,1994-08-06,A
3576,40,3,10,5032.14,0.04,1998-11-26,R
3577,376,1,8,6426.4,0.05,1994-08-03,R
3578,103,1,27,4530.75,0.05,1998-03-27,A
3578,122,2,23,910.31,0.01,1998-06-14,R
3579,528,1,34,1937.05,0.03,1993-04-25,A
3579,529,2,31,8531.04,0.05,1993-01-21,N
3580,726,1,30,3854.33,0.02,1992-09-04,R
3581,302,1,12,3001.91,0.0,1995-03-08,R
3581,74,2,3,2322.03,0.01,1998-05-11,A
3582,145,1,9,734.74,0.02,1994-02-22,A
3582,463,2,16,8551.85,0.07,1994-10-19,N
3582,635,3,17,8146.45,0.09,1997-11-05,R
3583,495,1,26,4317.01,0.03,1992-06-23,R
3583,676,2,36,280.66,0.01,1996-11-16,R
3584,415,1,48,8355.82,0.04,1994-05-13,A
3585,780,1,5,5985.27,0.05,1998-08-09,A
3585,141,2,20,4023.21,0.1,1995-07-02,N
3586,71,1,38,1273.22,0.04,1993-05-26,A
3586,326,2,35,4256.83,0.01,1992-01-24,A
3587,171,1,18,2044.44,0.03,1994-03-23,A
3587,214,2,49,1706.37,0.08,1995-10-14,R
3587,609,3,46,2941.62,0.06,1994-11-18,R
3588,499,1,11,6648.25,0.09,1997-07-05,N
3588,372,2,2,3969.51,0.06,1993-02-06,A
3588,550,3,11,2983.7,0.04,1995-11-05,A
3589,232,1,20,6705.49,0.02,1996-11-02,R
3589,591,2,17,6621.25,0.07,1993-08-22,R
3590,587,1,27,527.07,0.09,1997-08-27,N
3590,543,2,17,8776.18,0.01,1997-05-11,A
3590,619,3,15,7762.09,0.05,1994-07-28,R
3591,775,1,33,984.86,0.07,1994-10-24,R
3591,4,2,31,9525.61,0.07,1992-10-21,R
3591,773,3,3,4480.06,0.02,1998-06-25,R
3592,513,1,43,6184.96,0.07,1995-08-08,N
3593,460,1,22,3249.63,0.04,1994-08-11,N
3593,358,2,10,7505.22,0.1,1998-05-08,N
3594,202,1,30,532.41,0.03,1992-04-15,R
3594,439,2,5,8635.61,0.04,1998-02-01,A
3594,315,3,7,8928.34,0.03,1996-09-02,R
3594,628,4,6,6332.45,0.0,1994-08-22,N
3595,509,1,28,5523.6,0.0,1992-07-27,R
3595,299,2,34,5592.8,0.08,1998-03-21,N
3596,17,1,31,1846.98,0.05,1995-03-14,N
3596,583,2,50,5837.24,0.06,1996-05-28,N
3596,707,3,15,5862.73,0.03,1998-05-14,A
3597,438,1,8,283.9,0.04,1997-08-08,A
3597,300,2,34,3846.35,0.01,1996-06-06,N
3597,380,3,46,7961.83,0.06,1996-09-14,A
3598,66,1,15,9742.37,0.05,1998-05-28,N
3599,486,1,27,398.64,0.01,1997-04-17,R
3600,149,1,9,1821.31,0.08,1995-04-05,A
3600,24,2,14,7186.56,0.01,1998-11-27,R
3601,148,1,31,7797.93,0.05,1995-12-20,R
3601,590,2,34,7299.27,0.01,1994-02-19,A
3601,319,3,45,4207.71,0.03,1997-09-16,N
3602,733,1,32,8918.56,0.08,1997-05-26,N
3602,124,2,34,1305.28,0.07,1992-10-16,A
3603,185,1,40,7884.39,0.01,1995-11-27,N
3604,750,1,21,5674.59,0.04,1995-03-08,A
3604,58,2,18,9701.16,0.01,1998-06-21,R
3604,342,3,20,911.49,0.04,1998-05-25,N
3604,729,4,36,3001.68,0.02,1998-02-15,A
3605,568,1,50,949.75,0.1,1998-03-04,N
3606,755,1,39,9878.55,0.08,1997-12-22,A
3607,259,1,37,8982.91,0.06,1997-07-16,R
3607,361,2,2,8263.42,0.09,1992-08-16,N
3608,581,1,24,2636.07,0.05,1998-07-19,A
3608,408,2,9,8406.16,0.07,1996-12-10,R
3608,345,3,25,8116.37,0.08,1992-03-27,N
3608,200,4,24,9733.5,0.02,1996-06-14,R
3608,46,5,21,8983.36,0.09,1996-06-12,N
3609,561,1,2,2489.18,0.0,1993-08-10,N
3609,793,2,37,1372.56,0.08,1998-05-05,A
3609,82,3,12,5839.31,0.06,1994-05-26,N
3610,24,1,28,7296.48,0.1,1997-01-06,N
3610,731,2,31,1229.51,0.09,1993-12-14,R
3610,100,3,5,4117.36,0.05,1996-03-16,N
3611,795,1,50,395.7,0.01,1994-05-12,R
3612,4,1,9,639.52,0.1,1998-09-08,R
3613,77,1,7,3795.76,0.08,1997-08-04,N
3614,115,1,37,1942.11,0.02,1992-05-21,R
3614,8,2,44,5178.99,0.08,1998-03-13,N
3615,14,1,42,8408.12,0.05,1992-12-26,R
3615,94,2,50,1461.41,0.08,1996-03-15,A
3616,723,1,40,5917.52,0.0,1995-10-20,R
3617,22,1,25,7201.32,0.07,1998-02-02,A
3617,269,2,50,9628.06,0.0,1995-09-09,N
3618,516,1,42,181.64,0.02,1993-03-09,A
3618,611,2,4,1439.16,0.09,1995-04-06,N
3619,427,1,11,8539.35,0.07,1998-10-06,N
3620,75,1,34,4425.5,0.06,1994-07-21,A
3620,128,2,33,5799.34,0.08,1996-04-01,R
3620,204,3,39,6944.69,0.07,1995-06-19,R
3621,738,1,25,6276.13,0.02,1992-11-03,R
3622,644,1,17,8358.62,0.08,1994-08-14,N
3622,323,2,6,560.8,0.04,1994-05-12,N
3623,473,1,10,7105.13,0.02,1994-12-03,A
3623,312,2,49,5815.42,0.09,1998-02-02,A
3623,429,3,3,3472.48,0.06,1993-11-27,A
3624,679,1,33,8413.75,0.0,1995-03-27,A
3624,539,2,43,2201.09,0.0,1994-05-24,R
3625,23,1,41,7122.16,0.04,1992-03-16,R
3626,558,1,28,592.84,0.05,1996-03-16,N
3626,246,2,35,6671.02,0.1,1993-02-28,A
3627,635,1,7,4133.88,0.01,1994-06-20,N
3627,319,2,12,4800.6,0.09,1996-06-28,R
3627,689,3,1,4379.16,0.06,1995-04-08,A
3627,644,4,38,2472.3,0.08,1998-07-15,A
3627,33,5,12,1435.18,0.07,1996-06-09,R
3628,59,1,5,7894.32,0.07,1997-02-08,R
3629,170,1,11,2087.04,0.07,1996-08-09,N
3629,322,2,8,2340.65,0.03,1993-01-08,N
3630,558,1,18,2583.26,0.1,1996-11-18,A
3630,325,2,20,2351.84,0.08,1993-03-22,A
3630,54,3,22,3169.17,0.03,1995-08-22,N
3631,236,1,21,2403.53,0.01,1993-07-02,N
3632,591,1,46,6701.69,0.06,1998-02-05,N
3632,286,2,19,6985.09,0.0,1995-12-05,A
3633,360,1,38,5361.63,0.03,1998-09-28,R
3634,144,1,47,1520.47,0.07,1992-07-16,R
3634,45,2,28,9124.63,0.08,1996-04-21,R
3634,680,3,32,1163.14,0.04,1992-01-26,N
3635,165,1,50,9592.11,0.05,1998-12-27,R
3636,703,1,32,8714.29,0.03,1995-10-06,N
3636,75,2,44,8010.97,0.0,1998-05-19,R
3637,455,1,39,4152.23,0.02,1993-06-05,R
3637,589,2,16,5549.52,0.04,1993-08-08,A
3638,309,1,38,3565.32,0.0,1995-01-23,N
3638,446,2,23,7062.42,0.06,1993-04-28,A
3638,772,3,40,277.61,0.05,1992-07-18,R
3638,132,4,32,2240.36,0.04,1997-03-13,N
3639,783,1,35,2453.52,0.07,1997-01-01,A
3639,722,2,50,1080.99,0.08,1996-09-21,A
3640,709,1,50,4378.06,0.04,1995-11-08,A
3640,541,2,49,3198.21,0.06,1994-08-10,N
3640,755,3,21,6975.53,0.0,1994-01-25,A
3641,348,1,15,8714.05,0.08,1993-05-03,N
3641,118,2,7,2704.82,0.06,1995-08-13,N
3642,33,1,4,7543.25,0.08,1997-06-14,N
3642,602,2,27,621.71,0.09,1994-05-18,A
3643,76,1,4,3503.05,0.05,1994-08-21,N
3644,523,1,20,1753.35,0.02,1994-12-26,A
3645,648,1,31,8973.64,0.09,1995-01-12,R
3645,7,2,10,1258.25,0.06,1995-10-10,R
3645,101,3,16,260.76,0.09,1994-06-19,R
3646,767,1,41,6540.43,0.1,1997-01-27,A
3646,578,2,24,9319.2,0.09,1996-04-06,N
3647,343,1,47,9888.18,0.06,1993-10-10,N
3647,80,2,2,4253.35,0.09,1997-12-24,R
3648,769,1,23,3265.96,0.08,1996-01-20,N
3648,267,2,18,7399.14,0.07,1997-08-18,A
3649,124,1,44,4824.2,0.0,1997-01-22,R
3649,534,2,42,5817.48,0.07,1996-01-10,R
3650,561,1,5,8068.12,0.06,1993-09-20,N
3650,661,2,45,229.47,0.0,1993-03-10,R
3651,629,1,7,9460.65,0.02,1997-08-08,N
3651,789,2,42,8134.76,0.0,1998-11-16,R
3651,179,3,19,4234.05,0.09,1998-03-23,N
3652,680,1,34,7378.77,0.02,1998-06-11,N
3652,511,2,43,1464.46,0.08,1994-12-11,R
3653,700,1,48,2229.81,0.1,1997-01-27,R
3654,78,1,12,6671.75,0.1,1992-06-04,N
3655,130,1,35,1126.87,0.01,1993-12-26,R
3656,432,1,36,7541.76,0.01,1994-04-15,N
3657,635,1,6,6210.15,0.07,1993-08-03,R
3657,285,2,32,7502.32,0.05,1993-11-09,R
3658,135,1,11,4589.66,0.03,1995-02-07,A
3658,647,2,30,5527.71,0.07,1994-08-26,N
3659,447,1,48,9097.57,0.07,1996-11-11,R
3659,418,2,36,2281.96,0.1,1994-10-24,R
3659,16,3,18,1609.54,0.06,1997-04-17,N
3659,570,4,25,9614.55,0.07,1993-07-08,N
3660,176,1,32,5295.51,0.06,1993-04-18,R
3661,628,1,25,7920.21,0.1,1996-09-10,N
3662,742,1,5,7281.62,0.02,1994-10-25,A
3663,286,1,17,1286.66,0.01,1993-12-23,N
3663,281,2,1,3362.78,0.03,1998-09-19,N
3663,384,3,8,8110.86,0.04,1995-10-25,R
3664,461,1,43,5666.18,0.07,1994-11-04,A
3665,785,1,12,7931.61,0.1,1992-03-13,R
3665,546,2,40,1385.57,0.02,1997-10-24,R
3666,35,1,44,6457.41,0.04,1998-01-12,A
3666,772,2,1,5064.05,0.02,1995-09-20,A
3666,376,3,5,8072.71,0.05,1992-09-01,A
3667,792,1,40,1173.17,0.08,1995-05-16,R
3667,388,2,4,3665.08,0.08,1995-11-01,N
3667,326,3,39,3306.81,0.06,1993-05-01,N
3668,94,1,36,7260.9,0.02,1998-09-25,R
3669,791,1,41,4441.73,0.04,1997-12-09,R
3669,185,2,34,9710.36,0.07,1994-07-09,A
3669,46,3,2,2035.67,0.04,1995-09-11,A
3670,448,1,8,7322.85,0.05,1995-02-24,N
3670,153,2,28,3621.95,0.01,1992-11-03,R
3671,739,1,48,9391.73,0.0,1992-05-04,A
3672,231,1,36,3839.0,0.06,1998-09-08,N
3673,546,1,31,5868.05,0.06,1992-02-18,A
3674,492,1,49,3509.17,0.03,1998-12-06,N
3675,332,1,13,3782.8,0.05,1998-04-26,N
3676,699,1,21,7980.3,0.03,1992-05-08,N
3676,109,2,2,2658.45,0.0,1996-01-11,N
3677,422,1,44,3804.91,0.05,1996-06-01,A
3678,438,1,39,3575.41,0.04,1996-01-04,N
3678,510,2,3,3450.66,0.07,1994-09-11,A
3679,651,1,49,8142.43,0.03,1998-10-13,A
3679,735,2,8,2220.58,0.1,1998-03-21,N
3679,274,3,46,255.31,0.07,1996-01-12,R
3680,264,1,15,1234.08,0.1,1992-07-21,N
3681,348,1,23,4309.4,0.0,1996-10-15,R
3681,446,2,18,4730.72,0.09,1995-05-18,R
3682,226,1,24,4426.93,0.09,1998-06-12,A
3682,500,2,20,9499.93,0.08,1996-03-09,A
3683,192,1,8,5504.04,0.01,1996-01-27,R
3683,637,2,33,6192.22,0.05,1997-02-16,A
3683,243,3,8,3607.13,0.04,1993-03-04,R
3684,131,1,34,8385.94,0.02,1998-02-20,N
3685,84,1,19,1887.01,0.09,1993-02-13,N
3685,60,2,38,7610.25,0.01,1995-06-01,N
3686,269,1,5,6698.23,0.08,1996-01-26,A
3686,455,2,15,5158.16,0.04,1997-11-17,N
3687,163,1,18,9318.54,0.07,1994-09-21,R
3687,589,2,21,4306.54,0.02,1995-03-04,N
3688,38,1,28,1342.66,0.07,1997-10-07,R
3689,455,1,19,1394.71,0.06,1998-02-22,R
3690,83,1,48,4763.9,0.08,1994-01-05,R
3690,680,2,15,7072.31,0.01,1997-08-22,A
3691,345,1,2,7264.12,0.08,1993-03-09,A
3691,737,2,9,4406.87,0.05,1997-08-23,N
3692,284,1,17,1625.23,0.09,1998-04-06,R
3692,328,2,5,8963.25,0.06,1996-11-28,N
3693,731,1,4,6497.32,0.03,1994-04-20,N
3693,169,2,32,1919.81,0.05,1996-11-10,N
3693,229,3,34,5605.12,0.05,1996-03-27,A
3694,403,1,28,4265.56,0.02,1995-02-14,A
3694,618,2,29,5128.85,0.0,1995-04-26,R
3695,770,1,23,8232.22,0.01,1998-09-01,N
3695,507,2,14,1784.26,0.08,1997-06-19,A
3696,775,1,36,3847.32,0.05,1993-02-09,R
3697,146,1,38,8797.91,0.0,1993-02-02,N
3698,364,1,38,996.37,0.07,1992-10-08,N
3698,363,2,39,9482.36,0.02,1995-08-14,A
3699,601,1,24,366.61,0.0,1992-10-23,N
3699,512,2,27,6351.38,0.05,1998-08-13,N
3700,762,1,42,2376.16,0.03,1997-09-13,N
3700,136,2,20,9433.38,0.04,1992-05-23,N
3701,575,1,18,313.94,0.05,1994-11-11,R
3701,460,2,32,8007.17,0.1,1996-06-06,R
3702,646,1,39,1180.87,0.08,1997-05-11,N
3702,758,2,36,6058.34,0.06,1993-12-22,R
3703,15,1,35,1762.58,0.09,1992-10-22,R
3704,770,1,12,2027.21,0.0,1998-09-03,R
3704,329,2,40,8720.03,0.05,1992-07-10,R
3704,426,3,26,7099.69,0.02,1996-05-14,A
3705,180,1,19,8865.82,0.01,1995-04-12,N
3706,682,1,6,6780.42,0.06,1998-03-05,N
3707,526,1,49,5100.14,0.02,1992-09-20,N
3708,215,1,27,1121.09,0.08,1998-11-06,N
3708,655,2,6,8974.64,0.04,1994-04-04,R
3709,80,1,32,7681.78,0.02,1994-11-14,N
3709,763,2,17,1830.69,0.03,1996-04-22,A
3710,242,1,35,4639.11,0.0,1996-07-28,N
3711,128,1,16,6374.86,0.07,1997-09-11,N
3712,762,1,10,9915.58,0.09,1992-06-27,A
3712,438,2,41,204.66,0.05,1998-07-05,A
3713,265,1,28,335.57,0.08,1996-10-28,R
3714,336,1,12,8126.99,0.02,1992-05-02,N
3715,672,1,28,3921.64,0.04,1996-06-03,R
3716,621,1,43,9196.15,0.02,1992-11-21,A
3716,524,2,22,8008.64,0.03,1995-11-14,N
3717,367,1,32,2683.0,0.01,1993-07-10,N
3717,272,2,25,5656.35,0.05,1996-02-18,R
3718,393,1,12,7580.26,0.04,1992-12-17,N
3718,574,2,14,4908.02,0.01,1993-03-22,N
3719,203,1,26,4134.69,0.0,1994-09-04,N
3719,544,2,21,5241.31,0.1,1992-02-26,N
3720,69,1,39,4693.8,0.05,1993-10-19,N
3720,393,2,5,611.18,0.0,1994-01-12,R
3720,545,3,29,7080.89,0.09,1997-06-25,R
3721,114,1,38,6259.11,0.0,1997-12-10,A
3721,350,2,33,188.25,0.1,1996-11-05,N
3722,673,1,48,5089.39,0.03,1992-01-18,N
3722,650,2,32,7418.1,0.05,1995-11-08,A
3722,677,3,24,8745.29,0.01,1998-10-06,N
3723,598,1,5,2717.58,0.05,1995-01-15,N
3724,568,1,50,4970.33,0.01,1992-11-07,R
3725,331,1,22,6386.76,0.06,1996-10-14,N
3725,80,2,18,2270.65,0.01,1993-08-13,N
3726,253,1,3,3749.3,0.01,1995-08-15,A
3726,402,2,19,8278.15,0.08,1995-01-17,A
3727,407,1,29,8179.01,0.02,1998-01-19,N
3727,614,2,26,7080.51,0.04,1993-06-01,A
3727,283,3,29,8985.47,0.09,1997-11-08,N
3728,272,1,21,3389.18,0.07,1997-07-22,N
3728,145,2,14,822.02,0.0,1992-04-26,R
3729,580,1,40,8857.65,0.05,1994-11-11,R
3729,585,2,4,1505.98,0.03,1994-06-01,R
3730,389,1,19,7942.1,0.09,1998-03-21,R
3730,768,2,31,2128.59,0.03,1995-09-26,A
3731,692,1,26,5003.27,0.07,1996-05-04,R
3732,721,1,22,4855.18,0.01,1996-10-13,N
3732,261,2,40,2148.55,0.02,1992-03-22,N
3733,562,1,34,4396.85,0.07,1992-04-04,R
3733,745,2,31,7613.12,0.01,1993-08-28,N
3734,353,1,2,2702.92,0.06,1996-12-05,R
3735,43,1,6,4751.93,0.04,1994-09-12,R
3735,437,2,33,8877.49,0.03,1993-02-07,R
3735,162,3,3,1717.49,0.0,1992-05-17,N
3735,512,4,34,5987.97,0.04,1992-08-13,A
3735,333,5,24,7498.51,0.1,1997-04-04,A
3736,622,1,29,9815.98,0.06,1993-01-15,A
3736,475,2,39,9826.87,0.01,1995-05-24,R
3736,421,3,34,5673.93,0.09,1993-12-04,N
3736,70,4,11,9909.9,0.03,1994-03-16,N
3737,209,1,43,3169.76,0.09,1998-05-07,R
3738,420,1,48,4243.76,0.06,1994-07-16,A
3738,11,2,22,5596.57,0.04,1993-06-18,N
3738,341,3,18,6913.93,0.0,1997-04-01,N
3738,484,4,44,7375.01,0.07,1997-11-06,N
3739,404,1,17,1445.12,0.09,1998-05-09,N
3739,542,2,3,2601.89,0.09,1994-01-20,R
3739,647,3,22,750.19,0.06,1993-03-21,R
3740,468,1,45,7732.46,0.03,1997-05-21,N
3741,275,1,5,9844.13,0.05,1992-11-21,A
3741,146,2,15,8155.73,0.05,1998-10-08,R
3742,501,1,17,2078.01,0.0,1995-05-22,A
3743,695,1,30,5528.72,0.05,1996-11-13,A
3744,489,1,46,961.46,0.01,1997-08-04,N
3745,95,1,8,3321.66,0.05,1993-06-17,A
3746,331,1,6,3514.86,0.0,1998-06-10,N
3746,410,2,39,5537.94,0.02,1997-08-17,R
3746,782,3,16,4169.73,0.06,1993-08-10,N
3747,256,1,16,866.61,0.02,1993-02-02,A
3747,209,2,11,8264.07,0.02,1994-12-09,A
3748,562,1,47,6142.05,0.03,1994-08-28,R
3749,745,1,41,557.47,0.07,1995-05-22,N
3750,272,1,33,7813.78,0.1,1994-02-02,R
3750,27,2,43,3251.88,0.07,1992-10-08,N
3750,142,3,4,6402.3,0.02,1992-11-25,A
3750,780,4,15,9975.75,0.02,1994-06-19,R
3750,204,5,25,8040.93,0.01,1997-05-06,N
3751,552,1,27,7605.8,0.1,1994-08-26,A
3752,200,1,39,6038.18,0.08,1994-04-13,A
3753,101,1,23,1063.47,0.0,1993-02-16,N
3753,783,2,44,4788.28,0.01,1996-02-18,N
3754,62,1,33,2999.15,0.04,1997-01-25,N
3754,613,2,5,9043.37,0.04,1994-12-16,N
3754,26,3,45,5592.36,0.01,1994-07-24,R
3755,550,1,21,7264.61,0.1,1997-01-12,R
3755,555,2,12,6794.07,0.07,1994-12-27,R
3756,7,1,4,8675.77,0.06,1998-10-11,A
3756,61,2,45,5324.08,0.02,1998-06-14,R
3757,497,1,43,8252.82,0.01,1993-11-25,A
3758,628,1,5,2449.84,0.1,1997-06-12,N
3758,52,2,34,9719.56,0.06,1993-04-14,N
3759,694,1,33,3140.89,0.09,1993-06-17,N
3760,798,1,37,1917.51,0.0,1992-05-16,A
3760,12,2,25,5056.39,0.07,1997-09-28,A
3761,305,1,33,6781.23,0.07,1993-01-07,N
3762,622,1,21,8381.4,0.1,1994-03-04,N
3762,358,2,33,771.54,0.08,1997-01-16,N
3763,236,1,9,4043.31,0.09,1993-11-13,R
3764,766,1,19,404.92,0.04,1996-12-05,A
3764,130,2,50,6392.28,0.1,1993-08-07,A
3765,30,1,21,3547.98,0.09,1998-04-10,N
3766,17,1,20,9682.76,0.09,1994-09-25,N
3766,444,2,11,4086.23,0.05,1994-11-06,N
3767,62,1,19,792.67,0.04,1995-03-15,R
3767,754,2,41,5505.41,0.0,1996-10-15,R
3767,460,3,3,7142.72,0.07,1997-02-22,A
3768,231,1,30,5889.86,0.09,1993-05-22,N
3768,298,2,43,8737.91,0.04,1996-11-04,R
3768,96,3,4,3405.38,0.09,1998-07-13,R
3769,377,1,45,1211.05,0.09,1998-02-17,R
3770,268,1,30,273.25,0.03,1998-04-09,A
3771,101,1,50,860.27,0.03,1993-01-26,R
3771,287,2,12,1706.92,0.05,1996-05-06,N
3772,54,1,42,5583.19,0.03,1993-02-04,N
3773,449,1,47,1948.43,0.01,1992-04-23,R
3773,358,2,1,2852.58,0.04,1996-08-28,R
3773,42,3,30,8166.95,0.07,1998-11-06,A
3774,5,1,28,4664.51,0.09,1997-06-14,A
3775,516,1,10,3292.36,0.05,1996-11-11,A
3775,93,2,47,265.52,0.02,1997-07-16,R
3776,112,1,40,9504.45,0.09,1996-10-26,A
3776,40,2,27,5463.45,0.0,1997-06-13,N
3777,535,1,25,6238.43,0.1,1992-12-15,R
3777,660,2,24,7027.8,0.06,1998-12-18,R
3777,360,3,40,4858.39,0.01,1994-02-09,R
3778,682,1,36,5017.15,0.02,1996-06-01,R
3778,787,2,10,8632.05,0.06,1998-02-19,A
3779,273,1,36,3531.44,0.04,1996-02-16,R
3780,611,1,3,9938.24,0.08,1993-05-08,A
3781,395,1,19,8714.38,0.0,1992-04-21,N
3781,617,2,20,5699.52,0.04,1998-10-15,A
3782,578,1,23,4725.25,0.1,1996-09-02,R
3782,4,2,43,1308.89,0.08,1993-04-06,R
3782,691,3,37,6159.82,0.1,1992-10-17,R
3782,380,4,10,2003.0,0.09,1998-03-07,A
3782,239,5,34,652.79,0.07,1992-04-24,N
3783,280,1,35,5026.78,0.08,1998-01-14,N
3783,348,2,43,2448.64,0.04,1993-10-21,N
3784,715,1,28,7708.07,0.05,1992-09-16,R
3784,492,2,29,3336.28,0.05,1997-07-20,N
3785,510,1,28,3343.78,0.09,1993-04-14,R
3785,629,2,17,227.79,0.02,1992-10-02,R
3785,466,3,45,9647.78,0.01,1993-08-11,R
3786,417,1,35,5884.77,0.07,1993-02-02,A
3787,85,1,37,5808.16,0.05,1996-09-25,R
3787,363,2,34,2709.37,0.05,1992-05-02,R
3787,667,3,7,9054.84,0.06,1993-05-09,A
3788,633,1,36,4271.46,0.02,1994-10-02,R
3789,762,1,13,1702.48,0.08,1993-08-02,N
3789,490,2,17,472.08,0.02,1995-01-21,N
3789,354,3,5,7054.81,0.07,1998-02-04,R
3790,712,1,19,5039.59,0.07,1996-02-23,A
3790,492,2,1,718.82,0.1,1994-08-16,N
3790,220,3,45,8783.87,0.1,1994-10-28,N
3791,749,1,12,9965.34,0.07,1996-04-11,R
3791,227,2,47,9130.39,0.02,1995-09-07,R
3792,533,1,32,7682.2,0.0,1992-09-07,A
3793,333,1,13,3815.86,0.0,1996-11-14,A
3793,289,2,42,2705.5,0.1,1996-09-03,R
3793,733,3,12,9687.82,0.06,1992-06-23,R
3793,192,4,34,4626.79,0.03,1998-09-08,R
3793,629,5,44,4223.29,0.08,1995-12-17,A
3794,152,1,40,1541.03,0.07,1996-03-28,N
3794,554,2,36,8731.9,0.01,1992-11-08,R
3795,523,1,11,1080.17,0.07,1993-09-25,N
3796,36,1,30,6552.58,0.1,1995-06-17,R
3797,261,1,11,8821.34,0.05,1994-01-27,R
3797,177,2,32,8313.8,0.05,1998-03-26,R
3798,294,1,17,3805.81,0.01,1996-05-07,R
3798,430,2,50,1768.82,0.09,1996-01-27,R
3799,82,1,37,6201.27,0.07,1992-08-17,A
3799,296,2,14,6787.87,0.06,1993-11-08,N
3799,627,3,43,1520.61,0.05,1993-05-25,R
3800,151,1,43,1064.03,0.07,1995-08-23,N
3800,714,2,5,5710.24,0.03,1992-04-18,N
3801,564,1,41,219.38,0.08,1995-08-02,R
3802,791,1,41,2981.55,0.06,1998-07-15,N
3802,51,2,13,9978.53,0.04,1997-10-27,N
3802,107,3,29,8213.3,0.08,1997-03-02,R
3802,405,4,43,6249.63,0.08,1995-08-12,N
3803,714,1,27,5545.65,0.03,1996-02-20,A
3803,664,2,6,374.34,0.0,1998-11-07,N
3804,345,1,39,8709.38,0.1,1993-03-02,A
3804,542,2,18,5251.94,0.07,1993-05-14,R
3805,83,1,41,9818.21,0.09,1995-02-09,R
3805,618,2,6,7832.25,0.07,1997-12-26,A
3806,536,1,33,2618.73,0.09,1992-04-06,R
3806,662,2,44,346.09,0.09,1994-10-17,R
3806,118,3,48,7418.81,0.06,1992-07-13,A
3807,198,1,1,2405.23,0.02,1996-03-17,A
3807,30,2,8,1850.86,0.01,1994-08-20,N
3808,303,1,15,308.75,0.0,1993-02-01,A
3808,617,2,45,871.99,0.05,1992-03-16,R
3809,704,1,29,1071.51,0.09,1998-04-23,R
3810,171,1,11,219.52,0.04,1995-05-25,R
3811,93,1,11,3537.26,0.02,1995-09-21,N
3812,750,1,38,9301.97,0.08,1998-12-04,N
3812,191,2,19,8336.8,0.06,1993-02-25,N
3813,388,1,44,8076.5,0.04,1995-07-07,N
3813,657,2,22,9269.0,0.07,1996-07-25,R
3814,376,1,11,880.68,0.0,1998-04-01,A
3815,377,1,7,413.2,0.03,1992-02-26,A
3815,216,2,29,7233.49,0.07,1994-12-17,A
3816,152,1,4,6687.82,0.01,1997-06-22,A
3817,364,1,3,1817.59,0.1,1995-12-09,A
3817,751,2,46,9540.25,0.03,1993-04-28,N
3818,146,1,23,1839.48,0.07,1997-06-16,A
3818,700,2,42,9269.82,0.0,1996-05-21,R
3818,451,3,21,8114.3,0.1,1993-11-08,A
3819,708,1,11,8746.09,0.05,1995-02-11,R
3820,57,1,34,2997.63,0.05,1994-01-22,A
3821,22,1,24,5605.48,0.1,1996-06-11,R
3822,112,1,39,9283.77,0.08,1992-04-13,R
3823,254,1,34,7734.76,0.01,1995-08-28,R
3823,696,2,29,1242.2,0.02,1997-02-10,R
3823,556,3,41,8955.88,0.04,1992-05-13,N
3824,571,1,8,3195.22,0.09,1992-08-10,N
3825,137,1,13,2054.75,0.02,1998-07-25,N
3826,316,1,22,8752.7,0.02,1995-04-27,N
3826,772,2,32,4629.01,0.03,1996-03-27,N
3827,518,1,35,8255.09,0.02,1996-10-09,R
3828,772,1,49,8598.66,0.02,1996-09-09,R
3828,434,2,24,6805.01,0.04,1992-01-12,R
3828,693,3,49,1690.87,0.02,1994-11-12,R
3828,536,4,44,9103.52,0.03,1992-11-11,A
3829,34,1,34,7802.61,0.02,1997-06-02,N
3829,459,2,34,6953.15,0.09,1994-04-12,A
3830,750,1,31,3388.68,0.05,1992-12-11,N
3830,724,2,48,5953.66,0.08,1998-09-21,R
3831,397,1,29,2739.92,0.09,1992-01-12,R
3831,607,2,35,3938.69,0.01,1994-10-18,A
3832,626,1,10,2131.76,0.03,1995-06-17,A
3833,441,1,24,7424.62,0.09,1996-06-11,R
3834,799,1,33,6830.09,0.03,1998-12-02,R
3834,50,2,39,3061.81,0.08,1994-04-10,A
3835,553,1,37,8202.76,0.01,1994-11-26,R
3836,167,1,24,2468.63,0.03,1994-10-24,N
3837,156,1,15,3627.65,0.04,1996-04-18,R
3838,548,1,13,6489.01,0.08,1995-09-18,R
3838,692,2,29,6891.4,0.04,1998-09-26,N
3839,579,1,29,1942.05,0.1,1994-08-23,N
3839,333,2,40,4978.67,0.08,1995-04-09,A
3840,14,1,26,3553.53,0.04,1996-07-19,N
3840,16,2,36,4810.97,0.07,1996-03-28,A
3841,691,1,41,7015.6,0.07,1992-02-26,N
3841,500,2,40,2931.22,0.07,1992-12-17,R
3842,223,1,41,9122.33,0.07,1997-01-14,N
3842,31,2,37,9809.28,0.04,1995-09-03,N
3843,701,1,25,9834.88,0.04,1993-01-11,N
3843,225,2,46,1440.04,0.09,1994-06-28,A
3844,689,1,16,6189.69,0.02,1998-08-13,N
3845,684,1,36,8934.78,0.06,1992-08-14,A
3845,786,2,35,3220.23,0.08,1995-03-27,A
3846,141,1,34,5238.05,0.06,1994-05-09,R
3846,711,2,26,1034.61,0.05,1998-04-01,N
3847,485,1,30,6865.97,0.09,1993-02-20,R
3847,413,2,11,8475.16,0.1,1994-02-02,R
3847,785,3,47,5082.29,0.03,1992-01-21,R
3848,42,1,14,2327.61,0.01,1994-06-15,N
3848,694,2,38,9321.03,0.07,1992-06-25,A
3848,625,3,39,2992.12,0.06,1997-02-10,N
3848,363,4,40,5829.77,0.07,1993-04-28,R
3848,141,5,5,4483.41,0.07,1998-04-05,N
3849,492,1,16,6071.72,0.09,1997-01-27,N
3850,200,1,13,4891.31,0.0,1996-06-26,A
3850,59,2,14,9873.5,0.03,1998-07-18,A
3850,780,3,4,4290.01,0.04,1995-09-05,A
3851,181,1,48,6499.67,0.04,1996-06-02,N
3851,60,2,20,5867.75,0.08,1998-05-02,N
3852,348,1,3,762.01,0.05,1994-03-04,N
3852,311,2,27,1395.13,0.06,1992-10-20,A
3852,135,3,34,5150.61,0.1,1992-05-21,R
3853,446,1,33,6203.32,0.09,1993-04-01,A
3853,175,2,3,7608.99,0.08,1998-08-02,R
3854,605,1,23,5968.95,0.1,1995-10-12,N
3854,289,2,26,9840.2,0.01,1995-10-22,R
3854,167,3,27,6684.68,0.09,1996-04-26,R
3855,717,1,35,243.13,0.04,1994-01-22,N
3855,541,2,4,7548.42,0.08,1996-08-03,N
3856,70,1,37,6054.94,0.0,1994-08-16,A
3856,604,2,27,3218.2,0.0,1992-02-06,N
3857,537,1,9,9392.66,0.03,1994-03-12,R
3858,603,1,48,3840.14,0.02,1993-12-15,N
3858,750,2,29,1944.7,0.04,1995-03-07,R
3858,772,3,44,7460.28,0.03,1995-05-07,A
3859,203,1,11,1328.44,0.02,1995-06-25,R
3859,555,2,5,5293.36,0.0,1993-12-21,A
3860,554,1,15,7998.8,0.0,1995-05-09,A
3860,538,2,11,3064.78,0.04,1994-07-04,A
3860,456,3,21,1832.81,0.06,1993-02-18,A
3861,371,1,15,8910.99,0.05,1998-03-23,R
3862,675,1,17,9119.24,0.03,1992-08-09,A
3863,732,1,42,4824.11,0.05,1996-05-05,R
3863,241,2,42,4176.63,0.07,1994-06-25,N
3863,675,3,41,498.69,0.07,1994-07-22,A
3864,585,1,47,6805.72,0.03,1995-08-16,A
3864,570,2,42,1382.15,0.06,1997-02-01,R
3865,696,1,20,6912.08,0.06,1994-04-15,N
3865,777,2,38,3310.86,0.06,1996-11-17,R
3865,364,3,34,5264.29,0.03,1992-06-28,A
3866,625,1,7,4482.39,0.07,1998-06-27,R
3866,682,2,32,1133.26,0.04,1997-03-02,R
3867,771,1,16,5799.86,0.01,1995-08-24,R
3867,420,2,46,3070.15,0.07,1995-11-11,N
3867,512,3,49,3046.23,0.0,1995-02-05,A
3868,660,1,40,9480.43,0.01,1993-06-16,N
3869,753,1,24,5540.46,0.03,1992-02-28,N
3870,354,1,12,2203.23,0.0,1992-11-11,R
3871,776,1,17,3872.88,0.02,1997-02-13,A
3871,8,2,26,4165.74,0.04,1996-08-27,R
3872,669,1,23,7306.08,0.05,1996-09-14,A
3872,430,2,32,6293.92,0.1,1997-11-16,R
3873,752,1,33,7526.18,0.09,1992-04-17,A
3873,689,2,30,3076.57,0.06,1994-07-21,N
3874,356,1,3,6785.97,0.0,1994-05-16,N
3874,296,2,16,7752.01,0.04,1992-06-24,A
3875,131,1,20,3207.46,0.09,1993-09-25,R
3875,404,2,3,1092.05,0.02,1992-12-28,A
3876,301,1,11,8344.95,0.05,1998-06-02,N
3876,428,2,4,9356.5,0.03,1992-10-04,A
3877,779,1,40,5590.68,0.03,1997-09-18,R
3878,635,1,21,4841.46,0.0,1996-02-24,R
3878,353,2,24,8886.41,0.01,1996-03-23,R
3878,527,3,49,5110.44,0.05,1997-09-14,A
3878,180,4,12,8822.24,0.05,1998-03-25,R
3879,791,1,42,4807.91,0.02,1992-05-09,R
3879,394,2,6,9669.91,0.09,1995-03-23,R
3880,14,1,19,5394.01,0.07,1998-05-10,N
3881,269,1,14,5124.67,0.0,1992-03-25,R
3882,172,1,14,3083.74,0.07,1995-09-19,A
3883,683,1,8,7270.54,0.07,1997-07-03,R
3883,113,2,23,4796.87,0.02,1995-09-15,R
3883,180,3,24,1788.67,0.06,1997-12-25,R
3883,121,4,2,3195.78,0.01,1994-10-01,N
3884,80,1,26,8858.7,0.09,1995-02-27,R
3885,678,1,32,6174.17,0.09,1995-10-02,N
3885,554,2,13,7155.59,0.1,1997-01-06,R
3885,516,3,31,9962.85,0.08,1994-06-05,A
3885,427,4,34,6179.26,0.07,1996-12-15,A
3885,376,5,46,3567.94,0.06,1998-09-13,R
3886,190,1,44,2268.66,0.09,1994-05-06,N
3886,472,2,26,5600.99,0.08,1997-04-26,A
3887,58,1,21,1053.39,0.02,1994-02-28,R
3888,414,1,40,2053.94,0.04,1992-07-11,N
3888,743,2,50,4674.1,0.04,1994-09-16,A
3889,362,1,13,6281.02,0.05,1992-07-03,R
3889,758,2,34,2744.97,0.04,1995-03-23,R
3890,412,1,36,7437.7,0.04,1994-02-13,N
3890,350,2,20,9331.18,0.09,1997-02-17,N
3891,133,1,5,6081.23,0.06,1997-09-20,R
3891,529,2,11,6471.31,0.06,1995-02-27,A
3892,395,1,41,9617.52,0.04,1993-04-03,R
3892,211,2,3,2140.02,0.07,1998-01-27,N
3892,91,3,49,1241.14,0.08,1992-08-14,N
3893,296,1,28,6763.04,0.01,1998-03-12,A
3893,335,2,43,8151.52,0.01,1998-06-04,A
3893,524,3,3,4711.89,0.04,1994-08-04,A
3894,254,1,9,5579.2,0.07,1993-06-21,N
3895,290,1,25,4249.71,0.1,1995-04-14,R
3895,490,2,25,9648.24,0.04,1998-11-28,A
3896,177,1,39,9039.63,0.02,1998-03-03,A
3896,662,2,3,6520.3,0.01,1992-11-05,N
3897,465,1,40,6383.64,0.08,1996-11-09,N
3897,418,2,27,2050.92,0.06,1996-05-13,N
3898,242,1,41,2635.47,0.06,1994-11-25,N
3898,379,2,40,3399.2,0.09,1994-03-11,N
3899,69,1,1,3690.82,0.0,1994-11-14,N
3900,505,1,45,6778.69,0.01,1995-03-03,R
3901,405,1,46,9224.7,0.04,1993-05-10,N
3901,591,2,8,1658.74,0.0,1997-10-26,R
3902,358,1,5,6260.68,0.03,1995-01-02,R
3902,335,2,8,278.58,0.07,1992-05-12,N
3903,186,1,12,5475.79,0.04,1994-11-22,R
3903,285,2,22,1347.27,0.04,1993-11-25,N
3903,90,3,27,3926.43,0.07,1993-07-07,N
3904,46,1,18,735.14,0.09,1998-06-02,A
3904,262,2,21,5269.78,0.06,1998-10-02,A
3904,602,3,30,818.41,0.08,1996-10-16,A
3904,4,4,4,501.47,0.09,1997-08-08,R
3904,168,5,13,5539.1,0.05,1998-04-28,A
3905,648,1,28,4933.91,0.0,1996-05-23,N
3906,337,1,36,1336.97,0.05,1994-04-21,R
3907,14,1,13,8233.99,0.09,1996-09-21,R
3908,93,1,2,6145.93,0.07,1992-11-15,N
3908,683,2,46,6857.68,0.08,1995-05-05,R
3909,308,1,46,3077.47,0.02,1994-02-07,N
3909,259,2,13,8377.2,0.0,1993-07-26,R
3910,39,1,34,7517.55,0.08,1994-03-02,R
3910,380,2,4,3109.72,0.09,1996-02-13,A
3911,712,1,27,299.98,0.01,1997-12-14,R
3911,149,2,9,584.93,0.06,1992-06-11,A
3912,360,1,26,1383.51,0.09,1993-12-22,N
3912,255,2,50,6050.3,0.01,1992-10-24,A
3913,800,1,30,2830.24,0.02,1996-08-20,N
3914,442,1,21,8907.06,0.07,1995-01-04,A
3914,595,2,37,5861.16,0.09,1992-02-04,R
3914,285,3,1,3787.17,0.06,1998-08-18,R
3914,592,4,19,5423.67,0.08,1994-05-23,R
3915,738,1,5,1396.53,0.02,1994-12-28,N
3915,325,2,47,1092.85,0.09,1992-04-01,N
3915,69,3,28,1701.6,0.07,1996-01-23,N
3916,332,1,6,8809.43,0.07,1998-12-07,A
3916,358,2,20,2425.12,0.01,1995-07-18,R
3917,733,1,30,6072.04,0.02,1998-02-06,A
3918,431,1,6,9092.16,0.0,1992-03-19,N
3919,2,1,33,5606.54,0.05,1995-12-18,A
3919,386,2,15,7737.78,0.1,1998-01-21,R
3919,756,3,34,1331.92,0.06,1992-02-11,R
3920,431,1,12,7039.22,0.07,1995-05-14,N
3920,265,2,14,1493.75,0.08,1998-08-17,N
3921,783,1,15,1659.4,0.09,1998-05-07,R
3921,256,2,38,3904.66,0.02,1993-12-12,N
3922,103,1,20,8946.99,0.07,1992-10-06,R
3923,136,1,1,2802.21,0.05,1994-07-11,R
3923,579,2,20,4555.27,0.03,1997-06-09,R
3924,176,1,15,7623.36,0.08,1993-11-01,R
3924,521,2,14,430.96,0.05,1996-01-28,R
3925,272,1,1,7317.29,0.1,1997-04-25,N
3925,596,2,18,9620.6,0.01,1994-02-03,A
3925,605,3,21,3233.27,0.0,1994-09-25,A
3926,725,1,49,8863.02,0.08,1994-01-08,A
3926,338,2,8,7344.32,0.0,1994-09-22,N
3926,459,3,48,8831.06,0.07,1996-09-23,N
3927,125,1,38,3734.02,0.09,1993-12-27,N
3928,761,1,7,2586.41,0.06,1992-09-13,R
3929,492,1,50,2991.41,0.1,1993-05-20,A
3929,211,2,21,2680.74,0.06,1998-02-13,A
3929,709,3,1,5500.07,0.04,1997-12-22,R
3929,588,4,9,2807.36,0.05,1998-02-28,R
3930,290,1,40,8091.76,0.07,1996-01-05,R
3931,167,1,37,1413.41,0.06,1995-01-08,A
3932,89,1,36,1322.31,0.03,1997-11-13,R
3932,595,2,14,6429.73,0.02,1993-02-14,A
3932,644,3,23,8306.34,0.02,1993-01-24,N
3933,7,1,45,1524.22,0.05,1993-08-25,R
3933,635,2,45,9718.37,0.07,1998-06-21,R
3934,180,1,24,8682.96,0.06,1993-01-23,A
3934,256,2,12,7722.08,0.02,1994-08-11,A
3935,703,1,18,1577.8,0.08,1997-07-02,N
3935,262,2,29,3199.82,0.07,1992-03-15,A
3936,740,1,14,921.88,0.0,1998-09-06,R
3937,205,1,36,4682.42,0.05,1997-01-03,A
3937,437,2,46,3487.32,0.03,1995-04-23,N
3938,176,1,38,9851.87,0.08,1997-03-08,R
3939,705,1,18,1633.56,0.07,1996-07-09,R
3939,309,2,1,7804.44,0.02,1994-05-13,R
3940,269,1,14,3849.76,0.06,1995-05-06,N
3940,253,2,20,5188.63,0.1,1997-09-26,A
3941,281,1,14,2754.93,0.0,1993-08-02,N
3941,485,2,7,6837.32,0.01,1996-01-21,N
3941,474,3,19,9016.46,0.01,1994-04-06,N
3941,733,4,41,8818.55,0.04,1997-04-10,R
3942,777,1,41,2297.53,0.01,1997-07-25,R
3942,330,2,4,6928.25,0.1,1993-01-26,A
3943,220,1,22,3251.87,0.02,1995-02-07,R
3944,188,1,43,3349.23,0.05,1992-03-20,A
3944,444,2,34,5382.99,0.07,1992-11-07,N
3944,697,3,27,1294.18,0.04,1994-09-14,N
3944,379,4,19,8678.8,0.04,1994-12-17,R
3945,719,1,37,2488.95,0.0,1993-01-10,R
3945,237,2,12,4424.51,0.09,1992-04-10,A
3946,236,1,4,7410.37,0.07,1993-09-14,A
3947,580,1,4,7442.36,0.08,1996-04-26,R
3947,564,2,12,8487.14,0.09,1996-02-21,R
3948,662,1,6,5890.63,0.02,1998-05-20,R
3948,555,2,5,9888.65,0.03,1992-04-10,N
3948,280,3,9,3697.88,0.02,1995-03-25,R
3949,238,1,33,4094.58,0.09,1993-12-27,N
3950,313,1,30,7557.87,0.06,1995-04-26,R
3950,620,2,44,1037.33,0.08,1994-02-27,A
3951,279,1,41,7533.87,0.02,1992-10-09,A
3952,393,1,48,7033.46,0.0,1994-05-25,N
3953,656,1,11,8681.09,0.0,1996-10-12,A
3953,208,2,39,7719.85,0.02,1994-08-19,N
3954,337,1,45,1901.55,0.04,1993-06-09,A
3954,462,2,1,1224.73,0.06,1993-09-01,N
3955,10,1,32,1483.88,0.0,1996-08-27,A
3956,735,1,5,7088.68,0.0,1995-09-28,R
3956,411,2,3,3343.24,0.07,1997-10-26,N
3957,611,1,44,1986.67,0.08,1993-01-20,N
3957,713,2,12,9587.24,0.07,1992-01-02,R
3958,789,1,12,231.56,0.08,1995-04-13,N
3959,343,1,35,6587.5,0.0,1998-09-01,N
3960,572,1,31,9395.8,0.0,1998-09-06,N
3961,558,1,4,958.44,0.07,1993-02-19,A
3962,211,1,31,9453.61,0.01,1994-12-16,A
3962,711,2,22,6051.34,0.07,1995-02-04,N
3963,557,1,38,4376.19,0.01,1997-07-18,A
3963,675,2,50,5366.26,0.02,1998-03-01,N
3963,4,3,47,6736.56,0.04,1997-08-10,R
3963,743,4,32,3559.65,0.05,1992-04-19,A
3964,318,1,5,172.62,0.05,1995-05-01,N
3964,702,2,50,7592.97,0.07,1992-10-06,R
3964,284,3,22,718.63,0.04,1994-12-03,R
3965,155,1,28,3475.86,0.07,1996-12-13,R
3965,382,2,38,1729.33,0.0,1997-09-10,N
3966,507,1,2,6082.28,0.05,1995-01-01,R
3967,762,1,46,2805.51,0.07,1996-08-22,R
3967,129,2,23,3380.0,0.05,1992-06-27,A
3967,684,3,17,9038.0,0.07,1995-02-12,A
3968,360,1,1,4378.83,0.05,1994-12-08,R
3969,733,1,30,450.59,0.03,1997-11-12,A
3970,334,1,33,2382.91,0.02,1992-12-24,R
3970,599,2,38,9009.49,0.01,1995-06-02,A
3970,58,3,29,2454.89,0.08,1995-06-22,N
3971,617,1,8,1661.04,0.1,1996-01-09,A
3971,370,2,12,2913.03,0.03,1996-09-07,A
3971,74,3,5,1354.46,0.06,1998-05-02,A
3972,606,1,3,9748.23,0.05,1994-08-09,R
3972,644,2,45,6790.04,0.08,1994-05-16,A
3972,125,3,34,8416.78,0.01,1993-09-22,A
3973,629,1,25,3872.07,0.1,1992-11-23,A
3973,602,2,45,811.09,0.07,1995-11-13,N
3974,66,1,16,2105.25,0.08,1993-03-14,A
3975,118,1,50,9798.04,0.03,1997-10-06,A
3975,572,2,35,8946.0,0.06,1997-09-21,A
3975,250,3,29,3682.92,0.08,1998-11-28,R
3975,678,4,33,209.46,0.04,1993-07-28,R
3976,2,1,3,7825.66,0.07,1998-10-01,R
3977,173,1,12,2742.04,0.07,1998-07-13,N
3978,526,1,41,5325.34,0.06,1995-01-05,A
3978,403,2,27,771.79,0.05,1992-06-09,A
3978,286,3,18,3856.13,0.08,1995-09-28,N
3979,442,1,25,3435.84,0.05,1996-04-09,N
3980,386,1,15,7976.64,0.1,1994-02-26,R
3981,136,1,42,2106.95,0.1,1998-08-02,R
3981,196,2,4,1380.9,0.06,1996-06-05,N
3981,461,3,34,6255.08,0.07,1998-09-07,N
3981,501,4,34,7048.46,0.04,1992-06-06,R
3982,574,1,14,6861.21,0.1,1993-12-17,R
3982,364,2,20,5538.67,0.07,1993-09-24,A
3983,520,1,39,4566.15,0.0,1998-05-14,A
3984,313,1,38,6695.2,0.08,1997-02-17,A
3984,773,2,15,5687.18,0.0,1998-06-06,N
3984,429,3,37,1602.91,0.04,1997-06-23,A
3985,612,1,13,3205.15,0.09,1997-04-08,N
3986,103,1,17,7309.72,0.09,1997-05-23,N
3986,449,2,7,8099.83,0.1,1996-03-16,N
3987,643,1,2,7510.2,0.09,1993-09-04,N
3988,577,1,23,9997.93,0.01,1994-02-09,A
3988,303,2,17,7095.17,0.09,1998-09-10,A
3989,105,1,21,3864.65,0.08,1998-10-13,N
3989,515,2,6,8262.13,0.06,1995-05-20,A
3990,73,1,44,4377.32,0.01,1996-04-01,N
3991,608,1,44,2996.49,0.07,1992-04-06,R
3992,244,1,49,2888.3,0.09,1994-05-20,A
3992,701,2,30,6619.33,0.08,1992-04-03,N
3992,12,3,48,693.59,0.01,1998-05-09,N
3993,505,1,11,3693.27,0.05,1992-01-28,A
3993,346,2,9,8008.4,0.0,1993-08-22,N
3993,634,3,9,1130.87,0.02,1995-03-03,N
3994,728,1,2,1359.07,0.03,1994-09-22,A
3994,34,2,40,7995.96,0.05,1994-01-05,R
3994,484,3,38,7480.28,0.09,1995-03-05,A
3995,124,1,5,2901.51,0.08,1993-02-25,A
3995,298,2,13,4258.49,0.08,1996-09-24,N
3996,361,1,10,2971.87,0.03,1997-08-28,R
3997,487,1,50,508.7,0.09,1994-02-17,A
3997,64,2,3,1163.99,0.1,1995-03-14,N
3998,359,1,50,7160.53,0.01,1995-05-03,A
3998,763,2,10,396.33,0.08,1997-10-14,A
3999,386,1,49,457.75,0.05,1994-04-18,N
3999,589,2,43,3813.09,0.02,1997-05-11,N
3999,183,3,23,8256.08,0.04,1992-12-01,R
3999,190,4,27,2820.26,0.0,1998-08-15,A
3999,204,5,43,8165.19,0.01,1998-02-28,N
4000,13,1,18,2111.58,0.0,1992-12-21,A
4000,322,2,32,7078.4,0.04,1993-04-27,N
4000,196,3,3,9050.61,0.0,1998-10-22,R
4000,301,4,8,5467.67,0.0,1995-06-11,A
4001,703,1,43,2344.8,0.09,1997-10-09,N
4001,539,2,3,4989.53,0.08,1997-12-13,A
4001,106,3,27,9628.37,0.01,1993-01-01,R
4002,79,1,26,2039.73,0.07,1994-07-01,N
4002,532,2,3,5271.74,0.05,1998-11-09,N
4002,128,3,10,4614.23,0.03,1995-07-26,A
4003,451,1,26,7715.48,0.08,1993-05-25,R
4004,620,1,14,3857.99,0.03,1996-10-11,A
4004,344,2,29,1465.36,0.07,1998-04-06,A
4005,329,1,28,5134.85,0.07,1996-02-01,R
4005,248,2,8,1306.21,0.04,1997-12-04,N
4006,315,1,32,9746.02,0.09,1993-04-24,A
4006,313,2,10,1372.41,0.09,1994-05-23,N
4007,705,1,3,1706.22,0.05,1992-12-27,A
4007,232,2,21,5387.82,0.1,1998-05-01,A
4008,648,1,1,5941.07,0.06,1998-07-14,R
4008,214,2,43,7667.11,0.05,1997-04-05,N
4009,29,1,7,5099.05,0.05,1994-05-10,N
4010,362,1,32,578.65,0.1,1992-08-12,N
4010,575,2,30,718.15,0.04,1995-01-25,R
4011,648,1,4,3834.4,0.06,1996-02-12,N
4012,65,1,33,7106.31,0.07,1995-06-09,R
4012,735,2,10,7022.33,0.1,1993-10-19,R
4012,451,3,28,2424.59,0.04,1994-07-02,N
4012,794,4,11,8458.59,0.06,1994-08-05,A
4013,633,1,46,2011.74,0.05,1992-02-01,R
4013,580,2,35,5241.66,0.02,1993-03-19,A
4014,748,1,26,7421.04,0.0,1992-09-02,A
4014,394,2,2,6342.96,0.03,1998-05-15,R
4014,51,3,7,4284.24,0.0,1993-02-25,A
4014,564,4,18,264.34,0.09,1997-10-10,R
4015,25,1,6,2464.4,0.0,1998-06-07,A
4016,168,1,14,4228.93,0.05,1996-04-08,R
4016,383,2,35,4905.45,0.03,1993-01-28,A
4017,402,1,21,2370.65,0.04,1996-11-19,N
4018,606,1,48,6075.09,0.01,1992-10-16,N
4019,518,1,1,3918.55,0.03,1993-06-20,R
4019,675,2,9,8048.16,0.0,1995-05-06,A
4020,116,1,49,3033.07,0.1,1994-08-02,A
4020,127,2,13,9358.68,0.03,1992-08-04,R
4021,588,1,50,4098.04,0.06,1997-09-21,R
4022,770,1,30,3744.16,0.02,1998-12-16,N
4022,152,2,40,2555.41,0.08,1998-12-13,N
4022,355,3,10,937.46,0.07,1994-04-12,N
4022,317,4,22,1112.05,0.01,1996-08-27,N
4023,520,1,13,2378.41,0.09,1992-08-17,N
4023,391,2,7,2084.0,0.08,1996-02-04,N
4024,407,1,42,565.16,0.04,1994-01-09,N
4025,144,1,34,5682.36,0.03,1997-09-23,N
4025,739,2,1,8480.07,0.02,1996-08-04,R
4025,310,3,11,873.48,0.06,1992-03-25,R
4026,485,1,40,625.44,0.03,1996-05-25,R
4027,532,1,18,3020.34,0.03,1998-11-11,A
4028,101,1,29,6382.55,0.05,1998-11-13,A
4028,619,2,45,7607.08,0.08,1997-04-28,R
4029,225,1,49,3242.66,0.07,1994-02-12,N
4029,733,2,8,5279.49,0.04,1997-08-18,N
4030,494,1,23,4766.16,0.09,1993-12-09,R
4031,169,1,48,7090.4,0.08,1998-01-26,A
4031,317,2,9,400.45,0.04,1998-08-08,R
4032,126,1,19,5726.2,0.01,1992-12-21,A
4032,570,2,43,560.88,0.06,1997-03-08,R
4033,7,1,21,7543.53,0.04,1992-05-12,N
4033,233,2,9,7975.53,0.0,1996-12-11,R
4033,447,3,2,9657.47,0.04,1996-07-19,N
4034,147,1,34,2069.86,0.03,1995-04-28,A
4035,471,1,29,5184.16,0.01,1993-06-25,A
4035,651,2,26,2733.29,0.08,1992-06-21,A
4036,500,1,49,1783.24,0.02,1998-02-25,A
4037,266,1,38,8875.25,0.02,1996-06-17,R
4037,638,2,35,4136.13,0.09,1992-01-26,N
4038,274,1,17,3305.86,0.01,1996-07-12,N
4039,784,1,19,1854.38,0.0,1998-11-02,N
4040,374,1,41,9752.62,0.1,1998-07-20,N
4040,218,2,41,2825.01,0.07,1994-01-10,N
4041,440,1,17,8333.87,0.06,1993-10-05,A
4041,168,2,41,5314.53,0.01,1992-11-18,N
4041,420,3,21,3429.41,0.03,1995-03-07,R
4042,328,1,31,2080.25,0.07,1994-12-12,N
4042,92,2,46,9757.97,0.09,1998-02-10,A
4043,259,1,48,4508.52,0.05,1994-07-19,A
4044,614,1,35,4212.32,0.05,1993-11-22,R
4044,209,2,22,7133.0,0.0,1995-01-09,A
4045,349,1,7,2503.29,0.05,1992-10-21,R
4045,246,2,1,1163.46,0.07,1996-01-06,N
4046,323,1,4,6325.07,0.09,1995-08-01,R
4047,684,1,50,5908.61,0.01,1992-11-18,N
4047,60,2,14,3453.01,0.05,1995-02-26,A
4048,629,1,33,8440.58,0.09,1994-09-22,A
4049,102,1,39,7703.88,0.04,1998-05-27,N
4049,225,2,10,3579.24,0.07,1994-11-08,N
4049,723,3,45,7258.62,0.07,1998-09-04,R
4050,265,1,33,2485.83,0.0,1994-11-06,A
4051,285,1,47,7140.17,0.04,1998-01-02,N
4052,24,1,7,1020.32,0.09,1995-11-05,N
4052,157,2,37,7833.16,0.1,1992-08-03,A
4052,561,3,2,4805.14,0.0,1997-04-24,R
4053,204,1,40,5938.22,0.05,1998-04-16,R
4053,140,2,4,187.62,0.1,1993-12-28,R
4053,79,3,24,4490.13,0.05,1998-09-12,N
4054,253,1,33,5988.06,0.01,1994-02-21,N
4054,88,2,8,7453.21,0.09,1997-07-02,A
4054,365,3,9,1197.19,0.01,1996-01-07,A
4055,301,1,1,1813.72,0.06,1994-04-14,A
4056,697,1,10,4573.29,0.1,1997-01-02,R
4056,84,2,38,9416.56,0.02,1997-02-16,A
4057,335,1,17,218.8,0.05,1997-12-04,N
4057,187,2,18,3407.83,0.09,1994-08-03,N
4058,455,1,19,7051.67,0.05,1995-09-03,N
4058,637,2,2,6391.65,0.07,1998-05-05,N
4059,484,1,19,1425.61,0.0,1992-02-05,N
4059,152,2,4,5440.15,0.05,1994-02-04,N
4060,437,1,17,8476.99,0.04,1992-09-23,A
4060,107,2,8,3901.96,0.01,1993-12-17,N
4061,600,1,46,3344.04,0.08,1992-10-07,N
4062,716,1,3,5922.38,0.09,1993-02-20,A
4062,270,2,2,4801.03,0.0,1996-03-11,R
4063,205,1,28,2257.48,0.1,1995-07-16,R
4063,120,2,31,9728.8,0.1,1996-11-15,N
4063,510,3,17,6308.09,0.07,1995-07-10,N
4064,272,1,15,7057.39,0.1,1993-04-21,A
4064,494,2,44,3870.68,0.02,1994-02-24,A
4064,400,3,40,8769.76,0.04,1995-01-04,R
4065,350,1,6,6983.24,0.05,1994-11-01,R
4065,559,2,34,7551.93,0.0,1995-08-26,R
4065,696,3,21,681.3,0.01,1994-04-14,N
4066,206,1,23,5104.8,0.04,1995-09-04,A
4066,764,2,26,5560.14,0.09,1998-05-25,R
4067,626,1,24,658.71,0.09,1995-04-14,N
4068,50,1,10,6728.0,0.06,1994-12-22,A
4068,545,2,27,1640.81,0.01,1992-10-13,R
4068,553,3,43,989.2,0.05,1994-03-08,A
4069,150,1,33,9228.25,0.05,1993-04-04,R
4070,51,1,40,9594.26,0.0,1998-04-18,N
4071,264,1,1,2005.77,0.06,1995-03-07,N
4071,698,2,7,455.88,0.01,1995-10-28,R
4071,772,3,21,6629.76,0.06,1996-05-02,N
4072,763,1,19,3211.49,0.03,1997-06-22,N
4073,356,1,41,3517.21,0.09,1994-10-25,A
4073,659,2,16,3208.03,0.1,1997-11-12,N
4073,664,3,50,2428.71,0.06,1996-06-09,N
4074,682,1,22,1297.17,0.08,1995-05-22,R
4074,160,2,23,3732.38,0.04,1993-06-12,R
4075,575,1,35,6499.14,0.08,1992-07-01,R
4075,54,2,2,2796.21,0.1,1997-04-27,A
4076,43,1,43,9771.08,0.01,1996-11-24,N
4076,354,2,31,5383.56,0.02,1993-11-28,A
4077,690,1,50,7393.07,0.05,1992-12-19,N
4077,733,2,20,9049.44,0.08,1995-03-19,A
4078,487,1,40,2051.34,0.04,1995-10-25,R
4079,598,1,49,1704.7,0.09,1993-11-06,A
4079,345,2,21,434.43,0.03,1994-07-01,R
4079,113,3,46,1589.58,0.02,1993-01-07,A
4080,492,1,41,4013.66,0.09,1994-02-21,A
4080,32,2,2,1178.77,0.06,1997-06-23,R
4081,126,1,40,7870.87,0.01,1995-01-13,R
4081,610,2,39,2048.91,0.04,1993-02-20,N
4082,136,1,15,8284.79,0.1,1993-07-12,R
4083,120,1,44,9198.43,0.04,1997-02-25,R
4083,645,2,25,6774.76,0.04,1997-01-23,R
4084,725,1,6,6779.1,0.02,1995-04-14,A
4084,177,2,33,5727.02,0.06,1998-02-04,N
4084,434,3,44,6932.85,0.0,1992-07-23,R
4085,187,1,43,4059.5,0.04,1998-09-15,R
4085,504,2,22,1685.78,0.05,1993-12-19,R
4086,11,1,22,3390.37,0.04,1997-06-25,R
4087,764,1,23,7106.24,0.06,1998-03-27,R
4087,44,2,39,4198.75,0.01,1995-06-21,N
4087,591,3,21,7776.05,0.05,1993-11-06,A
4087,61,4,22,4236.76,0.06,1997-06-15,N
4088,40,1,50,9504.71,0.04,1994-01-21,A
4088,506,2,13,8270.3,0.05,1993-07-03,R
4089,130,1,37,1959.13,0.08,1993-03-11,R
4090,96,1,38,4094.32,0.07,1996-07-03,A
4090,519,2,20,8855.02,0.06,1992-10-05,R
4090,596,3,10,5670.47,0.09,1994-02-04,R
4090,756,4,15,1894.27,0.05,1997-12-19,R
4091,421,1,15,4645.14,0.01,1995-03-25,R
4092,429,1,21,155.53,0.07,1996-05-12,A
4092,708,2,24,943.59,0.08,1995-02-18,N
4093,444,1,27,3506.84,0.03,1993-04-16,A
4094,451,1,50,9953.27,0.07,1996-03-17,N
4095,182,1,18,990.05,0.02,1993-09-19,R
4096,430,1,35,4691.07,0.0,1998-10-04,A
4096,239,2,16,9071.41,0.02,1995-05-07,R
4096,520,3,43,3636.5,0.0,1995-01-21,N
4097,174,1,21,5957.99,0.0,1997-01-14,A
4098,555,1,5,2113.01,0.01,1997-02-20,A
4098,762,2,9,3034.46,0.04,1998-03-22,R
4099,721,1,36,6041.8,0.03,1996-09-20,R
4100,161,1,28,1462.26,0.06,1998-08-23,A
4100,592,2,14,455.51,0.06,1998-09-06,A
4101,715,1,45,8893.84,0.06,1993-02-09,R
4102,570,1,41,3116.25,0.07,1995-07-23,R
4102,426,2,13,6144.75,0.08,1995-07-23,A
4103,438,1,40,6991.54,0.1,1992-12-26,R
4103,624,2,28,3837.58,0.06,1997-09-25,A
4104,22,1,7,3015.05,0.05,1994-10-11,A
4105,224,1,27,4738.41,0.1,1994-02-10,N
4105,602,2,26,5070.72,0.09,1995-09-25,N
4106,130,1,16,3087.11,0.01,1996-11-09,R
4106,408,2,48,9819.87,0.07,1993-03-18,A
4107,229,1,5,3604.89,0.03,1998-08-11,R
4107,618,2,42,6723.76,0.0,1996-08-16,N
4107,555,3,23,9659.44,0.05,1995-12-10,N
4108,214,1,21,7216.11,0.0,1995-03-20,A
4108,474,2,21,5133.59,0.0,1993-06-26,R
4108,527,3,30,4017.54,0.1,1993-12-08,A
4109,306,1,20,8233.13,0.09,1995-06-23,N
4109,769,2,40,6200.96,0.06,1994-11-18,A
4109,657,3,34,9350.5,0.07,1997-10-09,N
4110,299,1,1,3699.7,0.08,1997-09-18,A
4110,243,2,11,3083.91,0.06,1995-01-01,R
4110,55,3,5,3276.7,0.02,1997-10-12,R
4111,269,1,10,7566.25,0.08,1992-07-27,N
4112,789,1,40,8956.57,0.07,1995-08-06,R
4113,184,1,7,7144.24,0.0,1993-01-24,N
4113,20,2,14,1542.65,0.01,1993-11-26,R
4114,678,1,16,1067.17,0.08,1993-10-13,N
4114,195,2,8,6884.32,0.01,1996-05-26,A
4115,14,1,14,4578.25,0.1,1996-06-19,N
4115,569,2,14,763.98,0.1,1997-03-09,A
4115,200,3,32,2882.29,0.08,1997-11-05,A
4116,706,1,25,8878.42,0.04,1996-04-08,R
4116,707,2,20,9456.37,0.03,1993-09-27,A
4117,448,1,17,6867.23,0.1,1994-11-12,R
4117,613,2,34,8315.54,0.06,1992-09-26,R
4118,213,1,40,1503.35,0.09,1998-04-18,R
4119,417,1,27,1385.33,0.04,1993-05-25,N
4119,108,2,7,2243.48,0.09,1995-07-28,A
4119,240,3,44,9333.71,0.02,1997-03-04,N
4119,23,4,15,4118.88,0.09,1998-05-24,N
4120,424,1,48,3303.38,0.03,1992-04-04,N
4120,530,2,21,5187.12,0.08,1995-06-20,A
4121,19,1,9,9447.95,0.06,1993-06-09,N
4121,322,2,39,8893.06,0.06,1998-06-17,N
4122,310,1,44,171.54,0.04,1997-11-15,R
4122,694,2,27,6630.38,0.04,1994-06-22,A
4123,380,1,41,9881.97,0.01,1998-08-21,N
4123,265,2,19,2939.45,0.0,1992-03-07,A
4124,486,1,33,1182.93,0.02,1993-09-05,R
4125,584,1,18,3864.14,0.01,1997-05-04,R
4125,170,2,37,4546.33,0.09,1992-06-06,A
4125,8,3,37,827.43,0.01,1996-07-09,N
4125,718,4,8,7705.0,0.01,1998-06-16,N
4125,610,5,8,2065.73,0.0,1993-05-08,R
4126,100,1,6,3354.55,0.04,1998-01-16,R
4127,372,1,18,7248.29,0.07,1997-02-02,A
4128,74,1,50,1788.69,0.05,1992-04-04,A
4129,162,1,47,8915.73,0.02,1995-04-15,A
4129,408,2,11,6756.82,0.06,1994-06-12,R
4129,349,3,18,1490.8,0.08,1998-10-26,N
4130,750,1,43,6959.98,0.07,1994-09-26,N
4130,367,2,3,2438.49,0.03,1996-04-18,A
4131,445,1,42,2531.11,0.06,1993-06-18,A
4131,167,2,34,5913.65,0.05,1994-07-21,R
4132,787,1,24,531.56,0.09,1994-12-05,A
4132,756,2,3,8454.34,0.02,1994-11-18,N
4132,236,3,48,2186.39,0.07,1996-10-28,N
4132,192,4,27,7284.84,0.01,1995-07-09,N
4133,610,1,22,9272.97,0.0,1996-10-07,A
4134,454,1,36,2412.15,0.02,1992-12-23,R
4134,101,2,24,3652.34,0.1,1992-11-21,A
4134,243,3,36,1152.05,0.06,1997-04-07,N
4135,159,1,15,7751.36,0.0,1998-04-13,N
4136,340,1,29,1001.51,0.03,1998-11-18,R
4136,625,2,20,3137.97,0.09,1998-07-05,N
4136,428,3,28,8780.13,0.03,1998-02-18,A
4137,78,1,23,5035.39,0.04,1993-10-19,N
4137,456,2,41,4391.48,0.02,1993-04-16,A
4138,450,1,33,4192.67,0.04,1996-05-02,A
4139,701,1,2,2506.8,0.06,1998-06-21,A
4139,104,2,22,6892.87,0.0,1997-04-18,A
4139,722,3,47,5529.83,0.02,1992-04-24,N
4140,78,1,29,1648.83,0.06,1993-05-27,R
4141,561,1,42,2258.41,0.07,1992-03-04,R
4141,562,2,28,3025.83,0.1,1994-01-23,N
4141,471,3,50,9221.7,0.06,1997-10-28,A
4142,502,1,34,6334.38,0.07,1993-11-26,R
4142,758,2,18,5990.63,0.0,1995-08-20,A
4143,365,1,16,9006.83,0.09,1997-03-27,A
4143,471,2,15,8111.59,0.05,1994-04-06,A
4144,734,1,35,9424.84,0.03,1995-04-26,R
4144,553,2,13,9983.18,0.05,1992-10-24,R
4145,768,1,50,3215.03,0.01,1996-01-18,A
4145,11,2,13,3816.86,0.09,1992-07-22,R
4146,668,1,37,1558.15,0.06,1992-11-03,R
4147,455,1,36,8093.88,0.07,1997-10-05,A
4147,39,2,3,2490.15,0.05,1996-07-16,N
4148,497,1,29,2035.89,0.04,1993-10-10,N
4148,435,2,30,5154.13,0.04,1998-03-22,N
4149,618,1,19,8478.51,0.02,1997-05-14,R
4149,524,2,22,938.0,0.0,1993-01-01,A
4150,207,1,2,641.78,0.0,1998-05-26,R
4150,420,2,25,8029.12,0.07,1993-11-06,N
4151,100,1,18,3855.68,0.1,1998-10-05,N
4152,647,1,42,9452.71,0.09,1996-11-19,A
4153,215,1,31,3681.67,0.0,1995-08-05,A
4154,523,1,30,7387.52,0.0,1995-06-22,N
4155,147,1,23,5220.57,0.08,1998-02-24,A
4156,352,1,41,8013.93,0.06,1996-06-07,R
4156,689,2,4,2563.49,0.08,1995-08-08,N
4157,11,1,3,5010.2,0.02,1996-10-05,R
4157,800,2,16,8609.22,0.04,1995-04-13,N
4158,548,1,42,1612.47,0.02,1994-05-02,R
4159,470,1,13,1746.79,0.08,1997-05-14,A
4159,354,2,45,3876.36,0.08,1993-06-02,A
4160,594,1,18,4082.25,0.01,1998-02-28,A
4160,437,2,35,3437.06,0.04,1995-09-27,A
4161,787,1,17,2115.86,0.07,1997-12-20,N
4161,581,2,49,389.25,0.1,1998-02-08,A
4161,636,3,22,3522.81,0.04,1998-05-15,R
4162,635,1,44,4137.4,0.01,1998-12-17,A
4162,121,2,21,6119.81,0.08,1996-06-19,A
4163,751,1,37,7805.68,0.0,1997-07-04,N
4164,642,1,21,2111.75,0.08,1998-09-20,N
4165,272,1,15,8964.56,0.07,1994-08-26,A
4166,772,1,21,4863.35,0.04,1995-12-10,R
4166,218,2,47,6002.51,0.1,1993-06-20,A
4167,130,1,31,371.54,0.06,1993-04-13,N
4167,111,2,50,6557.25,0.01,1995-11-21,A
4168,620,1,35,3100.69,0.07,1996-04-02,N
4168,217,2,50,9431.26,0.05,1993-10-23,R
4168,215,3,14,730.09,0.1,1995-12-20,A
4168,300,4,6,3459.95,0.03,1998-10-23,N
4168,249,5,19,6519.27,0.06,1995-04-21,N
4169,89,1,27,6378.77,0.1,1992-02-26,R
4169,745,2,8,3075.17,0.09,1997-07-04,R
4170,726,1,4,7808.13,0.01,1995-02-05,N
4171,59,1,48,9084.0,0.09,1998-11-18,N
4171,651,2,1,6346.17,0.07,1997-07-22,N
4172,563,1,19,3917.1,0.07,1994-10-27,A
4173,551,1,21,5641.69,0.06,1992-03-12,R
4173,644,2,19,1548.69,0.1,1995-02-20,N
4174,509,1,12,454.31,0.04,1992-04-20,N
4174,500,2,9,8426.8,0.07,1994-08-23,N
4174,714,3,15,2143.5,0.03,1995-07-26,A
4174,218,4,12,4314.58,0.06,1994-07-03,R
4175,209,1,29,5295.14,0.06,1994-01-12,R
4176,173,1,33,2182.33,0.03,1995-09-27,N
4177,117,1,9,5488.53,0.09,1993-06-24,A
4177,56,2,43,8686.03,0.1,1995-11-17,N
4178,716,1,38,8289.24,0.1,1995-09-24,R
4178,554,2,27,8716.56,0.06,1996-06-22,A
4179,11,1,37,1359.06,0.09,1995-10-08,N
4179,251,2,31,5062.75,0.07,1998-10-07,A
4179,707,3,46,9407.87,0.01,1998-10-23,R
4179,318,4,34,1674.26,0.07,1995-07-07,A
4180,140,1,12,8636.01,0.05,1992-08-11,A
4181,190,1,2,6428.53,0.07,1997-11-28,R
4181,325,2,2,8956.57,0.08,1996-07-08,R
4181,50,3,5,2044.71,0.06,1996-03-25,N
4181,779,4,2,5231.61,0.0,1993-04-07,N
4181,571,5,6,2369.67,0.05,1992-07-03,R
4181,78,6,29,986.89,0.07,1998-05-02,A
4182,455,1,13,384.33,0.06,1997-11-13,A
4182,64,2,14,9458.63,0.09,1994-03-05,A
4182,22,3,50,8547.55,0.01,1992-09-15,N
4183,775,1,29,4169.9,0.1,1995-01-15,R
4183,669,2,47,7403.17,0.07,1993-09-26,R
4184,396,1,35,6930.96,0.02,1996-01-19,A
4184,3,2,18,3030.75,0.05,1992-10-08,N
4184,193,3,15,7445.91,0.0,1992-08-04,N
4185,604,1,43,2564.4,0.08,1993-01-27,R
4185,358,2,1,6993.43,0.02,1992-02-17,A
4186,102,1,29,922.78,0.02,1994-04-19,R
4186,301,2,50,9966.15,0.0,1998-09-05,R
4186,416,3,44,5383.87,0.07,1993-10-11,A
4187,352,1,19,7813.56,0.03,1997-09-23,A
4187,311,2,41,5638.31,0.01,1992-12-08,A
4188,352,1,49,3022.65,0.03,1997-01-12,R
4189,112,1,44,7778.79,0.02,1997-02-11,R
4189,180,2,49,4041.81,0.03,1994-01-14,N
4190,696,1,12,942.3,0.06,1996-07-28,A
4190,756,2,11,1458.86,0.1,1998-10-16,A
4190,288,3,15,4167.29,0.05,1998-06-04,N
4191,147,1,39,9471.73,0.03,1995-10-03,R
4192,32,1,35,2569.97,0.03,1996-11-04,R
4193,691,1,1,4932.53,0.08,1992-07-17,R
4194,445,1,43,3088.4,0.05,1997-08-12,A
4194,408,2,12,4621.63,0.1,1992-03-22,A
4195,785,1,23,1990.86,0.06,1998-10-28,R
4195,269,2,13,3663.2,0.07,1998-08-19,R
4195,461,3,1,5889.35,0.07,1993-09-10,A
4195,382,4,43,2294.76,0.09,1995-08-13,R
4196,335,1,49,1071.37,0.04,1998-06-11,A
4196,322,2,2,4288.49,0.05,1997-09-01,A
4196,448,3,4,3641.39,0.1,1997-06-10,N
4196,698,4,3,1362.41,0.01,1994-08-26,A
4197,573,1,33,217.81,0.06,1995-07-04,R
4197,199,2,50,5745.16,0.06,1997-05-22,A
4198,104,1,29,3546.51,0.04,1997-05-05,N
4199,4,1,18,4008.4,0.06,1996-11-12,N
4200,431,1,35,9289.76,0.07,1998-06-02,A
4201,487,1,40,5086.79,0.02,1994-11-01,N
4201,468,2,8,5240.87,0.1,1994-01-11,R
4201,156,3,47,9313.01,0.01,1998-01-18,A
4201,89,4,7,9882.72,0.01,1994-01-04,N
4202,37,1,34,5895.1,0.1,1996-11-25,N
4202,82,2,47,361.71,0.09,1996-09-07,R
4203,409,1,30,2490.7,0.02,1996-08-12,R
4203,503,2,13,2728.31,0.04,1996-06-12,R
4203,282,3,3,4435.7,0.02,1996-07-19,A
4204,747,1,19,2386.92,0.06,1993-11-25,N
4204,183,2,22,8657.72,0.03,1998-11-16,N
4204,70,3,30,6722.89,0.1,1992-10-13,N
4205,763,1,9,364.89,0.05,1994-07-18,R
4206,756,1,7,4362.42,0.03,1995-07-03,N
4207,18,1,26,5003.29,0.03,1993-03-23,R
4207,238,2,7,1690.93,0.01,1997-06-02,A
4207,355,3,37,8544.64,0.08,1993-07-14,N
4208,733,1,11,9918.53,0.07,1995-08-27,A
4208,551,2,46,9218.77,0.08,1993-08-04,A
4209,131,1,44,4710.66,0.1,1993-06-13,N
4209,43,2,46,8073.97,0.08,1992-10-13,A
4210,642,1,31,6092.43,0.1,1994-05-07,N
4210,451,2,14,8673.01,0.09,1995-08-27,N
4210,55,3,49,8163.3,0.06,1997-03-10,R
4211,446,1,48,7952.28,0.0,1998-02-03,N
4212,531,1,3,1256.6,0.01,1998-01-15,R
4212,121,2,47,2772.96,0.07,1995-11-08,A
4213,702,1,12,1324.36,0.02,1996-10-15,A
4213,114,2,33,4224.57,0.0,1994-12-22,N
4213,241,3,46,4599.7,0.01,1993-07-23,R
4213,348,4,14,6788.78,0.07,1994-06-26,R
4214,519,1,28,9203.18,0.05,1995-08-22,N
4215,429,1,14,8756.12,0.07,1997-03-08,R
4216,672,1,28,8147.89,0.0,1993-03-14,R
4216,4,2,2,2990.92,0.09,1996-09-11,R
4217,604,1,28,6094.05,0.02,1997-12-09,N
4218,424,1,18,7388.46,0.06,1993-09-17,A
4218,493,2,29,1389.98,0.01,1993-07-13,N
4218,327,3,46,4926.44,0.06,1998-09-03,R
4218,502,4,26,8653.1,0.05,1992-04-02,R
4219,4,1,22,5030.82,0.06,1996-11-08,N
4220,545,1,14,7066.82,0.1,1997-01-16,A
4220,237,2,3,3271.95,0.07,1996-01-28,R
4220,242,3,22,4758.41,0.09,1994-08-15,N
4221,55,1,22,128.86,0.08,1998-10-15,R
4221,217,2,31,583.57,0.0,1993-11-12,N
4222,778,1,45,8546.21,0.01,1994-09-19,R
4222,243,2,19,379.81,0.05,1992-12-22,A
4222,347,3,9,4856.5,0.1,1994-11-16,N
4222,439,4,50,9111.48,0.01,1994-07-08,A
4222,772,5,16,6579.56,0.1,1993-02-03,R
4223,513,1,39,4344.64,0.05,1992-12-17,N
4224,18,1,42,2853.02,0.09,1995-06-14,R
4224,212,2,30,336.13,0.0,1997-11-08,A
4224,781,3,32,3411.29,0.09,1993-01-25,A
4225,194,1,44,6237.86,0.0,1998-04-19,A
4226,177,1,7,3534.56,0.07,1998-04-25,N
4227,516,1,35,5423.19,0.08,1994-01-08,A
4227,512,2,16,2875.28,0.02,1995-11-27,R
4228,10,1,15,2002.1,0.04,1995-08-17,R
4229,301,1,18,8891.09,0.07,1995-11-18,N
4230,350,1,13,2981.06,0.0,1993-10-16,A
4230,727,2,23,6177.07,0.1,1996-07-25,A
4231,497,1,18,2770.44,0.04,1996-11-12,N
4232,257,1,41,6593.05,0.06,1993-07-18,N
4233,694,1,13,5689.89,0.01,1998-06-26,N
4233,733,2,31,5830.64,0.02,1992-11-09,N
4233,508,3,18,3922.92,0.1,1997-07-17,R
4233,728,4,24,6269.57,0.05,1997-05-14,R
4233,471,5,35,5527.46,0.06,1995-09-23,N
4234,701,1,17,7772.63,0.07,1995-06-12,N
4234,745,2,34,8286.99,0.05,1998-06-07,R
4235,684,1,26,4859.04,0.06,1998-12-03,R
4236,561,1,5,4980.39,0.01,1995-10-13,N
4237,339,1,17,4778.78,0.09,1992-10-12,N
4238,564,1,44,8202.22,0.05,1995-12-15,R
4238,79,2,13,3509.88,0.09,1997-09-25,A
4239,626,1,11,9892.01,0.09,1993-03-07,A
4240,662,1,9,8534.09,0.02,1993-05-26,R
4240,137,2,49,6533.03,0.1,1993-08-08,R
4241,236,1,45,3266.32,0.09,1992-01-11,A
4241,592,2,44,1250.46,0.04,1996-09-07,N
4241,25,3,40,644.26,0.01,1993-11-12,R
4242,711,1,13,4143.46,0.1,1996-01-13,R
4242,501,2,42,4185.36,0.01,1998-04-17,N
4242,356,3,39,2951.15,0.07,1996-10-10,R
4242,26,4,19,5604.42,0.08,1996-07-13,A
4243,467,1,39,1358.94,0.05,1994-03-19,N
4244,436,1,4,3225.87,0.05,1998-01-03,R
4245,589,1,7,2845.24,0.0,1992-11-02,A
4245,186,2,24,638.96,0.1,1995-02-27,R
4246,197,1,46,2015.67,0.07,1997-10-09,N
4246,293,2,29,6873.87,0.03,1994-05-12,R
4246,747,3,30,8105.51,0.1,1994-07-06,A
4247,260,1,36,8093.31,0.02,1992-06-02,R
4248,71,1,38,6217.71,0.09,1993-01-28,A
4249,700,1,25,2328.29,0.02,1992-10-05,R
4250,678,1,12,4230.32,0.1,1995-08-23,N
4250,747,2,38,9647.74,0.0,1992-03-03,N
4251,12,1,1,3836.66,0.0,1997-08-09,N
4252,226,1,48,6130.1,0.01,1998-09-02,N
4253,689,1,47,7349.14,0.03,1996-05-08,A
4254,611,1,5,731.6,0.04,1994-10-10,A
4254,786,2,48,3738.61,0.01,1993-09-15,A
4254,80,3,7,9693.02,0.09,1995-02-28,N
4255,638,1,14,5141.32,0.04,1993-12-03,N
4255,113,2,21,9987.77,0.1,1993-09-09,N
4255,358,3,6,701.52,0.04,1995-11-19,R
4255,16,4,43,7459.86,0.07,1992-10-24,N
4255,137,5,49,8370.78,0.06,1996-03-26,A
4255,433,6,45,9365.62,0.03,1994-04-13,A
4256,796,1,23,4131.84,0.1,1996-05-03,A
4256,726,2,1,9117.66,0.07,1993-07-14,N
4257,388,1,5,3892.53,0.0,1995-11-17,N
4258,136,1,33,1910.18,0.1,1994-04-21,A
4258,333,2,40,3797.05,0.01,1998-03-23,N
4259,684,1,33,9322.16,0.03,1993-01-16,A
4260,665,1,44,9063.33,0.06,1993-02-11,A
4260,358,2,27,1415.06,0.03,1998-02-13,N
4261,426,1,22,3476.1,0.1,1992-05-07,N
4261,360,2,48,9504.94,0.05,1993-01-28,A
4262,456,1,16,9729.94,0.07,1996-09-08,R
4262,450,2,7,1241.9,0.02,1995-04-18,R
4263,252,1,30,7244.18,0.02,1996-03-21,R
4263,748,2,48,3445.94,0.01,1994-06-02,N
4264,289,1,30,1812.51,0.04,1994-09-17,A
4265,170,1,23,9258.35,0.07,1993-02-25,N
4265,763,2,48,286.89,0.09,1995-06-22,R
4266,75,1,43,1164.73,0.0,1992-11-09,R
4267,70,1,14,7222.55,0.1,1996-09-12,R
4267,129,2,25,4609.01,0.01,1997-11-10,N
4268,280,1,49,4896.9,0.03,1992-07-06,N
4268,800,2,34,2163.08,0.01,1996-11-23,R
4269,716,1,27,8370.54,0.08,1995-02-15,A
4269,279,2,30,9613.48,0.08,1994-07-07,A
4270,688,1,5,8963.18,0.07,1997-11-04,R
4270,267,2,2,2574.22,0.08,1994-03-09,A
4270,543,3,19,7053.04,0.0,1996-12-02,N
4271,240,1,41,5032.28,0.04,1993-05-01,R
4271,101,2,42,7313.75,0.02,1993-04-25,R
4272,490,1,37,5033.61,0.03,1992-02-07,R
4273,608,1,34,7572.58,0.09,1996-01-19,A
4273,555,2,22,2583.03,0.09,1997-01-09,R
4273,329,3,33,5690.32,0.09,1996-06-04,A
4273,271,4,24,6355.53,0.08,1992-02-09,R
4274,111,1,9,8328.93,0.07,1992-10-27,R
4274,599,2,28,8523.12,0.02,1998-09-21,R
4275,454,1,30,6728.88,0.01,1998-12-06,N
4275,393,2,13,4295.85,0.05,1996-04-22,A
4276,315,1,40,5777.89,0.07,1996-11-04,N
4276,774,2,4,4576.77,0.09,1992-03-13,N
4277,266,1,13,5013.66,0.03,1998-11-13,N
4277,131,2,32,3420.95,0.07,1992-03-24,N
4278,786,1,11,4145.88,0.09,1997-03-06,R
4279,216,1,22,9902.97,0.04,1996-09-11,A
4279,124,2,28,7975.79,0.01,1994-02-01,A
4280,679,1,28,5211.73,0.05,1994-02-19,A
4280,647,2,36,8280.52,0.05,1993-12-05,A
4281,292,1,40,2525.55,0.02,1995-09-27,A
4281,427,2,38,2361.05,0.0,1992-06-17,A
4281,147,3,47,2633.99,0.01,1995-04-09,N
4281,42,4,23,2555.95,0.01,1998-07-05,N
4282,460,1,3,8436.48,0.05,1995-01-26,N
4282,648,2,39,5003.26,0.0,1992-11-07,N
4283,361,1,37,2310.89,0.03,1993-07-18,R
4284,741,1,47,3664.57,0.0,1994-07-10,N
4284,37,2,48,9169.54,0.01,1992-12-17,N
4284,574,3,20,7011.74,0.05,1997-01-28,R
4284,132,4,13,2814.7,0.03,1998-03-23,R
4285,215,1,50,1865.39,0.07,1995-04-08,R
4286,694,1,9,560.95,0.09,1996-12-04,A
4286,615,2,20,8468.82,0.03,1995-03-27,A
4287,494,1,21,8065.8,0.09,1994-03-09,R
4287,28,2,41,8942.5,0.1,1995-04-19,N
4287,303,3,7,1308.41,0.06,1998-12-24,N
4288,180,1,13,9781.24,0.01,1993-12-27,N
4289,477,1,32,2399.91,0.01,1996-09-28,N
4289,629,2,12,6160.82,0.02,1998-05-24,R
4290,257,1,4,2007.05,0.06,1993-04-13,N
4291,77,1,43,2682.94,0.06,1995-05-13,R
4291,309,2,29,2112.58,0.06,1995-11-05,A
4292,576,1,7,3880.68,0.06,1993-03-03,R
4293,204,1,19,9534.97,0.08,1997-01-26,N
4293,706,2,3,1541.67,0.07,1993-03-20,A
4294,179,1,27,3620.01,0.02,1998-03-14,R
4294,156,2,30,8536.0,0.09,1995-11-13,N
4295,174,1,35,2436.29,0.06,1993-08-25,A
4296,712,1,15,9613.53,0.04,1992-02-06,A
4296,499,2,21,2900.06,0.07,1993-01-12,R
4297,571,1,3,4912.39,0.05,1993-04-18,R
4297,623,2,31,7790.33,0.07,1992-09-05,N
4297,368,3,13,672.19,0.05,1997-01-24,A
4298,529,1,35,1566.34,0.02,1996-02-13,A
4298,7,2,1,9944.58,0.0,1992-07-21,A
4299,595,1,11,2311.64,0.02,1996-11-21,N
4300,765,1,24,5938.49,0.0,1994-12-07,N
4300,733,2,19,3225.06,0.06,1992-08-06,R
4301,279,1,6,5114.16,0.03,1998-02-20,A
4301,390,2,15,1598.41,0.08,1997-09-24,A
4302,782,1,49,1297.93,0.04,1997-12-04,A
4302,359,2,18,5704.3,0.0,1996-09-10,N
4302,62,3,11,364.26,0.04,1992-05-13,A
4303,77,1,34,1254.79,0.01,1994-09-14,N
4304,94,1,6,7106.69,0.08,1997-06-22,A
4304,596,2,37,3814.22,0.0,1997-08-26,R
4305,452,1,3,9362.94,0.02,1994-12-28,A
4305,699,2,31,1920.25,0.0,1994-06-25,N
4306,162,1,24,9089.21,0.08,1995-08-11,R
4307,127,1,17,1228.96,0.04,1995-05-27,N
4307,211,2,32,3315.93,0.07,1992-11-09,A
4308,490,1,27,5839.92,0.06,1995-09-06,N
4308,704,2,45,6205.95,0.0,1993-06-21,R
4309,735,1,17,598.08,0.1,1993-02-04,A
4309,616,2,26,3624.18,0.08,1994-05-04,R
4309,790,3,32,6005.39,0.0,1995-02-14,N
4310,601,1,45,357.22,0.08,1992-05-14,N
4311,552,1,25,1739.35,0.01,1995-05-08,N
4311,275,2,31,7088.03,0.08,1995-09-06,A
4312,99,1,40,771.46,0.08,1997-02-10,A
4312,547,2,8,812.15,0.09,1993-02-10,A
4313,323,1,36,110.21,0.1,1998-09-25,N
4314,264,1,46,6391.51,0.07,1994-01-27,N
4315,87,1,46,7469.99,0.02,1993-05-21,R
4315,404,2,21,190.9,0.01,1994-09-02,A
4316,71,1,42,8009.22,0.08,1994-07-01,N
4316,416,2,46,4567.3,0.01,1995-09-17,N
4316,291,3,49,9375.31,0.02,1998-03-06,A
4316,702,4,23,9618.46,0.03,1996-09-16,A
4316,13,5,31,5652.59,0.07,1998-08-13,R
4317,694,1,48,3847.72,0.1,1996-12-10,A
4317,140,2,5,7290.28,0.06,1995-01-09,N
4318,779,1,43,4980.99,0.06,1997-09-22,A
4319,655,1,15,6423.7,0.02,1995-12-14,N
4319,771,2,5,9700.62,0.0,1994-05-23,R
4320,135,1,2,9121.1,0.05,1995-04-18,R
4320,152,2,48,2853.42,0.05,1998-03-24,A
4321,152,1,47,2032.94,0.0,1997-11-21,N
4321,216,2,13,4725.92,0.01,1997-12-15,R
4321,288,3,48,6859.18,0.05,1995-02-26,A
4321,345,4,44,4264.07,0.09,1992-07-04,A
4322,494,1,4,2277.93,0.09,1994-06-02,N
4322,662,2,25,2748.71,0.03,1992-12-05,R
4322,550,3,4,2649.34,0.05,1997-03-14,A
4323,705,1,12,4531.76,0.06,1993-02-11,N
4323,227,2,2,3915.47,0.06,1995-04-02,R
4324,533,1,33,5023.32,0.1,1995-05-10,N
4324,337,2,18,3030.58,0.02,1995-05-12,R
4324,65,3,19,4658.7,0.1,1992-06-02,A
4325,157,1,9,2449.89,0.06,1997-05-25,N
4326,376,1,36,6484.27,0.05,1995-02-10,A
4326,406,2,21,5473.73,0.07,1998-01-20,A
4327,56,1,35,5244.98,0.03,1992-09-15,A
4327,759,2,21,1784.58,0.0,1997-04-12,A
4328,206,1,39,3647.03,0.1,1996-03-17,R
4329,450,1,22,4500.26,0.06,1994-10-27,A
4330,136,1,15,7978.33,0.01,1996-07-01,A
4330,87,2,1,7887.5,0.05,1992-04-10,A
4331,695,1,20,8159.68,0.05,1994-11-16,A
4331,56,2,21,5498.85,0.07,1996-12-14,A
4332,366,1,1,1794.17,0.0,1996-06-11,N
4332,291,2,1,5207.82,0.05,1995-10-05,N
4332,153,3,32,6782.51,0.03,1994-11-08,R
4333,72,1,41,2017.58,0.07,1992-03-21,A
4333,436,2,46,173.7,0.06,1993-11-16,A
4333,467,3,25,5721.7,0.09,1998-06-08,N
4334,393,1,12,7584.48,0.04,1996-05-05,N
4335,788,1,5,9126.15,0.09,1992-05-09,A
4336,598,1,49,2239.44,0.01,1994-04-18,A
4337,648,1,8,1091.6,0.02,1995-10-18,A
4337,594,2,37,3214.34,0.02,1995-08-15,R
4338,502,1,17,1403.22,0.07,1997-01-17,R
4338,608,2,35,1396.53,0.02,1992-12-08,N
4338,457,3,49,2440.8,0.07,1996-09-22,A
4338,46,4,38,175.44,0.08,1995-08-23,R
4339,437,1,33,4213.51,0.07,1996-11-03,N
4340,427,1,48,9909.38,0.05,1995-11-27,N
4340,116,2,23,6326.5,0.02,1994-01-26,A
4340,578,3,25,7701.23,0.03,1998-02-26,A
4340,205,4,40,276.1,0.1,1993-01-04,N
4341,764,1,35,9510.8,0.05,1996-12-24,N
4342,184,1,15,8859.5,0.07,1992-02-20,A
4342,270,2,36,1010.65,0.01,1996-04-19,N
4342,132,3,18,9352.43,0.01,1994-01-13,N
4342,685,4,13,1710.05,0.07,1996-05-25,A
4343,446,1,36,6943.83,0.06,1998-10-27,R
4343,274,2,26,9342.69,0.03,1997-10-05,R
4344,620,1,40,5706.04,0.07,1993-08-27,N
4345,397,1,42,313.98,0.04,1994-12-18,N
4345,477,2,26,9639.88,0.04,1994-03-07,A
4345,641,3,48,394.82,0.06,1992-05-08,A
4346,372,1,9,8922.74,0.03,1992-06-07,A
4346,629,2,15,842.16,0.02,1993-04-21,R
4347,130,1,15,1546.96,0.04,1998-11-05,R
4347,535,2,21,6311.52,0.07,1993-05-10,R
4348,502,1,3,7817.5,0.1,1996-05-28,R
4349,724,1,1,4349.02,0.01,1997-06-20,R
4349,116,2,4,9446.13,0.09,1997-05-12,N
4350,413,1,37,7335.29,0.05,1996-10-10,A
4350,706,2,21,1126.11,0.1,1994-06-07,A
4350,798,3,43,9759.27,0.01,1995-10-02,R
4351,131,1,13,7767.24,0.0,1992-01-08,N
4352,289,1,21,5159.58,0.09,1994-09-21,R
4352,105,2,26,9287.7,0.03,1993-04-11,N
4353,215,1,49,1052.47,0.01,1994-12-03,A
4354,649,1,23,561.22,0.06,1998-12-08,A
4354,114,2,30,7733.76,0.01,1996-09-09,A
4355,88,1,40,1127.95,0.03,1995-04-15,R
4355,552,2,43,2389.06,0.06,1996-09-13,N
4355,10,3,14,8952.25,0.03,1997-12-07,R
4355,303,4,28,7866.96,0.07,1995-08-20,A
4355,622,5,49,8836.56,0.04,1993-12-18,N
4356,73,1,11,4003.44,0.1,1994-08-27,N
4357,122,1,49,1312.64,0.0,1995-01-09,R
4357,149,2,19,1014.29,0.02,1996-04-25,A
4357,75,3,17,4552.85,0.09,1996-05-07,R
4357,257,4,6,5034.54,0.05,1996-03-12,A
4358,414,1,50,5421.42,0.08,1998-12-27,N
4358,130,2,16,6303.62,0.09,1992-11-03,A
4359,233,1,45,5900.28,0.03,1996-09-20,A
4359,751,2,31,9514.16,0.03,1997-07-02,A
4360,426,1,21,1391.34,0.08,1994-04-17,A
4360,551,2,34,294.09,0.08,1993-03-05,N
4361,250,1,8,2007.48,0.02,1998-03-06,A
4361,397,2,21,268.28,0.08,1995-11-13,R
4362,770,1,17,9715.01,0.1,1994-05-25,R
4362,338,2,20,9776.14,0.05,1997-07-03,N
4362,387,3,7,2721.26,0.07,1996-01-03,A
4363,377,1,40,6106.9,0.1,1998-07-20,R
4364,446,1,3,9967.97,0.01,1998-07-19,A
4365,419,1,1,5497.84,0.04,1996-10-10,N
4365,1,2,44,5761.59,0.03,1996-08-02,N
4366,119,1,41,2387.53,0.06,1993-08-18,R
4367,268,1,16,4032.82,0.02,1998-02-04,N
4367,421,2,20,4502.8,0.03,1996-04-04,R
4368,625,1,22,9725.02,0.04,1992-09-26,R
4368,492,2,6,131.6,0.02,1994-12-24,N
4369,336,1,30,7710.35,0.02,1997-09-02,A
4369,308,2,18,1124.98,0.09,1997-03-19,N
4370,197,1,13,3466.21,0.03,1993-10-01,N
4370,783,2,43,3349.23,0.01,1992-04-20,N
4370,697,3,2,3233.22,0.04,1994-05-18,R
4371,139,1,5,497.94,0.03,1992-07-05,R
4372,708,1,8,9092.22,0.04,1994-07-17,A
4373,157,1,46,8998.03,0.02,1994-12-03,N
4373,407,2,4,8253.88,0.06,1996-04-20,A
4374,491,1,46,2322.54,0.06,1996-02-15,N
4375,136,1,15,190.56,0.05,1998-10-13,A
4376,570,1,39,3183.44,0.09,1993-09-15,R
4377,589,1,42,2754.47,0.08,1995-07-12,N
4377,342,2,26,6923.68,0.05,1997-03-22,R
4378,90,1,8,7224.74,0.04,1996-09-27,A
4378,555,2,36,4656.85,0.03,1993-02-27,A
4379,491,1,21,7075.02,0.09,1993-04-18,A
4380,740,1,8,2308.49,0.04,1993-09-15,R
4380,214,2,5,8416.87,0.09,1994-01-14,R
4380,508,3,39,1096.0,0.03,1998-06-22,N
4381,417,1,3,7873.24,0.1,1994-01-07,R
4381,79,2,2,4336.8,0.07,1998-06-19,R
4381,558,3,48,630.06,0.03,1993-06-23,N
4382,749,1,21,9551.84,0.04,1996-04-22,R
4382,457,2,34,2178.44,0.04,1993-11-07,A
4383,685,1,40,8382.51,0.1,1995-02-07,R
4383,517,2,22,6786.54,0.01,1998-04-06,R
4383,46,3,44,9348.28,0.02,1993-07-26,R
4383,195,4,14,9481.33,0.05,1998-07-27,N
4384,428,1,47,8805.48,0.07,1995-11-11,N
4384,387,2,18,9454.91,0.04,1995-01-04,N
4385,351,1,39,8818.42,0.05,1997-07-01,N
4385,107,2,50,2658.54,0.09,1995-06-27,N
4385,589,3,26,5389.39,0.03,1992-02-26,A
4385,196,4,9,7933.3,0.09,1997-07-22,R
4386,167,1,46,3581.28,0.06,1995-01-01,A
4387,287,1,3,1227.1,0.1,1996-05-25,N
4388,83,1,11,443.11,0.03,1997-04-18,N
4388,35,2,2,5311.74,0.06,1994-12-15,A
4388,706,3,9,8813.88,0.02,1997-10-08,N
4388,356,4,13,9057.26,0.06,1997-10-06,N
4389,165,1,27,455.72,0.0,1997-08-09,R
4389,35,2,23,8472.17,0.0,1992-04-11,R
4389,557,3,18,5343.97,0.09,1997-02-09,A
4390,22,1,46,4035.8,0.06,1992-01-26,A
4390,272,2,48,5680.63,0.07,1996-04-15,R
4391,444,1,36,9446.91,0.07,1996-09-07,A
4391,635,2,10,1997.86,0.02,1995-09-02,N
4392,739,1,46,6330.08,0.1,1992-09-09,N
4393,30,1,24,4739.96,0.09,1997-05-19,A
4393,456,2,4,6847.02,0.1,1997-08-19,A
4394,319,1,12,3993.32,0.09,1992-09-23,A
4394,9,2,22,7565.3,0.01,1996-08-12,R
4395,205,1,36,4035.33,0.01,1998-11-16,N
4396,439,1,36,6553.93,0.01,1998-10-19,R
4396,193,2,40,4754.41,0.03,1997-03-18,N
4397,653,1,46,6201.47,0.06,1992-06-15,A
4397,534,2,40,4488.08,0.04,1996-05-13,R
4397,797,3,47,9742.88,0.1,1997-06-14,A
4398,503,1,34,3122.24,0.05,1998-04-24,A
4399,241,1,12,194.06,0.03,1996-11-10,N
4399,328,2,32,8499.73,0.08,1998-04-20,A
4399,550,3,31,3031.9,0.02,1992-10-27,R
4400,65,1,31,7995.79,0.04,1997-08-09,A
4401,115,1,14,4325.96,0.05,1998-02-24,N
4402,626,1,12,1334.97,0.0,1993-01-01,N
4402,580,2,17,758.25,0.06,1997-11-04,R
4402,429,3,21,6873.65,0.01,1995-06-02,N
4402,320,4,20,8589.4,0.09,1995-03-05,A
4403,635,1,25,6118.75,0.07,1996-01-04,A
4403,499,2,30,8991.54,0.0,1995-02-01,N
4404,302,1,42,2435.6,0.01,1997-02-22,A
4405,166,1,26,7511.5,0.1,1996-05-07,N
4406,479,1,47,7036.42,0.08,1994-12-23,R
4406,440,2,41,3390.17,0.04,1993-04-17,A
4407,253,1,30,3306.81,0.05,1993-02-21,R
4407,77,2,27,1617.11,0.1,1997-08-25,R
4408,282,1,9,7201.68,0.09,1998-06-14,N
4408,712,2,25,2913.5,0.05,1997-09-18,N
4408,408,3,50,397.37,0.08,1995-10-16,A
4409,524,1,38,6943.22,0.02,1997-08-15,N
4410,197,1,41,2514.36,0.0,1998-06-03,N
4411,409,1,11,2241.31,0.02,1992-06-08,R
4411,412,2,32,330.95,0.04,1992-10-23,A
4412,262,1,34,5278.85,0.03,1997-07-19,A
4412,607,2,1,7240.74,0.0,1996-07-07,N
4413,289,1,10,1702.64,0.03,1992-04-01,R
4413,606,2,44,5020.54,0.06,1997-11-13,N
4414,548,1,23,2946.6,0.05,1995-02-03,N
4414,302,2,21,7047.88,0.06,1996-09-13,N
4415,512,1,37,1991.62,0.06,1992-12-01,N
4416,270,1,14,9982.31,0.07,1997-05-01,A
4416,109,2,37,3134.13,0.03,1992-12-26,A
4416,790,3,33,7435.43,0.01,1995-02-02,A
4417,289,1,21,5584.17,0.03,1996-08-10,A
4417,250,2,48,1636.97,0.1,1992-04-24,R
4417,332,3,34,699.33,0.09,1998-01-09,R
4418,465,1,3,7985.16,0.03,1997-03-20,R
4418,717,2,26,9856.61,0.08,1992-02-20,R
4418,659,3,17,2160.86,0.01,1997-05-22,A
4419,117,1,17,6326.03,0.06,1993-10-18,N
4419,593,2,35,6230.2,0.09,1995-05-10,R
4420,306,1,11,7823.4,0.0,1994-11-20,R
4421,717,1,32,8022.16,0.05,1994-05-19,A
4421,610,2,23,3710.14,0.05,1994-03-28,R
4421,361,3,17,1297.33,0.0,1998-06-25,N
4421,441,4,43,3619.16,0.01,1998-01-18,R
4422,560,1,29,1972.37,0.01,1995-01-17,A
4423,431,1,16,7337.22,0.02,1993-02-01,N
4423,53,2,2,5689.44,0.02,1992-10-17,N
4423,213,3,41,5443.19,0.04,1995-03-05,N
4424,171,1,34,3401.64,0.01,1995-04-01,N
4424,88,2,2,196.36,0.04,1993-07-10,N
4425,279,1,9,781.86,0.04,1994-07-11,R
4426,309,1,41,5856.54,0.07,1994-04-13,A
4426,714,2,44,5643.57,0.02,1995-09-27,N
4427,125,1,37,6347.19,0.0,1998-02-26,N
4427,269,2,6,3592.83,0.06,1994-04-07,N
4427,699,3,10,4246.03,0.05,1992-03-17,A
4428,541,1,46,370.68,0.04,1998-05-18,R
4428,46,2,43,3273.4,0.04,1997-08-13,N
4429,387,1,41,1836.28,0.06,1996-07-23,A
4430,680,1,48,9441.19,0.05,1996-12-01,A
4431,670,1,27,2245.51,0.01,1998-10-16,R
4431,13,2,21,3398.94,0.08,1994-03-10,A
4432,460,1,14,6137.31,0.02,1994-03-23,A
4432,417,2,17,865.26,0.05,1996-07-28,R
4433,516,1,18,3896.14,0.01,1994-08-05,R
4434,702,1,36,6762.68,0.0,1994-07-12,A
4435,570,1,26,2442.2,0.06,1998-07-09,A
4436,599,1,23,6938.72,0.02,1997-06-11,N
4436,718,2,27,775.79,0.06,1997-05-25,R
4436,111,3,11,6883.55,0.09,1995-10-03,N
4437,750,1,24,8336.97,0.03,1996-05-26,R
4437,64,2,29,8438.13,0.07,1998-09-01,R
4438,534,1,4,3218.53,0.08,1992-12-27,N
4439,53,1,35,2450.2,0.07,1992-10-27,R
4439,320,2,15,6593.43,0.05,1995-06-02,A
4440,676,1,13,8523.72,0.02,1992-06-07,N
4441,601,1,36,5243.88,0.07,1995-05-20,R
4441,766,2,14,2781.54,0.03,1995-03-03,R
4441,294,3,38,854.51,0.07,1997-04-28,N
4442,554,1,43,4541.2,0.06,1993-10-03,R
4442,253,2,36,3533.3,0.05,1998-04-17,R
4442,770,3,39,6163.82,0.06,1995-01-18,R
4443,420,1,37,1023.34,0.0,1992-02-26,R
4444,772,1,5,5666.77,0.06,1994-06-09,A
4444,622,2,11,5032.97,0.07,1994-07-05,A
4444,522,3,44,2053.78,0.04,1992-10-16,A
4444,213,4,22,4397.84,0.06,1994-01-21,N
4445,671,1,46,580.69,0.0,1994-03-26,R
4445,2,2,3,5361.43,0.03,1992-05-17,N
4446,93,1,19,5409.49,0.02,1993-01-03,R
4446,298,2,43,8221.02,0.02,1996-11-02,R
4447,684,1,50,2893.41,0.06,1997-06-10,A
4447,207,2,12,5534.43,0.05,1994-12-05,R
4447,616,3,9,6438.78,0.07,1994-11-02,N
4448,688,1,31,9849.24,0.01,1993-04-08,R
4449,311,1,48,244.54,0.01,1996-04-23,N
4450,89,1,28,1263.03,0.0,1995-03-03,A
4450,394,2,6,5624.56,0.02,1997-10-04,R
4450,53,3,33,6444.45,0.03,1994-12-03,R
4450,745,4,16,5081.23,0.08,1992-10-20,A
4451,461,1,50,929.61,0.03,1992-10-19,A
4452,685,1,23,5159.66,0.01,1993-05-19,R
4452,751,2,28,8239.15,0.02,1998-08-15,N
4452,715,3,37,6849.66,0.01,1996-01-27,R
4453,670,1,17,3395.29,0.01,1995-04-08,R
4454,288,1,28,8789.44,0.1,1996-06-21,N
4455,366,1,29,412.56,0.02,1992-01-12,N
4455,221,2,19,8283.37,0.03,1992-10-10,A
4455,604,3,33,3870.05,0.06,1997-01-06,N
4456,510,1,21,7485.91,0.07,1997-04-06,A
4456,656,2,22,8338.25,0.06,1997-09-22,R
4456,728,3,2,9655.43,0.09,1994-12-09,R
4457,556,1,19,838.42,0.08,1994-06-14,R
4457,641,2,15,9214.18,0.01,1992-01-21,N
4457,56,3,38,5940.53,0.01,1998-01-21,A
4458,205,1,17,3601.87,0.01,1992-09-09,N
4458,41,2,10,6132.21,0.09,1998-10-02,A
4459,308,1,2,9905.63,0.07,1998-03-16,A
4459,267,2,42,9388.32,0.07,1993-06-22,R
4459,342,3,18,3875.13,0.09,1993-09-06,A
4460,460,1,4,408.48,0.05,1992-06-05,R
4461,144,1,9,9996.91,0.03,1997-12-20,R
4462,796,1,49,9103.98,0.1,1994-08-11,N
4462,235,2,25,5859.84,0.06,1996-05-06,R
4463,695,1,25,4905.65,0.06,1998-03-04,N
4463,508,2,40,280.84,0.07,1998-08-08,A
4464,1,1,47,4409.1,0.08,1998-11-16,N
4464,636,2,29,3687.63,0.0,1992-08-17,N
4465,309,1,47,8071.34,0.08,1992-09-26,A
4465,725,2,35,8010.65,0.08,1993-01-28,R
4466,599,1,47,5049.45,0.06,1993-12-25,N
4466,577,2,9,1426.57,0.08,1993-01-26,N
4467,11,1,16,1518.56,0.03,1996-03-08,R
4467,319,2,17,3017.59,0.09,1997-10-25,A
4467,290,3,29,1761.68,0.08,1996-11-02,N
4468,518,1,36,7467.2,0.1,1998-07-26,R
4469,514,1,30,8307.3,0.04,1996-04-18,A
4469,238,2,34,7564.45,0.05,1992-04-14,A
4470,619,1,1,9702.72,0.04,1998-08-01,A
4471,146,1,21,9057.4,0.1,1998-05-03,R
4472,95,1,34,7821.95,0.07,1992-12-15,A
4472,419,2,20,4085.7,0.01,1996-02-21,R
4473,117,1,30,9057.62,0.0,1992-10-07,N
4473,209,2,16,109.62,0.02,1996-02-26,A
4474,66,1,29,9547.17,0.06,1992-02-06,N
4474,702,2,18,5304.57,0.0,1993-10-13,R
4474,58,3,31,2256.64,0.04,1994-07-07,A
4475,237,1,29,7798.59,0.09,1998-07-18,R
4475,119,2,21,325.8,0.08,1997-10-06,R
4476,300,1,19,5638.86,0.04,1995-04-28,R
4476,51,2,9,9142.33,0.02,1993-07-01,R
4476,573,3,10,4655.74,0.01,1992-05-18,R
4477,362,1,48,8452.69,0.06,1992-12-04,N
4478,618,1,44,806.97,0.06,1996-12-18,A
4478,430,2,4,4072.58,0.0,1996-06-05,N
4479,563,1,30,557.09,0.01,1994-04-18,A
4479,232,2,9,538.26,0.1,1998-08-16,A
4480,38,1,17,1499.95,0.03,1994-07-26,A
4481,348,1,29,3057.47,0.01,1997-08-02,R
4481,759,2,5,8278.81,0.09,1992-02-07,R
4481,169,3,40,6193.82,0.09,1994-04-07,R
4482,358,1,21,9066.92,0.09,1993-09-17,A
4482,156,2,43,3202.31,0.01,1998-07-22,R
4482,78,3,34,7532.07,0.03,1998-04-07,A
4483,320,1,47,5524.09,0.08,1995-11-07,A
4483,110,2,47,8399.42,0.01,1992-06-01,A
4484,179,1,14,6952.17,0.03,1995-02-02,A
4485,158,1,22,2711.4,0.0,1993-11-18,N
4485,3,2,22,3998.18,0.1,1992-06-25,N
4486,258,1,13,8507.85,0.09,1995-06-14,R
4487,115,1,46,8757.49,0.03,1993-05-06,A
4488,100,1,43,3352.88,0.05,1992-07-10,N
4489,25,1,24,3811.56,0.03,1996-04-16,R
4489,3,2,15,7034.39,0.02,1996-06-25,A
4490,741,1,33,8100.26,0.01,1993-03-21,N
4490,124,2,13,4036.64,0.0,1994-12-28,N
4491,701,1,2,2847.37,0.06,1995-07-16,R
4492,726,1,9,1381.05,0.06,1995-08-08,R
4492,759,2,44,4732.99,0.06,1993-12-23,A
4492,1,3,49,8882.22,0.09,1995-03-23,N
4492,513,4,16,3562.87,0.08,1995-06-12,R
4493,13,1,9,5132.63,0.09,1997-01-16,R
4494,525,1,9,6012.24,0.0,1997-07-12,A
4494,72,2,43,1633.04,0.1,1993-02-17,N
4494,405,3,16,3483.3,0.08,1992-04-09,N
4495,627,1,29,9513.53,0.01,1997-01-22,A
4496,771,1,28,2665.39,0.02,1996-03-20,R
4497,21,1,15,9066.31,0.04,1992-01-12,N
4497,356,2,28,5790.32,0.02,1992-03-24,A
4498,501,1,5,1684.63,0.02,1995-08-16,R
4498,692,2,47,2153.91,0.02,1995-10-25,N
4499,283,1,15,8912.64,0.09,1992-09-05,R
4500,661,1,40,7927.57,0.09,1993-12-10,A
4501,240,1,45,3875.74,0.01,1997-04-12,R
4502,142,1,34,5856.18,0.05,1998-03-24,R
4502,544,2,32,8922.04,0.04,1992-07-08,R
4503,329,1,21,4307.56,0.02,1995-04-08,R
4503,170,2,36,317.4,0.1,1996-01-27,A
4503,602,3,35,4944.69,0.08,1998-10-11,R
4504,562,1,35,7968.06,0.02,1997-06-22,A
4505,16,1,48,2532.4,0.02,1992-08-14,N
4505,24,2,17,9217.32,0.0,1994-01-25,A
4505,146,3,17,7241.46,0.01,1993-08-12,N
4505,344,4,40,5236.18,0.04,1998-12-16,A
4506,599,1,26,8517.46,0.1,1997-04-16,R
4507,491,1,28,6301.35,0.06,1998-02-18,N
4508,151,1,16,9906.45,0.02,1996-04-07,R
4508,48,2,1,570.99,0.03,1997-07-11,N
4509,274,1,8,1628.6,0.04,1994-02-23,A
4509,455,2,49,9201.01,0.03,1997-01-08,R
4510,333,1,9,9504.47,0.06,1996-06-15,R
4510,123,2,48,2240.4,0.05,1996-07-09,A
4511,757,1,41,281.97,0.01,1993-01-10,N
4511,662,2,1,8979.13,0.02,1994-06-02,A
4512,303,1,27,9311.77,0.07,1996-12-11,N
4512,76,2,34,4167.69,0.04,1996-08-25,R
4513,168,1,36,1958.04,0.02,1995-06-01,N
4513,303,2,4,439.72,0.03,1995-10-12,A
4513,734,3,30,4078.29,0.02,1995-09-08,N
4514,598,1,18,9915.65,0.08,1996-09-06,N
4515,83,1,42,1964.38,0.07,1994-04-13,R
4515,573,2,50,5736.13,0.03,1993-05-24,R
4516,362,1,5,164.75,0.02,1997-05-22,A
4516,528,2,8,111.64,0.1,1998-03-02,N
4516,410,3,20,4742.93,0.04,1997-01-27,N
4517,212,1,39,1028.52,0.02,1998-11-07,R
4518,241,1,49,9806.56,0.04,1993-10-09,N
4518,466,2,8,8642.96,0.03,1993-05-28,A
4519,121,1,15,6385.01,0.06,1994-07-25,R
4519,655,2,33,1137.58,0.02,1994-05-03,A
4519,189,3,20,3016.54,0.07,1992-04-11,N
4520,693,1,31,433.12,0.04,1996-04-27,R
4520,662,2,46,5980.92,0.1,1994-03-17,N
4520,131,3,1,7386.92,0.07,1997-03-13,R
4521,399,1,10,7732.95,0.01,1994-10-13,A
4522,546,1,30,7458.75,0.01,1994-11-25,A
4523,118,1,24,2486.98,0.09,1997-07-07,R
4524,261,1,18,1327.48,0.03,1996-05-01,A
4524,716,2,5,8525.67,0.02,1993-10-27,A
4524,229,3,1,4203.0,0.01,1997-12-24,R
4524,486,4,20,9941.4,0.09,1998-02-28,R
4525,482,1,4,5486.25,0.0,1998-09-08,N
4525,610,2,31,5236.62,0.07,1994-05-10,N
4526,704,1,1,8430.46,0.07,1997-03-17,N
4527,409,1,9,7625.25,0.06,1994-02-22,A
4528,780,1,35,1065.33,0.07,1995-02-07,N
4528,780,2,29,4357.86,0.03,1992-04-03,R
4528,267,3,40,4679.49,0.05,1993-10-05,N
4529,315,1,22,4763.97,0.0,1996-05-07,R
4529,356,2,2,1401.33,0.05,1996-01-08,R
4530,301,1,27,7450.09,0.03,1994-02-25,A
4530,787,2,38,9203.27,0.02,1993-09-18,N
4531,563,1,3,698.23,0.01,1994-12-22,A
4531,491,2,10,2800.27,0.0,1992-08-10,A
4532,189,1,20,1894.94,0.03,1993-03-06,R
4532,77,2,29,7203.08,0.01,1993-01-25,R
4532,517,3,31,6038.37,0.07,1998-04-25,N
4532,421,4,38,1618.96,0.06,1993-11-22,A
4533,85,1,45,4078.94,0.09,1995-12-27,N
4533,84,2,31,7435.95,0.02,1997-07-17,A
4534,728,1,35,7708.71,0.1,1997-07-10,A
4534,537,2,46,2963.27,0.1,1998-11-13,N
4534,560,3,40,9880.14,0.03,1994-10-06,A
4534,744,4,48,1411.81,0.04,1992-10-22,R
4535,359,1,34,5501.37,0.1,1995-05-13,A
4535,413,2,15,8557.04,0.01,1994-08-24,A
4536,736,1,5,8874.25,0.1,1998-02-22,R
4536,98,2,17,1004.07,0.08,1997-12-22,R
4537,108,1,36,4528.59,0.06,1994-03-10,R
4537,739,2,16,6612.48,0.0,1995-12-08,N
4538,2,1,31,4559.7,0.01,1996-04-02,R
4538,165,2,29,4478.24,0.0,1993-08-26,A
4539,508,1,4,8413.8,0.04,1994-06-27,R
4540,49,1,27,166.48,0.07,1995-02-27,N
4540,304,2,22,7912.37,0.02,1998-01-28,R
4541,180,1,21,8723.81,0.03,1994-02-18,N
4542,352,1,15,7096.23,0.05,1994-09-22,R
4542,772,2,9,7985.52,0.05,1995-09-16,R
4542,366,3,25,1384.83,0.05,1993-04-08,R
4543,717,1,46,5587.83,0.01,1997-09-16,R
4543,334,2,1,7033.04,0.07,1994-03-14,R
4544,432,1,33,5333.54,0.09,1995-02-26,A
4544,575,2,15,8375.03,0.05,1998-10-14,A
4545,182,1,2,6358.16,0.03,1993-01-07,N
4545,791,2,25,3686.97,0.05,1992-11-08,R
4546,542,1,41,1022.83,0.1,1997-02-07,A
4546,345,2,42,4983.42,0.04,1998-03-19,R
4547,42,1,23,9214.88,0.06,1993-08-05,N
4547,358,2,6,6033.42,0.0,1993-05-09,A
4547,69,3,23,6518.03,0.0,1996-09-24,R
4548,626,1,28,1987.29,0.0,1994-08-03,R
4549,198,1,22,8447.2,0.0,1996-02-15,N
4550,626,1,26,7722.81,0.09,1996-02-19,N
4551,721,1,28,6411.7,0.1,1996-11-25,R
4551,729,2,11,6782.18,0.08,1994-08-12,A
4551,98,3,6,5906.43,0.07,1994-07-02,A
4552,771,1,13,8847.8,0.08,1998-05-16,A
4553,273,1,12,7552.61,0.07,1994-02-17,R
4554,500,1,38,7328.96,0.1,1992-11-13,A
4555,151,1,25,8711.84,0.01,1997-09-23,R
4555,565,2,43,2290.63,0.04,1996-02-02,N
4556,640,1,21,6476.84,0.05,1998-08-01,N
4556,88,2,13,7410.32,0.07,1998-05-11,N
4557,143,1,4,7835.81,0.02,1993-06-12,R
4557,786,2,38,1772.92,0.08,1995-03-11,A
4557,288,3,50,6150.06,0.09,1997-09-17,A
4558,677,1,43,9956.2,0.02,1996-06-13,A
4559,187,1,7,9859.22,0.01,1994-03-14,A
4559,374,2,13,3963.15,0.09,1993-09-15,A
4560,629,1,38,1019.35,0.1,1996-07-21,R
4560,19,2,14,717.82,0.0,1992-05-27,R
4561,741,1,50,946.26,0.01,1997-02-02,R
4561,73,2,20,9626.5,0.1,1997-03-23,A
4561,757,3,1,2344.5,0.02,1998-06-20,A
4562,56,1,32,3259.0,0.0,1997-10-18,R
4562,710,2,22,5132.32,0.01,1995-04-17,A
4563,594,1,34,8944.03,0.04,1998-02-13,N
4563,125,2,48,3541.76,0.06,1995-05-07,N
4563,324,3,38,3684.19,0.06,1992-01-05,R
4564,498,1,44,5792.85,0.0,1992-03-13,N
4564,182,2,26,7826.92,0.09,1998-05-13,A
4565,477,1,13,1356.73,0.07,1998-10-28,A
4565,203,2,22,1295.36,0.06,1995-03-24,A
4566,156,1,48,9343.84,0.01,1995-08-26,N
4567,766,1,50,7281.95,0.04,1997-03-15,N
4567,85,2,15,1311.0,0.01,1998-09-24,R
4568,71,1,31,2967.75,0.06,1995-10-14,A
4568,51,2,31,8048.7,0.06,1994-04-05,N
4568,457,3,3,5092.14,0.08,1993-08-09,A
4569,71,1,5,5707.44,0.04,1993-10-25,N
4569,159,2,37,2606.95,0.1,1992-06-23,A
4569,140,3,42,1011.67,0.03,1995-02-23,R
4570,374,1,47,1019.92,0.07,1998-02-21,A
4571,446,1,31,6468.92,0.01,1997-10-01,R
4572,208,1,19,5256.65,0.06,1998-05-24,R
4573,107,1,11,5327.87,0.09,1992-08-28,A
4573,210,2,1,7696.99,0.0,1998-03-04,A
4573,592,3,44,2286.72,0.09,1993-04-07,A
4574,15,1,41,8430.92,0.03,1998-10-07,A
4575,374,1,14,7349.63,0.07,1996-09-21,R
4576,593,1,46,6003.51,0.1,1995-02-20,N
4576,303,2,9,1155.53,0.05,1996-04-07,N
4576,214,3,28,7139.46,0.0,1998-11-21,N
4576,365,4,19,768.27,0.08,1992-10-03,R
4576,704,5,12,7095.26,0.01,1994-10-23,A
4577,143,1,39,8648.76,0.04,1996-05-10,N
4577,493,2,50,158.02,0.03,1995-11-18,N
4577,401,3,21,3760.98,0.08,1993-06-08,N
4578,435,1,42,7494.53,0.08,1994-12-15,A
4579,736,1,34,6334.41,0.04,1992-06-01,R
4579,787,2,22,7987.16,0.01,1997-07-14,A
4580,493,1,6,2214.53,0.03,1994-09-04,N
4580,656,2,30,5689.88,0.02,1997-12-14,R
4581,662,1,47,9580.4,0.09,1996-11-22,R
4581,788,2,32,5262.48,0.05,1996-09-14,R
4582,211,1,7,7671.98,0.0,1997-08-11,N
4583,357,1,28,1981.06,0.05,1995-05-09,R
4583,561,2,28,3212.11,0.02,1998-09-19,N
4584,157,1,8,9696.32,0.03,1997-09-03,N
4585,405,1,24,4326.28,0.01,1994-02-19,N
4586,132,1,20,6723.97,0.08,1995-09-03,R
4587,102,1,45,1721.26,0.0,1995-05-06,N
4587,99,2,42,5475.8,0.1,1998-05-25,A
4588,667,1,42,2776.74,0.01,1997-08-05,A
4588,577,2,16,9339.63,0.01,1994-12-09,A
4589,751,1,26,2825.25,0.09,1994-02-07,N
4589,770,2,24,8049.61,0.05,1993-03-17,R
4589,681,3,5,6209.18,0.09,1994-02-16,N
4590,262,1,39,8935.76,0.09,1994-07-17,A
4591,366,1,26,5790.69,0.07,1995-05-25,N
4592,647,1,18,8300.0,0.01,1996-12-03,N
4593,767,1,32,9870.15,0.04,1993-10-28,A
4593,407,2,34,7310.06,0.02,1997-10-23,R
4593,651,3,9,8679.12,0.06,1993-05-25,R
4594,362,1,19,7785.26,0.1,1997-07-27,A
4594,622,2,21,8046.81,0.02,1998-02-13,N
4595,203,1,24,7981.81,0.02,1993-12-01,N
4596,319,1,23,2000.01,0.05,1994-08-05,A
4597,618,1,39,5975.74,0.06,1994-08-09,N
4598,396,1,10,5676.2,0.04,1995-05-12,R
4599,771,1,19,4832.0,0.04,1994-02-16,R
4599,247,2,15,4270.45,0.05,1996-09-13,N
4600,223,1,39,2750.7,0.04,1992-12-08,A
4601,374,1,48,4675.08,0.06,1995-10-01,N
4602,178,1,15,2614.23,0.08,1995-08-10,R
4602,265,2,31,8308.35,0.07,1993-12-07,N
4603,409,1,41,5778.85,0.09,1994-11-04,N
4603,419,2,5,4196.79,0.03,1992-04-08,R
4603,650,3,20,4669.53,0.07,1992-03-19,N
4604,97,1,37,6389.66,0.07,1995-01-28,N
4604,504,2,21,8472.18,0.08,1995-10-28,A
4605,245,1,23,8470.97,0.08,1994-12-18,N
4606,14,1,7,9069.91,0.04,1992-07-12,N
4606,401,2,6,7690.87,0.03,1995-05-23,N
4607,268,1,32,2984.17,0.02,1997-04-02,A
4607,125,2,12,9604.26,0.1,1997-05-04,R
4607,442,3,39,4062.11,0.07,1997-01-19,R
4608,47,1,37,3952.03,0.1,1995-12-03,R
4608,709,2,35,6821.27,0.1,1995-12-12,R
4609,444,1,46,4540.87,0.01,1996-02-07,A
4610,264,1,29,4868.03,0.0,1992-03-02,R
4610,122,2,5,8126.77,0.08,1996-03-22,A
4611,70,1,15,3716.66,0.03,1996-01-24,R
4611,681,2,3,4928.33,0.01,1995-04-28,N
4611,682,3,5,2383.09,0.07,1998-08-04,N
4611,321,4,34,7328.3,0.07,1997-02-12,A
4612,616,1,2,2875.5,0.01,1992-06-25,R
4612,466,2,8,4713.12,0.02,1995-09-01,N
4613,331,1,30,5646.23,0.1,1992-07-04,R
4613,343,2,24,9710.37,0.04,1992-03-23,R
4613,167,3,38,2834.15,0.03,1992-01-13,N
4614,224,1,43,4644.24,0.06,1994-08-22,R
4615,50,1,36,8616.12,0.08,1995-01-05,R
4615,295,2,44,1971.31,0.08,1996-02-20,R
4615,387,3,22,2105.23,0.05,1998-10-18,N
4615,299,4,23,8185.84,0.09,1993-01-21,R
4616,213,1,7,3617.4,0.02,1997-12-09,N
4617,196,1,6,8412.23,0.05,1998-11-05,R
4617,92,2,11,9833.83,0.05,1995-08-12,A
4617,268,3,25,6498.56,0.1,1994-10-24,N
4618,198,1,10,6417.3,0.07,1996-07-03,R
4618,738,2,2,8591.87,0.07,1997-05-07,R
4619,222,1,36,364.9,0.09,1998-03-09,R
4619,676,2,12,5333.01,0.03,1994-11-20,A
4620,761,1,2,4039.97,0.04,1992-09-17,N
4620,330,2,41,9397.86,0.07,1992-01-23,R
4621,225,1,25,4145.13,0.1,1994-01-25,R
4621,263,2,41,1179.09,0.02,1996-12-01,A
4621,300,3,3,5313.65,0.09,1995-11-21,A
4621,425,4,40,2818.11,0.09,1995-10-28,N
4622,311,1,12,4303.42,0.07,1992-07-25,R
4623,455,1,42,8155.8,0.01,1994-01-22,R
4623,576,2,18,7205.84,0.0,1996-07-09,N
4624,437,1,48,9765.47,0.03,1995-08-28,A
4625,530,1,19,740.09,0.09,1993-04-01,A
4625,310,2,12,9864.18,0.01,1997-11-07,R
4626,454,1,16,3259.02,0.09,1998-04-14,N
4626,100,2,38,5725.67,0.05,1998-07-28,R
4627,424,1,9,9667.11,0.07,1993-07-06,A
4627,346,2,16,3568.3,0.02,1997-12-18,A
4628,496,1,34,4076.08,0.04,1997-02-08,A
4629,208,1,6,4823.1,0.05,1996-12-11,R
4629,253,2,24,1632.76,0.07,1996-11-03,N
4630,694,1,25,8934.42,0.04,1992-03-01,R
4631,667,1,46,311.66,0.07,1992-02-19,A
4631,154,2,32,5170.88,0.1,1997-05-06,R
4632,754,1,2,9545.68,0.07,1998-10-19,A
4633,408,1,8,5279.72,0.02,1998-07-14,R
4633,388,2,48,7891.85,0.04,1997-03-11,A
4634,103,1,42,4982.96,0.04,1998-02-19,R
4635,64,1,29,8626.21,0.07,1992-03-01,N
4636,216,1,8,3299.54,0.03,1996-01-15,N
4636,763,2,42,7980.54,0.03,1994-11-26,R
4637,324,1,25,4616.38,0.03,1992-12-10,R
4637,111,2,14,5414.93,0.05,1995-04-14,R
4638,283,1,12,6766.61,0.09,1998-06-15,A
4639,347,1,32,1803.7,0.0,1996-06-23,N
4639,315,2,47,2735.75,0.09,1994-12-01,R
4639,635,3,37,7682.42,0.07,1993-11-11,N
4640,207,1,28,5916.11,0.0,1995-04-01,R
4640,749,2,7,6016.31,0.08,1997-11-24,R
4641,343,1,6,4484.67,0.09,1996-02-21,N
4641,377,2,16,1229.96,0.09,1996-09-13,R
4642,693,1,45,5438.46,0.0,1992-07-21,A
4643,88,1,50,800.64,0.0,1997-09-15,R
4644,251,1,5,6400.43,0.04,1997-12-23,R
4644,434,2,28,6265.16,0.02,1995-05-21,A
4645,665,1,2,8525.05,0.01,1992-02-14,N
4646,279,1,32,1640.53,0.02,1998-12-24,N
4646,186,2,40,6339.37,0.02,1992-06-27,R
4647,526,1,15,9014.44,0.07,1995-02-25,A
4647,576,2,19,4221.72,0.02,1992-09-07,N
4647,654,3,44,3551.88,0.07,1995-08-07,A
4648,235,1,44,9912.92,0.06,1997-01-02,R
4649,270,1,23,855.97,0.1,1993-11-04,N
4649,343,2,24,8212.07,0.04,1996-11-25,N
4649,279,3,49,7556.58,0.09,1992-08-25,R
4649,311,4,9,817.53,0.05,1994-02-26,A
4650,496,1,3,7428.34,0.04,1998-05-16,A
4650,314,2,42,9026.59,0.06,1998-06-24,N
4651,95,1,46,9673.15,0.1,1992-02-28,A
4651,626,2,11,6146.42,0.08,1995-02-09,N
4651,494,3,10,8354.26,0.01,1995-08-01,R
4652,483,1,2,4747.71,0.07,1995-02-11,N
4653,243,1,28,4359.78,0.03,1992-09-24,N
4653,772,2,37,9111.47,0.02,1993-05-20,R
4653,608,3,43,6294.28,0.1,1993-09-26,A
4653,599,4,50,7342.03,0.05,1992-12-26,A
4654,474,1,40,6014.32,0.03,1993-05-08,A
4654,192,2,31,2722.63,0.03,1998-02-24,A
4655,598,1,21,2927.75,0.04,1997-03-09,A
4655,255,2,35,8673.89,0.06,1995-02-18,N
4656,790,1,48,1832.91,0.05,1995-08-17,A
4656,47,2,47,3970.97,0.03,1994-02-22,A
4657,408,1,14,2895.44,0.0,1993-05-24,A
4658,548,1,42,3072.84,0.0,1995-02-12,N
4658,307,2,40,1163.82,0.1,1998-08-14,A
4658,529,3,42,9361.9,0.04,1997-01-22,R
4659,207,1,45,8280.86,0.02,1996-06-21,A
4659,211,2,31,3750.2,0.03,1994-10-18,R
4659,131,3,43,9845.47,0.01,1997-05-13,R
4660,256,1,48,4594.23,0.1,1997-02-12,A
4660,451,2,29,2071.75,0.0,1995-07-26,A
4660,198,3,16,7214.3,0.04,1998-10-21,A
4660,471,4,5,6287.62,0.01,1992-08-15,A
4661,411,1,7,4051.11,0.08,1996-05-19,N
4661,42,2,16,1905.02,0.08,1992-01-26,R
4662,193,1,47,2185.57,0.1,1995-10-16,N
4663,335,1,21,7678.05,0.07,1993-10-11,N
4663,582,2,32,8775.06,0.1,1994-04-23,R
4663,50,3,11,1155.44,0.01,1998-03-13,N
4664,265,1,44,2097.15,0.02,1992-08-18,A
4665,221,1,42,3188.68,0.05,1992-06-26,A
4665,392,2,14,5565.49,0.04,1998-03-14,R
4665,533,3,47,7835.28,0.1,1992-08-08,N
4666,592,1,28,8628.25,0.05,1997-04-11,A
4666,494,2,36,4086.41,0.06,1998-11-22,R
4667,94,1,1,1496.52,0.1,1992-06-18,R
4668,350,1,28,8468.52,0.03,1998-08-02,N
4669,420,1,35,424.65,0.04,1998-06-16,A
4669,509,2,35,1413.46,0.07,1993-06-20,A
4670,476,1,38,5755.77,0.01,1993-05-25,N
4670,722,2,22,5730.35,0.03,1992-04-26,N
4670,311,3,5,2627.55,0.02,1992-09-24,N
4670,773,4,32,7540.34,0.03,1992-10-24,N
4671,56,1,21,9213.58,0.0,1997-09-04,A
4672,2,1,21,2771.49,0.05,1993-10-05,A
4672,122,2,36,8634.31,0.05,1996-07-15,A
4673,664,1,29,485.26,0.1,1997-02-01,N
4673,479,2,11,820.38,0.04,1994-04-16,R
4674,446,1,33,7858.41,0.05,1994-07-09,R
4675,611,1,33,391.2,0.05,1994-03-26,R
4675,607,2,45,1255.28,0.04,1993-05-02,N
4675,256,3,28,7696.11,0.07,1997-04-08,N
4676,424,1,47,4783.47,0.04,1994-08-15,A
4677,627,1,11,6367.61,0.05,1993-03-06,N
4677,536,2,28,4207.52,0.01,1992-08-20,A
4677,784,3,41,9129.67,0.1,1995-08-22,A
4678,253,1,50,1865.64,0.04,1994-05-21,R
4679,715,1,8,2028.55,0.02,1994-01-26,N
4679,702,2,40,2587.73,0.09,1996-04-16,R
4680,307,1,10,8511.61,0.02,1992-12-09,R
4680,658,2,30,6091.98,0.02,1992-03-07,R
4680,435,3,29,9074.57,0.03,1995-01-05,N
4681,346,1,8,9337.17,0.03,1995-08-17,R
4681,771,2,27,5578.52,0.04,1995-05-22,R
4682,618,1,3,8449.09,0.0,1998-03-02,R
4682,795,2,35,3319.97,0.07,1993-12-12,A
4683,741,1,34,6412.61,0.0,1993-04-10,R
4684,3,1,41,3369.34,0.05,1994-06-07,R
4685,669,1,10,2420.1,0.0,1996-06-22,N
4686,691,1,20,6178.72,0.08,1993-11-03,N
4687,589,1,40,1197.84,0.08,1993-06-01,A
4687,575,2,9,1121.78,0.05,1993-08-06,A
4688,628,1,2,5441.77,0.05,1992-02-26,R
4689,733,1,40,5744.45,0.02,1992-01-22,N
4690,707,1,50,525.24,0.06,1993-02-08,R
4690,541,2,4,7959.45,0.08,1996-08-17,N
4691,387,1,31,624.45,0.02,1994-06-08,A
4691,500,2,42,7567.15,0.07,1996-06-04,R
4692,296,1,23,2536.24,0.06,1993-09-03,R
4692,730,2,30,8004.46,0.02,1992-07-14,R
4692,440,3,11,8312.46,0.0,1992-02-28,N
4693,224,1,12,6318.67,0.01,1997-08-09,R
4694,97,1,26,1943.83,0.06,1997-05-07,N
4694,49,2,1,6683.3,0.03,1997-01-01,N
4694,113,3,3,7331.22,0.08,1996-06-17,R
4694,62,4,17,9205.91,0.06,1995-04-17,N
4694,611,5,9,1393.34,0.05,1992-06-20,A
4695,258,1,18,537.42,0.04,1995-12-03,R
4695,774,2,25,5171.44,0.06,1993-02-01,R
4696,556,1,49,1505.66,0.09,1993-03-20,R
4697,137,1,9,4829.27,0.04,1997-11-25,A
4697,74,2,46,2700.43,0.1,1998-11-11,A
4698,247,1,23,2893.07,0.1,1998-03-28,N
4698,270,2,35,7410.83,0.01,1995-02-06,N
4699,231,1,20,5976.76,0.04,1992-05-17,N
4700,618,1,45,1683.94,0.04,1996-04-03,N
4701,440,1,35,5794.33,0.0,1993-06-26,A
4701,179,2,49,9093.76,0.09,1993-07-17,A
4702,729,1,8,8203.72,0.09,1998-11-24,N
4702,122,2,27,4966.17,0.03,1994-08-15,N
4703,625,1,19,4624.82,0.04,1995-01-02,A
4703,159,2,4,6405.87,0.05,1994-09-22,R
4704,326,1,20,741.21,0.02,1993-05-25,N
4704,404,2,39,4167.36,0.06,1997-03-01,N
4704,67,3,15,9763.25,0.04,1994-04-04,R
4704,255,4,17,7216.37,0.03,1994-11-21,N
4704,201,5,17,2118.64,0.1,1992-03-28,R
4705,671,1,8,9938.26,0.03,1997-01-25,N
4705,258,2,22,2576.42,0.05,1995-04-09,A
4706,581,1,18,2315.4,0.05,1993-08-06,N
4707,5,1,4,8226.64,0.08,1993-03-22,A
4707,153,2,49,8330.35,0.02,1994-01-19,A
4707,224,3,48,8830.25,0.1,1995-01-17,R
4707,546,4,6,9810.94,0.06,1996-05-23,R
4707,481,5,15,3855.13,0.1,1998-09-25,A
4708,290,1,22,7536.4,0.06,1994-01-06,N
4709,74,1,12,4938.22,0.0,1995-05-06,R
4710,637,1,42,5618.66,0.07,1992-01-15,N
4711,486,1,25,344.52,0.06,1997-03-18,N
4711,102,2,45,7593.06,0.02,1996-10-04,R
4712,154,1,21,1020.45,0.04,1992-01-21,R
4712,360,2,41,3899.11,0.06,1995-03-02,N
4713,560,1,10,2817.18,0.0,1996-07-01,A
4714,20,1,18,9173.59,0.06,1994-10-07,A
4714,176,2,23,1875.68,0.02,1993-08-23,A
4715,613,1,44,5215.99,0.01,1993-01-24,R
4715,598,2,46,8108.3,0.08,1992-04-27,A
4715,727,3,50,7115.72,0.01,1993-10-01,N
4716,293,1,7,9643.94,0.02,1993-06-27,N
4716,440,2,21,4363.01,0.04,1993-05-01,A
4717,30,1,26,9155.7,0.09,1994-09-15,N
4718,251,1,31,1703.82,0.03,1994-05-25,R
4718,79,2,18,6272.94,0.0,1998-09-08,A
4719,82,1,42,1671.04,0.1,1997-04-07,A
4720,505,1,2,5042.54,0.09,1996-08-27,A
4720,272,2,24,8043.89,0.04,1992-08-16,R
4721,322,1,33,9136.53,0.07,1997-04-15,A
4721,646,2,26,4599.48,0.0,1997-06-11,R
4721,427,3,34,151.24,0.03,1994-09-23,R
4722,108,1,49,1154.06,0.03,1994-07-15,A
4722,254,2,29,5758.14,0.01,1992-04-10,A
4722,764,3,1,7206.66,0.05,1997-05-25,N
4723,637,1,1,2528.55,0.06,1997-09-28,A
4723,238,2,33,1783.41,0.06,1993-09-11,R
4723,281,3,3,436.36,0.0,1995-05-14,R
4724,37,1,42,9641.66,0.09,1992-06-13,R
4724,253,2,17,5911.39,0.01,1992-01-10,R
4724,309,3,16,7333.54,0.1,1994-02-02,A
4725,798,1,35,6213.68,0.06,1998-03-11,A
4725,36,2,48,9968.35,0.03,1997-08-23,R
4726,514,1,34,3886.36,0.0,1996-06-23,A
4726,343,2,5,6115.47,0.0,1993-09-15,N
4726,193,3,39,2332.56,0.05,1993-05-16,R
4727,295,1,43,7713.92,0.0,1998-10-27,R
4727,608,2,12,9281.95,0.1,1996-06-10,A
4728,274,1,29,3505.05,0.1,1996-07-10,N
4728,307,2,1,5328.98,0.02,1998-02-27,N
4729,446,1,32,3397.85,0.05,1998-08-22,A
4729,237,2,26,649.52,0.1,1993-02-13,R
4729,139,3,41,357.56,0.04,1992-10-18,R
4730,415,1,46,1938.82,0.04,1998-04-11,N
4730,316,2,8,2267.51,0.09,1992-08-07,N
4731,306,1,49,5218.66,0.1,1994-08-12,R
4732,499,1,9,5835.53,0.09,1993-09-26,N
4733,19,1,23,1816.1,0.06,1996-07-13,A
4733,596,2,21,7379.78,0.02,1998-07-22,A
4733,732,3,6,2785.24,0.06,1993-04-21,N
4734,20,1,42,2954.5,0.04,1993-01-20,N
4734,176,2,33,145.17,0.0,1998-11-22,N
4734,538,3,34,5756.66,0.1,1995-11-26,R
4735,203,1,26,1871.82,0.02,1998-03-27,N
4735,115,2,13,6428.85,0.07,1996-05-23,N
4736,243,1,22,3210.19,0.01,1992-03-09,N
4737,583,1,44,3273.58,0.03,1997-01-13,R
4738,343,1,30,250.93,0.04,1996-07-04,R
4738,463,2,11,444.09,0.06,1993-12-15,R
4738,73,3,13,7775.01,0.07,1995-05-16,N
4739,159,1,18,1587.84,0.1,1993-07-05,A
4740,136,1,42,9445.88,0.0,1992-07-25,R
4740,775,2,8,7253.36,0.03,1994-03-15,N
4740,151,3,46,4814.69,0.1,1998-06-04,R
4740,193,4,26,8208.32,0.01,1998-05-17,N
4741,538,1,13,543.87,0.08,1997-02-24,R
4742,600,1,30,2911.4,0.09,1994-09-27,A
4743,232,1,13,994.31,0.06,1994-01-21,N
4744,600,1,19,8932.67,0.08,1997-07-13,R
4744,37,2,35,6657.18,0.09,1996-07-20,A
4745,489,1,42,8087.05,0.06,1997-11-22,R
4746,390,1,40,8851.22,0.01,1995-02-07,N
4747,164,1,17,2392.8,0.1,1997-05-04,N
4747,690,2,46,4881.46,0.01,1997-05-05,N
4747,174,3,10,9400.72,0.0,1997-01-25,A
4748,257,1,23,2684.74,0.1,1996-09-06,A
4748,32,2,36,5121.29,0.09,1998-02-14,N
4748,163,3,16,870.66,0.05,1996-06-04,R
4748,685,4,5,2248.37,0.09,1997-06-01,N
4749,225,1,15,2260.84,0.1,1998-12-09,R
4750,726,1,42,2672.6,0.09,1996-07-05,N
4750,344,2,43,9074.47,0.03,1996-11-23,A
4751,215,1,35,1502.42,0.04,1994-06-19,A
4751,534,2,39,8858.2,0.09,1998-12-17,A
4751,201,3,41,4806.97,0.07,1998-03-10,N
4752,161,1,25,4254.24,0.02,1997-12-04,A
4753,418,1,45,1007.9,0.08,1994-07-04,A
4753,237,2,4,1922.93,0.01,1994-07-02,N
4754,756,1,37,1483.72,0.05,1993-01-28,A
4754,414,2,11,368.08,0.0,1997-05-18,A
4755,764,1,7,5218.13,0.04,1994-04-01,R
4755,61,2,17,167.37,0.1,1993-12-27,N
4756,126,1,11,2547.13,0.02,1993-01-26,N
4757,765,1,14,7953.21,0.07,1998-02-19,R
4757,789,2,15,2204.5,0.07,1994-02-25,R
4757,174,3,1,7321.53,0.01,1997-01-27,R
4758,152,1,15,263.07,0.09,1992-05-27,N
4759,303,1,43,8228.77,0.0,1992-11-05,A
4760,267,1,9,6452.29,0.01,1996-07-18,R
4760,175,2,25,4331.88,0.06,1998-06-06,N
4761,93,1,9,7570.42,0.09,1992-04-20,N
4761,221,2,8,5353.41,0.01,1994-09-06,A
4762,192,1,35,1723.98,0.07,1993-08-07,A
4763,110,1,12,5428.6,0.07,1995-06-22,N
4764,298,1,8,2798.79,0.02,1994-08-24,N
4764,575,2,33,278.74,0.04,1995-04-21,A
4764,31,3,39,3492.36,0.08,1993-12-26,A
4765,25,1,1,8148.73,0.02,1994-10-19,R
4766,308,1,49,3643.73,0.07,1992-02-24,R
4766,717,2,2,2142.78,0.01,1993-07-08,N
4766,364,3,31,2183.81,0.07,1993-12-20,A
4766,328,4,25,336.67,0.08,1995-08-08,R
4767,588,1,3,7198.97,0.0,1995-10-10,A
4767,552,2,37,4049.06,0.01,1997-01-17,A
4768,459,1,41,4612.48,0.04,1993-06-18,N
4769,494,1,27,4841.44,0.09,1995-06-11,R
4769,470,2,3,436.67,0.01,1997-12-08,R
4769,61,3,43,2453.79,0.09,1995-03-20,N
4770,159,1,3,8721.49,0.03,1997-09-02,N
4770,549,2,4,8619.28,0.05,1993-07-02,R
4771,692,1,33,4482.15,0.05,1996-09-21,N
4771,276,2,40,9268.82,0.1,1993-03-07,A
4772,779,1,15,2065.44,0.06,1994-09-14,N
4772,563,2,8,7338.17,0.01,1995-04-18,R
4773,444,1,39,5378.03,0.02,1994-08-23,N
4773,417,2,32,7294.79,0.01,1992-07-09,R
4774,724,1,22,5040.0,0.0,1996-01-23,A
4775,186,1,34,3760.34,0.07,1996-05-05,R
4775,571,2,50,9352.58,0.09,1992-01-12,A
4775,328,3,12,891.21,0.1,1992-02-27,N
4776,266,1,18,4710.98,0.02,1996-10-25,R
4776,228,2,12,6090.79,0.08,1995-03-26,N
4777,287,1,28,3677.37,0.06,1995-01-01,N
4777,637,2,43,7314.44,0.01,1992-04-25,N
4778,732,1,49,1639.99,0.1,1998-05-26,N
4779,18,1,8,9848.02,0.06,1995-05-12,A
4779,13,2,46,1366.61,0.02,1998-01-16,N
4779,152,3,43,427.7,0.05,1994-03-03,N
4780,275,1,1,3288.8,0.1,1997-11-26,N
4781,55,1,9,1377.3,0.02,1998-04-21,N
4782,327,1,38,541.73,0.04,1993-11-09,N
4783,374,1,9,8407.35,0.09,1994-07-12,N
4783,749,2,17,9276.3,0.05,1996-04-25,R
4784,172,1,22,107.63,0.08,1993-11-21,A
4784,503,2,43,4352.11,0.08,1995-10-22,A
4784,392,3,29,3831.54,0.1,1993-02-09,N
4785,534,1,48,9938.25,0.1,1998-02-21,R
4786,416,1,21,2764.42,0.0,1995-10-16,N
4786,23,2,4,4403.25,0.03,1997-01-02,R
4787,669,1,44,2521.21,0.08,1996-04-02,N
4787,179,2,27,4461.08,0.02,1993-10-03,A
4787,488,3,29,1717.19,0.04,1995-06-18,R
4787,343,4,27,6116.83,0.04,1995-10-20,A
4788,146,1,11,3824.31,0.1,1993-03-03,R
4788,629,2,45,7471.05,0.03,1993-05-14,R
4788,263,3,8,3315.48,0.03,1995-02-01,N
4789,482,1,43,8220.17,0.0,1993-12-14,A
4789,290,2,44,5176.91,0.05,1996-05-01,A
4790,226,1,18,9911.11,0.08,1993-05-16,N
4790,332,2,44,5736.92,0.08,1998-10-12,A
4790,63,3,34,8580.38,0.04,1994-10-11,A
4790,488,4,22,200.54,0.07,1992-07-08,R
4791,755,1,11,5895.26,0.1,1996-03-05,N
4791,470,2,40,9797.87,0.06,1998-07-09,A
4792,685,1,4,6144.65,0.03,1993-01-05,A
4792,77,2,4,5266.17,0.08,1995-01-08,N
4793,326,1,8,9718.5,0.04,1995-08-09,R
4793,495,2,30,7889.8,0.03,1995-01-13,N
4794,720,1,3,7277.22,0.08,1993-04-03,R
4795,649,1,38,8808.39,0.07,1993-10-07,A
4795,114,2,45,9177.29,0.03,1995-11-19,R
4795,511,3,7,9619.49,0.09,1992-02-18,A
4796,498,1,37,4623.02,0.0,1994-07-26,N
4797,110,1,38,6975.74,0.09,1993-01-11,R
4798,709,1,31,1131.17,0.07,1992-07-14,A
4798,285,2,11,5593.02,0.06,1997-12-08,R
4798,799,3,10,6708.07,0.04,1995-08-13,R
4799,345,1,36,8635.35,0.09,1996-11-22,A
4799,176,2,50,1439.61,0.04,1998-07-20,A
4800,497,1,7,1365.74,0.09,1998-03-02,A
4801,539,1,27,2475.01,0.02,1992-06-05,R
4801,604,2,28,5043.35,0.0,1997-11-22,R
4802,511,1,31,2625.02,0.09,1998-05-15,N
4802,420,2,1,1661.57,0.02,1996-05-09,A
4802,466,3,1,8318.83,0.07,1997-07-25,A
4803,502,1,33,8558.46,0.06,1998-08-24,A
4803,72,2,27,3005.03,0.02,1997-09-12,N
4804,760,1,20,7353.97,0.1,1992-06-07,N
4804,7,2,3,5259.07,0.1,1996-04-11,N
4805,669,1,35,7878.66,0.04,1993-06-05,A
4805,664,2,35,8342.51,0.06,1992-03-03,A
4806,646,1,32,3702.62,0.04,1995-05-17,N
4806,143,2,37,6312.06,0.09,1995-04-08,A
4806,99,3,8,3137.79,0.02,1993-11-21,N
4807,362,1,41,990.99,0.1,1995-06-01,N
4808,665,1,2,5315.29,0.06,1996-10-10,N
4808,791,2,1,7240.96,0.04,1992-11-09,N
4808,8,3,19,9569.57,0.07,1996-03-01,N
4808,515,4,14,8590.64,0.09,1992-08-16,N
4809,149,1,4,3615.39,0.09,1996-04-23,A
4810,490,1,11,2510.96,0.08,1992-10-23,R
4810,744,2,29,8274.38,0.01,1992-05-16,R
4811,704,1,45,2044.47,0.0,1998-06-24,A
4811,468,2,22,2736.28,0.03,1997-06-09,A
4811,21,3,7,9606.07,0.01,1992-03-21,A
4812,470,1,31,2390.9,0.1,1995-01-16,A
4812,757,2,17,5980.94,0.1,1998-10-03,N
4813,688,1,29,3874.74,0.07,1998-12-02,R
4813,341,2,38,2427.35,0.09,1992-08-24,A
4814,276,1,44,8658.63,0.07,1996-08-14,A
4814,267,2,22,9997.15,0.04,1997-01-20,R
4814,360,3,35,4309.92,0.08,1997-07-14,R
4815,748,1,27,1547.25,0.02,1994-07-03,A
4816,696,1,5,2034.27,0.02,1993-04-05,A
4817,576,1,9,4208.9,0.02,1998-06-26,N
4818,364,1,39,7789.97,0.02,1998-09-24,N
4819,683,1,28,3864.06,0.07,1993-07-15,R
4819,796,2,21,8967.48,0.07,1996-05-22,A
4820,46,1,41,1106.1,0.04,1996-12-01,A
4820,707,2,47,4506.76,0.03,1998-08-06,R
4821,599,1,48,8695.22,0.03,1996-06-14,A
4822,782,1,8,5010.62,0.07,1992-06-19,A
4822,202,2,43,3809.77,0.07,1998-04-07,R
4823,557,1,11,7849.0,0.0,1997-07-28,R
4823,788,2,18,9313.38,0.01,1992-06-01,N
4824,332,1,19,4801.34,0.0,1995-10-03,R
4824,569,2,8,9218.89,0.03,1993-10-17,N
4824,143,3,30,5425.57,0.02,1994-11-03,R
4825,468,1,13,287.77,0.04,1993-12-05,A
4825,482,2,10,6237.95,0.02,1997-10-05,A
4826,495,1,5,6907.0,0.07,1993-12-05,A
4826,336,2,19,502.57,0.0,1998-12-17,N
4827,244,1,48,4375.0,0.09,1995-06-14,A
4828,56,1,36,9102.31,0.04,1993-09-20,A
4828,725,2,8,2311.82,0.04,1996-07-14,N
4829,245,1,32,2474.07,0.08,1998-06-03,A
4830,116,1,24,9309.11,0.05,1992-10-13,A
4830,675,2,34,5098.92,0.04,1996-10-08,A
4830,575,3,42,3935.08,0.0,1996-01-24,R
4831,315,1,29,5941.48,0.03,1997-08-25,R
4831,331,2,45,2914.6,0.05,1998-03-03,A
4832,710,1,14,9808.36,0.04,1996-02-12,R
4833,502,1,48,6340.23,0.07,1992-12-18,A
4833,559,2,31,610.51,0.1,1998-12-07,N
4833,240,3,48,8510.54,0.02,1992-07-09,N
4834,310,1,38,7952.65,0.06,1998-04-06,A
4834,50,2,45,6198.33,0.05,1998-04-26,R
4834,534,3,21,6844.77,0.08,1994-01-11,A
4835,633,1,10,9781.68,0.03,1995-07-28,A
4835,163,2,3,4828.81,0.06,1992-08-17,N
4836,232,1,34,8510.21,0.0,1993-01-21,A
4837,547,1,36,8814.43,0.08,1995-03-13,A
4837,342,2,43,9163.93,0.07,1995-10-01,R
4838,31,1,6,3253.96,0.01,1993-07-18,R
4838,710,2,27,7584.74,0.03,1997-07-23,N
4839,568,1,8,3886.17,0.03,1995-08-11,N
4840,574,1,39,810.33,0.01,1997-01-26,N
4840,439,2,20,3197.54,0.0,1997-02-26,N
4841,371,1,35,5755.31,0.02,1994-08-28,R
4841,98,2,40,154.85,0.07,1996-06-28,A
4842,423,1,12,9958.86,0.01,1996-07-22,N
4842,484,2,43,679.05,0.07,1993-06-26,A
4843,53,1,8,1669.29,0.09,1997-08-20,R
4843,606,2,16,3899.04,0.02,1993-04-04,R
4843,273,3,28,3196.9,0.05,1996-04-21,A
4844,184,1,5,9833.29,0.07,1992-05-10,A
4844,488,2,20,407.43,0.05,1996-04-12,N
4844,180,3,42,6363.89,0.08,1996-06-08,A
4845,674,1,6,2481.36,0.1,1996-07-21,R
4845,427,2,18,1320.63,0.01,1997-10-01,N
4845,595,3,8,9348.76,0.09,1994-09-25,A
4846,537,1,46,601.11,0.06,1997-11-04,A
4846,92,2,14,5031.52,0.0,1995-07-12,N
4846,749,3,33,6217.91,0.01,1992-02-28,R
4846,267,4,27,7687.7,0.03,1997-06-18,A
4846,512,5,17,794.59,0.03,1994-09-28,A
4847,215,1,37,8501.07,0.01,1994-01-07,N
4847,142,2,25,4750.39,0.0,1998-02-17,N
4847,108,3,46,5469.31,0.05,1994-06-01,R
4847,419,4,43,4739.98,0.0,1993-04-04,R
4847,730,5,19,7699.57,0.08,1993-06-18,R
4848,112,1,34,3988.46,0.05,1993-05-02,A
4848,576,2,47,3157.24,0.02,1993-10-20,N
4848,757,3,10,5122.82,0.08,1992-06-24,N
4849,60,1,25,5324.14,0.07,1997-03-21,R
4849,449,2,5,5331.62,0.0,1992-09-03,A
4849,786,3,25,3324.3,0.04,1992-09-20,N
4850,73,1,19,532.6,0.04,1994-02-21,R
4850,494,2,35,8163.23,0.1,1992-01-17,A
4851,129,1,5,4012.17,0.07,1997-07-22,A
4851,551,2,44,9709.94,0.07,1992-05-01,N
4851,147,3,22,209.5,0.0,1996-07-13,N
4852,561,1,35,3886.35,0.08,1992-09-20,N
4852,94,2,6,8739.09,0.06,1995-11-12,A
4852,206,3,47,5465.76,0.1,1995-10-15,R
4853,596,1,45,3489.27,0.06,1997-10-11,R
4853,240,2,24,1160.21,0.0,1992-06-07,N
4853,131,3,34,5022.97,0.03,1992-06-06,A
4854,512,1,46,9175.51,0.1,1994-12-02,A
4855,296,1,14,5478.44,0.03,1992-10-16,A
4856,690,1,14,179.92,0.05,1997-09-16,A
4856,520,2,29,9436.91,0.07,1996-03-27,A
4857,759,1,28,4541.73,0.06,1997-04-27,N
4857,415,2,22,7551.48,0.04,1996-01-19,A
4858,338,1,5,4237.3,0.07,1992-08-20,A
4859,674,1,21,2841.38,0.03,1998-11-24,R
4860,128,1,22,2220.73,0.06,1992-06-13,A
4860,543,2,8,6969.09,0.04,1997-01-04,A
4861,662,1,12,9297.58,0.05,1992-06-17,R
4861,756,2,3,538.33,0.0,1997-10-03,R
4861,703,3,35,5245.33,0.09,1996-11-20,A
4862,417,1,31,9441.67,0.02,1994-01-15,A
4862,653,2,25,9639.19,0.09,1995-05-06,N
4863,451,1,39,6184.29,0.03,1996-01-12,A
4863,509,2,15,259.97,0.01,1997-01-20,A
4863,719,3,34,3872.8,0.1,1997-11-02,R
4863,305,4,9,9762.57,0.07,1993-05-05,R
4863,773,5,33,6109.08,0.08,1992-05-20,N
4864,737,1,47,227.42,0.06,1994-10-14,N
4864,397,2,5,8275.19,0.01,1996-11-07,A
4865,640,1,46,419.16,0.06,1993-08-03,N
4865,249,2,37,8842.33,0.04,1997-05-08,R
4865,583,3,46,3356.85,0.06,1992-05-28,N
4865,767,4,14,9112.77,0.07,1994-06-24,A
4866,280,1,21,2762.06,0.08,1992-11-12,R
4866,682,2,6,4658.99,0.07,1992-12-22,A
4866,158,3,11,420.04,0.04,1992-12-22,A
4867,432,1,32,2259.59,0.08,1998-04-11,A
4867,334,2,42,7573.73,0.06,1994-08-04,N
4868,120,1,40,8228.97,0.0,1993-05-22,N
4868,468,2,33,247.4,0.0,1995-07-06,N
4869,524,1,39,9407.41,0.03,1995-09-17,N
4869,569,2,30,1544.93,0.06,1998-02-27,R
4870,297,1,15,6255.78,0.04,1994-09-02,A
4871,662,1,32,2618.75,0.09,1996-08-06,A
4871,356,2,26,2804.55,0.1,1995-01-23,A
4872,44,1,14,6462.75,0.02,1995-05-15,R
4872,125,2,39,9033.65,0.1,1996-06-05,N
4873,272,1,22,7817.04,0.05,1995-04-25,R
4873,556,2,14,1692.31,0.06,1996-11-23,R
4874,469,1,14,5996.69,0.0,1996-06-23,R
4874,82,2,4,8701.46,0.04,1994-08-21,R
4874,404,3,33,7422.49,0.06,1992-10-09,N
4875,664,1,1,5811.4,0.08,1998-05-07,N
4875,306,2,7,1147.44,0.0,1996-08-08,A
4876,71,1,5,9440.49,0.0,1996-10-20,A
4876,307,2,41,2387.77,0.03,1995-05-08,A
4876,544,3,36,5475.41,0.09,1997-09-08,A
4876,277,4,33,8372.63,0.04,1998-03-03,R
4877,93,1,33,8193.51,0.05,1995-02-11,N
4877,318,2,45,6342.11,0.07,1995-05-02,A
4877,701,3,8,139.56,0.08,1998-05-26,R
4878,643,1,47,7041.65,0.09,1992-04-11,N
4878,389,2,45,6691.34,0.03,1993-06-20,A
4878,163,3,36,4393.71,0.03,1992-09-09,R
4879,60,1,10,8554.45,0.03,1996-09-25,N
4879,226,2,30,8046.99,0.03,1993-01-26,N
4879,688,3,48,3905.34,0.09,1994-12-21,R
4880,497,1,20,3486.69,0.01,1992-07-25,R
4880,729,2,27,2059.74,0.05,1992-06-26,R
4880,85,3,48,6161.32,0.09,1998-08-03,R
4881,255,1,30,2896.57,0.02,1995-05-10,N
4881,776,2,15,1443.82,0.08,1992-04-15,A
4882,302,1,15,4957.81,0.03,1992-09-09,N
4883,348,1,18,1862.57,0.0,1992-01-06,N
4883,97,2,4,5029.89,0.06,1992-12-06,A
4884,460,1,31,794.16,0.02,1993-01-08,R
4885,301,1,9,3269.65,0.05,1996-03-10,A
4886,502,1,17,935.03,0.09,1995-04-09,A
4887,9,1,46,4161.76,0.06,1993-04-06,A
4887,294,2,12,1371.99,0.0,1992-08-27,A
4888,454,1,19,9757.35,0.03,1996-10-18,N
4889,745,1,28,6969.96,0.07,1995-06-14,R
4889,87,2,2,5610.34,0.05,1998-12-23,A
4890,390,1,32,7821.59,0.06,1994-09-24,A
4891,633,1,24,2500.47,0.0,1996-10-12,A
4891,363,2,13,436.66,0.05,1992-10-13,A
4892,196,1,21,8819.42,0.0,1993-07-13,R
4892,766,2,21,643.02,0.03,1994-05-01,R
4892,643,3,36,6443.65,0.1,1997-05-28,R
4893,375,1,24,3314.68,0.01,1996-02-22,R
4894,177,1,35,8519.6,0.0,1992-04-18,N
4895,7,1,31,3620.15,0.0,1993-07-06,R
4895,62,2,17,8851.96,0.06,1998-02-09,A
4896,555,1,27,567.46,0.0,1992-07-04,R
4897,307,1,48,2519.6,0.08,1997-02-13,A
4898,536,1,50,6771.95,0.08,1994-01-02,A
4899,236,1,33,9138.15,0.06,1998-11-05,A
4899,788,2,14,1725.63,0.02,1993-01-24,R
4900,581,1,28,405.81,0.08,1995-09-06,N
4901,280,1,1,1789.73,0.07,1993-06-26,A
4902,681,1,7,827.92,0.05,1996-05-27,N
4902,208,2,48,6781.61,0.07,1993-03-02,N
4902,681,3,25,2261.14,0.08,1992-12-05,A
4903,711,1,1,3514.53,0.04,1996-12-13,N
4903,186,2,41,2491.71,0.01,1995-08-22,R
4904,365,1,39,2957.77,0.04,1996-10-20,R
4904,109,2,19,6529.38,0.0,1998-03-22,N
4905,67,1,18,5475.62,0.01,1995-02-22,N
4906,652,1,19,6977.77,0.02,1998-02-15,R
4906,53,2,28,9791.66,0.01,1992-09-14,R
4907,680,1,14,7619.41,0.07,1993-08-28,N
4907,288,2,2,7217.53,0.0,1992-08-07,A
4908,502,1,16,2012.76,0.1,1994-02-16,A
4908,305,2,12,2720.25,0.05,1995-02-23,R
4909,78,1,27,3608.47,0.02,1992-07-03,N
4910,540,1,22,352.79,0.01,1993-07-15,R
4910,441,2,12,207.47,0.09,1992-09-02,A
4911,31,1,23,1818.12,0.02,1998-12-19,R
4911,315,2,41,5481.52,0.01,1992-10-27,A
4911,649,3,17,5872.62,0.05,1994-04-19,R
4912,279,1,31,7001.06,0.08,1992-12-26,A
4912,569,2,38,5315.11,0.06,1995-07-09,N
4913,374,1,34,4638.4,0.06,1993-05-13,R
4913,596,2,24,2695.17,0.01,1994-07-27,N
4913,458,3,1,9081.09,0.08,1998-12-24,N
4914,9,1,15,2791.53,0.05,1993-05-13,A
4914,382,2,16,7015.44,0.06,1996-09-05,N
4915,410,1,27,2020.06,0.09,1994-04-24,R
4915,619,2,5,7450.42,0.1,1992-11-21,R
4916,331,1,32,5461.32,0.09,1998-06-20,N
4916,578,2,29,6323.99,0.01,1993-07-11,N
4917,770,1,22,9449.31,0.01,1996-05-11,R
4917,577,2,29,4369.14,0.02,1996-08-15,A
4918,436,1,27,4312.51,0.05,1992-11-23,R
4919,671,1,25,9915.36,0.03,1995-11-03,R
4919,188,2,3,5083.17,0.08,1995-09-18,A
4920,615,1,34,9498.69,0.06,1998-05-28,N
4921,632,1,31,2625.15,0.04,1993-04-02,R
4921,467,2,4,9338.18,0.08,1996-07-23,R
4922,707,1,39,1454.73,0.03,1994-08-26,A
4922,592,2,12,3794.14,0.0,1997-09-15,N
4922,682,3,18,2985.09,0.03,1996-03-14,A
4923,764,1,10,2415.33,0.03,1995-09-26,R
4923,180,2,6,5140.17,0.05,1992-01-05,N
4924,626,1,10,9635.89,0.01,1994-10-11,A
4924,5,2,49,1445.39,0.1,1998-11-27,A
4924,2,3,5,8544.67,0.1,1995-03-12,A
4925,39,1,17,6895.71,0.03,1998-12-23,R
4925,418,2,19,6364.78,0.05,1997-01-26,A
4925,641,3,22,6924.44,0.0,1993-06-05,N
4925,22,4,33,7475.41,0.08,1998-12-09,R
4925,688,5,10,7549.01,0.0,1992-05-12,A
4926,260,1,19,6555.93,0.04,1998-10-19,N
4926,724,2,19,2066.71,0.01,1992-07-02,A
4927,175,1,31,7897.94,0.02,1992-11-25,N
4928,35,1,22,9236.23,0.05,1995-09-05,R
4928,421,2,46,1043.93,0.03,1997-07-18,N
4929,549,1,23,7283.02,0.03,1997-10-27,N
4929,422,2,43,358.93,0.09,1998-10-19,A
4930,730,1,41,5981.2,0.06,1995-05-07,R
4931,284,1,36,8992.27,0.06,1996-08-27,N
4931,682,2,36,5454.61,0.0,1998-09-25,R
4932,29,1,45,2692.2,0.0,1992-12-12,R
4933,77,1,44,9128.39,0.0,1996-02-16,N
4933,61,2,9,356.8,0.06,1996-03-01,N
4933,565,3,10,2771.87,0.06,1994-09-17,N
4934,800,1,43,5670.59,0.1,1994-11-02,A
4934,414,2,50,3733.52,0.0,1992-02-01,N
4935,476,1,46,5109.64,0.01,1998-05-06,N
4935,219,2,20,6175.46,0.03,1997-09-17,A
4936,434,1,26,8623.17,0.0,1997-02-21,N
4936,15,2,35,4059.54,0.08,1997-12-14,N
4937,679,1,49,8118.99,0.05,1998-02-02,R
4938,88,1,10,9932.56,0.09,1996-01-03,N
4938,180,2,35,7937.55,0.01,1997-09-03,A
4938,320,3,8,4094.35,0.08,1995-05-27,A
4939,531,1,14,7265.8,0.08,1996-10-11,A
4939,433,2,2,2185.53,0.0,1997-11-23,N
4940,651,1,30,312.17,0.03,1997-05-23,A
4940,314,2,48,3183.24,0.06,1993-03-25,N
4940,497,3,16,9379.84,0.04,1992-07-06,A
4941,596,1,23,2087.48,0.09,1997-06-15,N
4941,218,2,4,2107.55,0.08,1995-07-10,R
4942,545,1,50,4937.89,0.07,1993-06-19,A
4942,110,2,15,8381.08,0.02,1993-11-02,R
4942,289,3,46,8424.34,0.05,1996-04-21,N
4943,602,1,5,6047.13,0.09,1997-01-20,R
4943,367,2,23,6182.99,0.07,1995-05-20,N
4944,234,1,40,909.64,0.07,1995-03-05,R
4944,367,2,9,4892.99,0.04,1995-10-22,R
4945,438,1,44,1864.26,0.08,1995-04-19,R
4945,653,2,48,8122.83,0.02,1996-11-19,N
4945,488,3,32,8240.83,0.08,1993-03-27,A
4946,124,1,42,8360.71,0.1,1995-12-23,R
4947,436,1,13,2969.0,0.1,1992-03-24,N
4947,392,2,37,3232.21,0.1,1995-09-20,N
4947,357,3,42,2377.41,0.04,1998-04-01,R
4947,536,4,8,4805.23,0.09,1996-07-05,N
4947,414,5,8,1711.93,0.03,1994-07-21,N
4948,309,1,19,1820.37,0.01,1997-03-03,A
4948,54,2,27,9369.24,0.09,1993-10-27,N
4948,469,3,15,720.94,0.0,1996-04-16,N
4948,538,4,4,2469.12,0.01,1998-09-25,N
4949,181,1,25,2339.82,0.05,1997-05-25,N
4949,23,2,48,3886.1,0.06,1995-06-18,N
4949,775,3,35,8206.75,0.08,1996-04-02,R
4950,229,1,19,1463.68,0.08,1997-11-06,A
4951,670,1,5,9829.81,0.02,1992-02-25,R
4952,102,1,20,3203.76,0.0,1992-02-19,R
4952,632,2,48,9599.71,0.0,1992-10-04,N
4953,480,1,5,612.13,0.06,1992-02-26,A
4953,7,2,22,8878.95,0.1,1995-06-18,N
4954,506,1,20,4450.18,0.06,1997-08-04,R
4954,699,2,15,2693.57,0.02,1996-04-26,N
4955,105,1,36,444.42,0.02,1996-02-12,R
4956,106,1,26,1124.02,0.05,1998-10-12,R
4956,638,2,15,8401.9,0.02,1993-02-21,A
4957,240,1,39,3167.83,0.02,1994-11-01,R
4957,53,2,44,9313.93,0.03,1996-04-18,A
4958,374,1,42,1578.45,0.08,1998-07-11,R
4958,433,2,42,1428.23,0.02,1993-11-20,N
4959,565,1,27,1570.37,0.04,1994-03-27,N
4959,569,2,36,4273.83,0.02,1998-11-24,N
4960,68,1,20,9336.68,0.07,1995-03-05,R
4960,397,2,50,3522.33,0.1,1998-08-16,N
4961,659,1,43,4524.05,0.09,1997-09-05,A
4961,13,2,21,6667.01,0.04,1996-10-13,N
4962,402,1,14,2695.66,0.09,1997-06-03,N
4962,773,2,33,1528.72,0.0,1995-11-12,N
4962,371,3,13,6346.0,0.02,1998-10-23,A
4962,607,4,34,5795.41,0.09,1992-10-26,R
4963,643,1,8,2889.12,0.08,1996-11-06,N
4964,253,1,11,8299.17,0.09,1993-04-02,R
4964,368,2,21,8880.58,0.01,1992-10-07,N
4965,79,1,26,3612.91,0.04,1997-08-21,N
4966,475,1,49,6515.17,0.0,1993-05-08,A
4966,774,2,37,4835.52,0.1,1992-05-04,R
4967,623,1,7,3426.32,0.06,1995-03-08,A
4968,292,1,25,877.68,0.08,1992-12-24,N
4968,249,2,8,7435.4,0.0,1993-04-27,R
4968,60,3,23,5110.22,0.05,1995-01-28,R
4969,135,1,34,9816.37,0.01,1996-08-06,R
4969,408,2,15,4133.59,0.1,1995-02-04,R
4970,180,1,35,688.58,0.0,1996-08-27,A
4971,288,1,3,3487.53,0.05,1994-05-26,N
4972,724,1,11,1371.68,0.02,1995-10-07,R
4972,542,2,22,2204.89,0.02,1994-10-22,N
4973,191,1,37,9093.55,0.1,1993-08-02,N
4973,658,2,6,988.29,0.08,1994-03-25,A
4973,575,3,36,9361.45,0.09,1993-06-15,N
4974,24,1,31,4390.53,0.04,1995-02-16,N
4975,653,1,36,2347.22,0.09,1992-08-08,R
4975,189,2,4,3009.54,0.07,1994-09-21,N
4975,327,3,12,9751.01,0.06,1992-10-16,N
4976,526,1,2,9680.85,0.02,1997-03-12,R
4976,246,2,11,8649.02,0.0,1993-04-18,N
4977,795,1,31,8019.31,0.04,1998-10-01,N
4977,68,2,5,9663.13,0.02,1995-06-18,R
4978,36,1,11,3441.06,0.07,1995-08-16,A
4978,42,2,50,2754.03,0.03,1992-01-13,R
4978,726,3,24,6227.02,0.06,1994-01-25,N
4979,649,1,44,135.67,0.06,1995-05-01,A
4979,597,2,33,4769.76,0.08,1996-10-22,N
4979,75,3,15,9351.23,0.1,1998-01-01,A
4980,313,1,33,3258.7,0.08,1995-02-04,R
4980,371,2,44,2488.15,0.03,1998-06-01,R
4980,525,3,35,7410.46,0.09,1992-06-15,R
4981,780,1,50,7486.8,0.01,1997-08-23,R
4982,253,1,11,8954.17,0.02,1995-04-10,R
4983,390,1,33,1806.77,0.09,1993-02-10,N
4984,638,1,36,9651.17,0.03,1996-11-02,A
4985,467,1,29,2509.11,0.1,1997-01-18,R
4985,596,2,8,2473.95,0.03,1995-10-12,R
4985,677,3,47,7807.9,0.1,1996-05-22,A
4986,338,1,24,2441.08,0.08,1992-10-17,R
4987,206,1,18,8433.41,0.05,1995-08-11,R
4988,50,1,47,9241.0,0.1,1993-12-25,R
4988,267,2,13,8859.18,0.1,1992-02-17,A
4988,673,3,29,1613.53,0.09,1995-05-17,R
4988,332,4,33,1815.63,0.1,1998-05-20,R
4989,100,1,44,7476.3,0.09,1992-08-15,R
4990,757,1,47,9634.88,0.09,1993-09-19,A
4990,726,2,41,4441.2,0.08,1992-11-23,A
4991,531,1,31,611.87,0.09,1993-05-11,N
4991,534,2,26,4757.68,0.04,1993-05-08,A
4991,458,3,45,5927.99,0.01,1993-08-21,R
4992,115,1,28,8753.27,0.0,1994-12-15,A
4992,707,2,23,1290.52,0.01,1996-12-05,R
4992,106,3,23,2947.76,0.03,1997-12-28,A
4993,406,1,2,3727.08,0.09,1992-02-20,N
4994,8,1,33,7385.32,0.03,1998-03-01,R
4994,370,2,28,3478.83,0.05,1995-01-25,N
4995,219,1,27,3652.13,0.08,1993-04-19,A
4995,287,2,12,995.27,0.09,1995-03-07,A
4995,675,3,10,3838.09,0.07,1994-01-15,N
4995,313,4,4,4594.3,0.06,1994-01-27,R
4996,364,1,1,3538.72,0.1,1997-09-28,N
4997,21,1,47,8812.5,0.07,1992-04-26,A
4997,99,2,14,8619.07,0.0,1995-04-17,A
4998,464,1,2,1350.66,0.05,1998-11-08,A
4999,375,1,45,2970.65,0.04,1996-12-12,N
4999,692,2,43,2058.23,0.08,1993-06-08,R
5000,653,1,33,4096.34,0.02,1993-08-06,R
