o_orderkey,o_custkey,o_orderstatus,o_totalprice,o_orderdate,o_orderpriority
1,238,F,44273.09,1998-08-09,1-URGENT
2,670,O,76909.67,1992-12-28,4-NOT SPECIFIED
3,53,O,51487.86,1994-12-25,3-MEDIUM
4,308,P,25105.21,1994-07-27,4-NOT SPECIFIED
5,440,O,86120.77,1995-07-13,3-MEDIUM
6,624,O,40840.49,1998-06-06,1-URGENT
7,752,O,3928.27,1997-03-19,1-URGENT
8,655,F,22325.87,1993-02-26,4-NOT SPECIFIED
9,578,P,55676.58,1995-09-27,1-URGENT
10,960,F,31737.92,1992-03-06,5-LOW
11,199,P,59774.5,1992-08-10,4-NOT SPECIFIED
12,571,F,52780.56,1993-12-15,3-MEDIUM
13,777,O,12443.38,1996-05-07,3-MEDIUM
14,877,F,9511.25,1994-01-28,2-HIGH
15,347,F,6906.97,1997-01-01,3-MEDIUM
16,37,P,61191.75,1997-12-11,1-URGENT
17,800,P,56285.7,1993-10-02,2-HIGH
18,967,P,59040.51,1993-01-14,1-URGENT
19,539,O,36168.28,1993-01-15,4-NOT SPECIFIED
20,562,F,6495.94,1993-03-01,1-URGENT
21,489,F,24669.5,1993-05-22,2-HIGH
22,589,F,63793.82,1996-09-02,2-HIGH
23,170,P,3456.27,1994-07-25,2-HIGH
24,279,F,4724.08,1996-04-23,3-MEDIUM
25,997,F,97495.22,1995-02-23,4-NOT SPECIFIED
26,213,P,1758.16,1994-09-09,4-NOT SPECIFIED
27,442,O,19964.78,1993-07-04,4-NOT SPECIFIED
28,42,O,48380.16,1995-12-04,5-LOW
29,584,F,18742.16,1997-03-27,5-LOW
30,546,P,30814.51,1993-02-18,3-MEDIUM
31,377,F,57511.61,1995-04-19,5-LOW
32,60,O,46122.87,1998-07-23,2-HIGH
33,284,F,32310.05,1994-05-23,3-MEDIUM
34,544,P,90621.15,1994-04-08,1-URGENT
35,473,P,70535.69,1995-06-26,2-HIGH
36,740,O,64125.71,1997-07-06,2-HIGH
37,222,O,84278.89,1996-11-28,1-URGENT
38,649,O,84391.65,1998-08-08,1-URGENT
39,687,P,6867.86,1993-09-24,2-HIGH
40,477,O,91489.61,1993-10-10,5-LOW
41,139,F,9163.92,1994-04-10,1-URGENT
42,59,O,58077.0,1998-12-01,4-NOT SPECIFIED
43,25,O,47453.17,1996-09-14,5-LOW
44,589,P,3430.4,1994-12-03,2-HIGH
45,421,P,20268.56,1992-06-19,5-LOW
46,225,P,75265.93,1998-09-01,2-HIGH
47,605,P,78053.5,1995-12-16,3-MEDIUM
48,98,O,38334.63,1994-07-01,3-MEDIUM
49,198,P,36859.54,1996-11-03,1-URGENT
50,787,P,63619.23,1998-06-05,5-LOW
51,931,P,41036.36,1995-07-09,3-MEDIUM
52,347,O,15570.11,1994-10-07,3-MEDIUM
53,312,F,15936.37,1996-06-23,5-LOW
54,933,P,8160.72,1995-03-20,1-URGENT
55,822,O,74062.36,1995-10-15,1-URGENT
56,573,O,46267.84,1997-03-25,1-URGENT
57,67,O,45139.38,1994-11-16,4-NOT SPECIFIED
58,952,F,76795.21,1998-04-14,3-MEDIUM
59,83,F,44604.31,1994-01-11,3-MEDIUM
60,691,F,80520.36,1995-02-02,2-HIGH
61,148,P,53660.61,1995-05-15,1-URGENT
62,365,O,17647.55,1996-07-06,5-LOW
63,315,F,87525.09,1998-02-17,1-URGENT
64,517,O,17125.83,1997-08-17,1-URGENT
65,243,F,57201.76,1995-09-03,2-HIGH
66,108,P,31346.63,1995-04-09,2-HIGH
67,773,P,87437.1,1995-01-27,4-NOT SPECIFIED
68,551,F,19195.84,1992-10-20,5-LOW
69,265,P,50874.43,1998-08-20,2-HIGH
70,692,O,26987.5,1992-10-04,4-NOT SPECIFIED
71,994,P,94558.26,1998-08-26,5-LOW
72,450,O,33766.83,1994-03-26,2-HIGH
73,694,O,37664.05,1992-04-15,5-LOW
74,6,O,1348.85,1993-02-22,4-NOT SPECIFIED
75,76,F,75397.72,1996-03-11,5-LOW
76,315,F,29967.27,1997-12-27,1-URGENT
77,647,O,2061.6,1996-04-25,2-HIGH
78,794,P,93935.89,1997-06-21,4-NOT SPECIFIED
79,793,O,9491.43,1998-12-20,2-HIGH
80,651,O,36292.99,1994-11-21,2-HIGH
81,267,F,23665.7,1994-11-10,1-URGENT
82,744,F,10435.71,1997-06-11,5-LOW
83,871,O,23207.31,1995-12-15,2-HIGH
84,280,O,99105.78,1997-06-16,2-HIGH
85,695,F,6979.89,1992-03-21,4-NOT SPECIFIED
86,242,O,60147.59,1993-05-12,1-URGENT
87,412,O,56830.48,1995-06-25,3-MEDIUM
88,914,O,56389.15,1995-09-20,5-LOW
89,923,O,37136.51,1994-03-14,2-HIGH
90,317,P,2077.93,1994-12-17,5-LOW
91,253,O,39344.14,1994-01-18,2-HIGH
92,415,F,42351.32,1997-09-11,2-HIGH
93,684,O,77862.99,1993-08-15,2-HIGH
94,983,O,66948.19,1993-05-09,3-MEDIUM
95,645,P,32820.67,1993-05-04,4-NOT SPECIFIED
96,739,P,80924.36,1994-02-12,5-LOW
97,421,O,53167.71,1998-12-12,2-HIGH
98,823,F,75392.51,1993-09-12,4-NOT SPECIFIED
99,248,O,84644.88,1996-12-22,1-URGENT
100,267,O,2329.92,1992-06-17,1-URGENT
101,511,F,69872.98,1995-02-14,3-MEDIUM
102,928,O,90663.55,1992-02-05,1-URGENT
103,259,F,1599.91,1996-02-02,4-NOT SPECIFIED
104,789,F,77483.66,1995-02-20,5-LOW
105,566,P,86662.4,1994-03-18,4-NOT SPECIFIED
106,415,P,3119.66,1997-11-08,3-MEDIUM
107,86,O,96494.03,1997-06-10,2-HIGH
108,507,P,83439.61,1993-05-13,3-MEDIUM
109,670,P,48621.38,1992-01-04,1-URGENT
110,170,O,43756.83,1992-11-28,1-URGENT
111,763,F,63477.48,1998-11-07,5-LOW
112,200,O,30889.15,1994-03-24,4-NOT SPECIFIED
113,685,P,91634.78,1998-11-01,2-HIGH
114,886,F,25989.28,1995-12-04,5-LOW
115,477,F,98838.37,1993-08-01,4-NOT SPECIFIED
116,672,F,38591.2,1998-01-17,3-MEDIUM
117,549,F,7920.57,1995-02-27,1-URGENT
118,853,O,89634.31,1994-01-28,5-LOW
119,7,O,22746.15,1992-12-19,3-MEDIUM
120,453,O,72951.23,1994-03-23,5-LOW
121,481,F,6397.6,1998-03-08,5-LOW
122,835,F,1669.02,1998-04-23,5-LOW
123,170,F,42691.55,1994-01-12,4-NOT SPECIFIED
124,47,O,86864.51,1998-01-12,5-LOW
125,603,F,95571.64,1993-01-01,2-HIGH
126,770,F,62835.78,1998-04-08,4-NOT SPECIFIED
127,898,O,32518.0,1996-07-25,2-HIGH
128,848,P,3341.13,1994-02-10,1-URGENT
129,280,P,24171.9,1993-01-17,2-HIGH
130,118,F,95370.35,1995-04-25,3-MEDIUM
131,537,P,61417.28,1993-09-02,2-HIGH
132,220,O,30556.08,1996-03-03,4-NOT SPECIFIED
133,911,P,71143.06,1992-04-13,1-URGENT
134,378,F,63821.69,1994-05-26,2-HIGH
135,604,F,32690.61,1994-02-09,5-LOW
136,227,P,57787.59,1996-06-01,3-MEDIUM
137,710,F,48858.84,1994-06-21,2-HIGH
138,74,F,98812.32,1994-12-25,4-NOT SPECIFIED
139,395,F,56490.7,1996-10-28,5-LOW
140,487,F,60432.71,1997-04-14,5-LOW
141,627,P,43268.49,1997-04-21,4-NOT SPECIFIED
142,120,P,93185.06,1997-06-03,3-MEDIUM
143,296,P,1816.77,1995-10-08,1-URGENT
144,399,P,17300.26,1994-03-11,3-MEDIUM
145,813,F,81033.01,1992-07-15,5-LOW
146,133,O,76272.72,1996-08-09,1-URGENT
147,1,F,83028.87,1996-05-16,5-LOW
148,13,F,89912.86,1992-02-03,2-HIGH
149,265,P,20571.15,1997-08-25,1-URGENT
150,966,P,78353.02,1993-04-27,1-URGENT
151,484,F,52613.95,1998-10-03,3-MEDIUM
152,683,P,28182.11,1995-08-01,5-LOW
153,674,F,43427.79,1998-11-26,3-MEDIUM
154,424,O,85510.46,1995-01-09,3-MEDIUM
155,383,O,47045.57,1997-09-06,4-NOT SPECIFIED
156,972,P,79210.3,1997-10-24,3-MEDIUM
157,131,O,41823.65,1994-10-24,2-HIGH
158,860,F,87164.87,1995-06-08,2-HIGH
159,998,P,55391.9,1998-11-09,2-HIGH
160,593,P,84418.17,1993-02-21,1-URGENT
161,186,O,44290.91,1994-02-12,3-MEDIUM
162,328,O,27887.25,1997-01-28,4-NOT SPECIFIED
163,412,O,88032.38,1998-04-14,1-URGENT
164,744,P,39566.13,1993-11-02,5-LOW
165,861,O,51210.59,1997-04-21,1-URGENT
166,929,F,31957.14,1995-06-09,4-NOT SPECIFIED
167,256,P,51486.0,1994-02-18,1-URGENT
168,371,P,19998.77,1992-11-25,1-URGENT
169,253,F,35399.6,1997-03-06,5-LOW
170,608,O,17064.83,1998-11-23,1-URGENT
171,427,F,28208.17,1994-12-20,1-URGENT
172,571,F,21889.16,1997-08-02,1-URGENT
173,341,F,12450.74,1994-01-09,3-MEDIUM
174,254,P,1206.9,1996-10-19,4-NOT SPECIFIED
175,154,P,11667.53,1997-08-25,1-URGENT
176,829,O,64191.19,1995-04-25,1-URGENT
177,739,O,53230.18,1998-07-01,1-URGENT
178,222,O,81997.86,1995-02-04,3-MEDIUM
179,682,O,37313.33,1994-04-17,4-NOT SPECIFIED
180,785,O,76827.14,1997-07-25,4-NOT SPECIFIED
181,615,O,76588.26,1998-06-04,5-LOW
182,51,F,32057.71,1994-09-09,2-HIGH
183,144,F,13839.09,1996-05-12,3-MEDIUM
184,868,F,52159.02,1997-11-12,2-HIGH
185,541,P,45720.37,1998-09-28,3-MEDIUM
186,481,O,36142.02,1994-04-10,3-MEDIUM
187,563,F,20761.07,1997-03-05,1-URGENT
188,589,O,77285.0,1997-12-05,3-MEDIUM
189,674,F,31782.2,1994-10-21,4-NOT SPECIFIED
190,466,F,60475.59,1995-03-04,3-MEDIUM
191,521,P,74234.29,1994-07-04,1-URGENT
192,539,P,16251.65,1998-03-09,2-HIGH
193,342,O,94398.72,1992-05-22,2-HIGH
194,222,O,89010.08,1995-10-07,2-HIGH
195,76,P,71176.68,1993-11-21,4-NOT SPECIFIED
196,630,F,4784.19,1995-11-24,4-NOT SPECIFIED
197,450,O,13657.98,1993-12-19,1-URGENT
198,190,P,56899.96,1997-06-08,5-LOW
199,805,P,16561.09,1997-05-12,4-NOT SPECIFIED
200,199,F,98844.27,1996-08-06,4-NOT SPECIFIED
201,254,O,20101.6,1994-11-06,4-NOT SPECIFIED
202,411,P,58809.05,1993-03-02,1-URGENT
203,435,F,34496.47,1993-12-05,1-URGENT
204,667,F,2460.52,1994-09-20,2-HIGH
205,330,F,87294.16,1994-11-13,5-LOW
206,253,O,60089.46,1994-05-08,1-URGENT
207,296,O,79034.96,1998-04-23,2-HIGH
208,825,O,59753.36,1992-03-07,2-HIGH
209,706,P,7790.28,1993-04-06,4-NOT SPECIFIED
210,39,O,90275.04,1998-12-05,4-NOT SPECIFIED
211,200,P,56276.16,1993-06-26,5-LOW
212,523,O,49030.82,1994-08-17,5-LOW
213,336,F,76235.11,1996-07-09,3-MEDIUM
214,538,P,48368.17,1997-10-16,5-LOW
215,837,O,13594.4,1992-08-03,1-URGENT
216,210,F,55579.02,1994-12-01,1-URGENT
217,721,F,93801.56,1997-10-10,3-MEDIUM
218,409,P,19516.4,1998-03-22,1-URGENT
219,600,F,62793.99,1997-09-23,2-HIGH
220,158,P,51356.45,1993-11-16,4-NOT SPECIFIED
221,463,F,43704.55,1992-04-17,5-LOW
222,32,P,23350.95,1994-06-20,5-LOW
223,792,O,60340.24,1996-09-04,3-MEDIUM
224,344,F,6204.57,1993-01-06,3-MEDIUM
225,922,F,22561.78,1995-12-11,3-MEDIUM
226,569,O,37542.38,1992-11-21,5-LOW
227,891,F,45594.62,1997-02-14,3-MEDIUM
228,460,F,9324.42,1996-11-22,2-HIGH
229,903,P,31370.15,1993-12-13,2-HIGH
230,698,P,3525.46,1993-09-23,3-MEDIUM
231,128,F,81947.13,1996-01-05,3-MEDIUM
232,235,F,73727.27,1997-12-12,4-NOT SPECIFIED
233,133,O,33657.2,1997-02-22,3-MEDIUM
234,47,O,17672.7,1995-01-25,1-URGENT
235,280,F,44302.87,1993-08-07,3-MEDIUM
236,619,P,32810.6,1998-12-04,1-URGENT
237,122,F,21651.38,1993-10-10,3-MEDIUM
238,424,P,93443.01,1998-02-23,2-HIGH
239,738,O,53825.28,1998-06-12,3-MEDIUM
240,565,F,40195.56,1994-05-07,3-MEDIUM
241,940,P,8295.12,1998-11-22,2-HIGH
242,950,F,6663.95,1998-03-05,4-NOT SPECIFIED
243,40,F,50830.37,1996-07-01,3-MEDIUM
244,93,P,18411.34,1998-02-09,2-HIGH
245,439,P,39718.12,1997-08-16,1-URGENT
246,306,F,10219.98,1992-03-12,4-NOT SPECIFIED
247,724,P,62006.74,1997-12-02,5-LOW
248,59,P,67152.86,1998-10-02,2-HIGH
249,403,O,44512.96,1998-06-07,2-HIGH
250,550,F,96431.7,1996-05-09,4-NOT SPECIFIED
251,182,F,83226.92,1992-12-05,5-LOW
252,19,P,94940.11,1995-01-25,3-MEDIUM
253,306,O,50276.19,1993-02-01,5-LOW
254,236,P,77835.82,1992-03-13,5-LOW
255,396,P,86862.18,1997-09-15,5-LOW
256,378,P,93286.2,1997-08-27,4-NOT SPECIFIED
257,326,F,69836.94,1998-10-08,2-HIGH
258,494,F,30244.55,1996-08-17,5-LOW
259,576,P,92349.72,1993-08-17,2-HIGH
260,129,F,44716.64,1997-02-26,4-NOT SPECIFIED
261,119,P,87412.35,1993-06-21,1-URGENT
262,27,P,19530.7,1995-07-03,5-LOW
263,936,O,91171.26,1997-10-16,2-HIGH
264,41,O,8393.11,1994-12-25,4-NOT SPECIFIED
265,843,O,78950.09,1992-05-20,4-NOT SPECIFIED
266,49,F,90828.45,1992-04-18,2-HIGH
267,182,O,44609.67,1992-02-03,3-MEDIUM
268,319,P,63520.53,1992-07-11,3-MEDIUM
269,842,O,4032.84,1992-02-22,3-MEDIUM
270,703,F,52738.68,1994-02-07,4-NOT SPECIFIED
271,620,O,17261.22,1996-03-12,3-MEDIUM
272,723,P,88922.45,1993-09-15,5-LOW
273,161,O,31457.8,1994-11-19,3-MEDIUM
274,592,P,90756.07,1995-03-08,3-MEDIUM
275,468,F,97020.98,1997-02-07,5-LOW
276,180,O,69845.34,1995-07-24,5-LOW
277,696,O,81778.5,1992-02-05,1-URGENT
278,119,O,66547.55,1998-07-10,3-MEDIUM
279,891,P,67437.13,1998-07-27,3-MEDIUM
280,195,P,29259.66,1995-07-05,4-NOT SPECIFIED
281,781,O,61992.21,1997-10-06,3-MEDIUM
282,813,P,52637.4,1996-10-05,4-NOT SPECIFIED
283,693,P,17913.11,1998-08-04,4-NOT SPECIFIED
284,962,P,87489.1,1998-02-14,5-LOW
285,700,P,24768.78,1994-02-23,1-URGENT
286,308,F,91895.35,1992-12-05,3-MEDIUM
287,993,P,50077.02,1992-12-17,5-LOW
288,490,F,42220.81,1998-05-21,2-HIGH
289,694,P,91630.44,1998-05-13,1-URGENT
290,538,P,43056.27,1992-07-07,4-NOT SPECIFIED
291,26,F,71292.97,1993-06-28,4-NOT SPECIFIED
292,221,O,15059.57,1998-12-18,1-URGENT
293,836,F,17933.9,1998-11-22,3-MEDIUM
294,189,P,96604.49,1996-01-19,4-NOT SPECIFIED
295,189,O,3029.7,1996-12-09,5-LOW
296,638,F,23027.35,1996-07-02,3-MEDIUM
297,720,O,16444.87,1995-10-02,5-LOW
298,448,F,94681.34,1998-03-04,4-NOT SPECIFIED
299,478,F,74598.02,1993-11-15,3-MEDIUM
300,863,O,78663.91,1994-03-26,4-NOT SPECIFIED
301,740,O,88665.61,1998-06-10,4-NOT SPECIFIED
302,531,F,89447.78,1995-04-05,1-URGENT
303,49,F,62966.22,1993-11-16,2-HIGH
304,50,O,6156.11,1995-10-28,1-URGENT
305,293,F,79084.48,1998-11-03,4-NOT SPECIFIED
306,304,P,94670.56,1995-11-15,4-NOT SPECIFIED
307,10,O,54463.73,1993-06-09,1-URGENT
308,922,P,64275.11,1998-06-17,1-URGENT
309,571,P,8348.37,1994-09-13,5-LOW
310,655,P,29655.56,1997-03-11,1-URGENT
311,103,O,88505.62,1997-07-22,1-URGENT
312,739,O,49277.29,1994-04-01,5-LOW
313,135,F,62124.57,1992-11-08,1-URGENT
314,554,O,4740.83,1998-02-02,2-HIGH
315,312,F,24667.23,1995-10-02,5-LOW
316,427,F,43852.28,1994-03-23,1-URGENT
317,725,P,74194.73,1996-09-04,1-URGENT
318,604,F,92491.56,1997-11-24,4-NOT SPECIFIED
319,89,F,96345.48,1995-10-04,4-NOT SPECIFIED
320,990,O,95792.43,1997-01-22,3-MEDIUM
321,843,O,82425.31,1993-12-27,5-LOW
322,983,F,36147.87,1995-06-17,4-NOT SPECIFIED
323,228,P,74087.68,1996-09-12,3-MEDIUM
324,833,F,82397.36,1993-04-10,2-HIGH
325,638,F,2904.92,1996-11-13,1-URGENT
326,858,P,91512.32,1995-04-18,3-MEDIUM
327,224,F,9205.39,1997-11-07,5-LOW
328,976,P,18705.47,1994-08-01,4-NOT SPECIFIED
329,11,F,78313.7,1996-10-17,1-URGENT
330,285,O,36450.13,1996-02-01,1-URGENT
331,583,F,90787.39,1993-11-09,4-NOT SPECIFIED
332,635,O,86476.68,1996-03-01,4-NOT SPECIFIED
333,321,O,15012.62,1995-11-25,4-NOT SPECIFIED
334,567,F,5754.07,1992-12-01,1-URGENT
335,818,P,4188.59,1998-10-24,1-URGENT
336,559,O,80510.15,1996-08-24,2-HIGH
337,271,O,14004.92,1992-02-13,4-NOT SPECIFIED
338,331,F,58929.41,1995-06-11,1-URGENT
339,578,O,29679.87,1998-08-02,4-NOT SPECIFIED
340,760,O,5226.47,1993-05-16,5-LOW
341,879,P,83145.86,1995-04-15,2-HIGH
342,602,O,35959.61,1995-06-01,3-MEDIUM
343,161,O,45677.53,1994-09-28,3-MEDIUM
344,510,F,58617.78,1998-11-01,1-URGENT
345,72,O,28673.18,1995-12-01,5-LOW
346,239,O,8519.85,1997-08-16,5-LOW
347,681,F,78907.41,1993-07-02,2-HIGH
348,260,P,21694.25,1993-08-18,4-NOT SPECIFIED
349,443,F,6362.76,1992-07-01,2-HIGH
350,378,O,50369.11,1998-05-18,2-HIGH
351,462,P,42339.62,1998-11-12,2-HIGH
352,448,P,51199.38,1993-06-27,3-MEDIUM
353,394,O,82558.87,1996-05-22,4-NOT SPECIFIED
354,735,O,69223.82,1995-01-08,2-HIGH
355,764,P,47673.95,1997-07-01,3-MEDIUM
356,698,F,79657.36,1997-12-16,4-NOT SPECIFIED
357,490,P,6751.55,1995-05-22,3-MEDIUM
358,982,O,76376.57,1992-08-01,4-NOT SPECIFIED
359,559,F,82180.25,1994-10-21,4-NOT SPECIFIED
360,348,P,6968.28,1998-08-24,1-URGENT
361,398,P,41353.58,1997-02-28,5-LOW
362,413,F,47649.53,1995-03-10,4-NOT SPECIFIED
363,648,P,22370.94,1995-12-10,2-HIGH
364,789,P,56892.92,1998-03-18,1-URGENT
365,920,F,11357.62,1996-03-19,3-MEDIUM
366,455,P,55071.89,1993-10-07,5-LOW
367,472,F,15660.64,1998-08-15,2-HIGH
368,708,P,52766.08,1996-04-04,4-NOT SPECIFIED
369,176,P,50239.57,1995-11-26,2-HIGH
370,878,O,18908.27,1992-05-21,1-URGENT
371,813,O,95972.66,1995-09-07,3-MEDIUM
372,604,O,3119.21,1992-01-05,3-MEDIUM
373,699,F,55516.56,1995-09-07,2-HIGH
374,500,F,20309.68,1996-11-06,5-LOW
375,583,F,39943.57,1998-07-02,2-HIGH
376,43,O,85844.0,1997-06-27,5-LOW
377,320,P,72625.66,1993-04-03,2-HIGH
378,776,F,53853.63,1992-02-02,2-HIGH
379,110,P,40836.53,1996-09-12,4-NOT SPECIFIED
380,752,O,97182.04,1992-01-28,5-LOW
381,307,P,85516.19,1995-10-15,4-NOT SPECIFIED
382,164,F,3030.73,1992-07-01,2-HIGH
383,291,P,92144.57,1993-04-18,2-HIGH
384,739,F,44008.31,1992-12-17,5-LOW
385,656,O,8954.07,1992-10-10,3-MEDIUM
386,468,O,79440.1,1992-08-28,1-URGENT
387,464,F,65534.47,1993-12-08,3-MEDIUM
388,127,F,20530.0,1995-08-08,3-MEDIUM
389,202,O,34566.46,1994-10-06,4-NOT SPECIFIED
390,203,P,68637.11,1993-03-05,3-MEDIUM
391,768,P,84441.53,1998-02-01,3-MEDIUM
392,751,P,64597.18,1993-11-14,5-LOW
393,674,F,20091.1,1992-04-04,3-MEDIUM
394,639,O,25073.64,1996-09-13,5-LOW
395,73,P,58610.06,1995-03-01,1-URGENT
396,248,F,75473.66,1993-11-26,2-HIGH
397,407,P,70857.43,1992-03-25,1-URGENT
398,637,P,91412.42,1997-08-01,2-HIGH
399,483,F,12172.34,1996-04-23,2-HIGH
400,350,F,32769.03,1996-05-14,1-URGENT
401,969,F,34400.54,1995-11-09,2-HIGH
402,564,O,88509.41,1993-08-10,4-NOT SPECIFIED
403,997,O,33845.67,1997-09-16,2-HIGH
404,606,O,39962.01,1998-11-04,3-MEDIUM
405,943,O,59163.78,1997-04-10,1-URGENT
406,388,O,35544.76,1996-11-20,3-MEDIUM
407,340,F,29613.45,1992-06-15,2-HIGH
408,330,O,35744.33,1998-02-06,4-NOT SPECIFIED
409,152,P,19137.14,1994-10-10,2-HIGH
410,877,O,18381.99,1993-07-23,1-URGENT
411,201,O,83485.45,1993-03-21,1-URGENT
412,907,P,95262.35,1997-09-06,3-MEDIUM
413,733,P,85958.33,1993-12-07,5-LOW
414,80,P,84001.66,1993-12-07,5-LOW
415,929,P,63368.22,1998-01-06,2-HIGH
416,142,O,54210.83,1998-06-01,3-MEDIUM
417,444,F,49638.41,1996-11-01,1-URGENT
418,97,O,90509.69,1997-08-28,3-MEDIUM
419,306,O,54458.49,1997-05-09,3-MEDIUM
420,304,F,60138.01,1992-12-10,5-LOW
421,248,P,58735.97,1994-05-25,5-LOW
422,184,O,57948.91,1992-06-27,4-NOT SPECIFIED
423,680,P,18859.59,1994-10-22,4-NOT SPECIFIED
424,400,F,28573.86,1997-06-02,1-URGENT
425,552,P,82487.23,1993-01-05,1-URGENT
426,310,O,9690.33,1998-10-26,5-LOW
427,932,F,51475.87,1995-01-28,4-NOT SPECIFIED
428,356,F,66763.52,1997-09-27,3-MEDIUM
429,268,P,31524.75,1998-11-25,1-URGENT
430,739,P,97468.2,1998-08-03,4-NOT SPECIFIED
431,776,F,32308.07,1996-07-09,4-NOT SPECIFIED
432,420,P,72515.66,1995-06-17,5-LOW
433,21,F,59080.96,1993-01-18,1-URGENT
434,718,F,98318.34,1992-12-08,4-NOT SPECIFIED
435,756,F,22044.59,1995-02-25,2-HIGH
436,645,O,35806.63,1993-05-02,4-NOT SPECIFIED
437,469,P,46146.61,1995-03-09,3-MEDIUM
438,585,F,94637.49,1994-09-14,1-URGENT
439,118,P,47635.72,1998-03-21,2-HIGH
440,525,F,37715.89,1994-07-06,5-LOW
441,647,F,84305.47,1994-06-22,1-URGENT
442,87,P,95525.3,1994-11-17,2-HIGH
443,978,P,51119.97,1998-07-13,4-NOT SPECIFIED
444,856,F,55069.85,1993-09-21,4-NOT SPECIFIED
445,538,P,20572.27,1998-10-27,3-MEDIUM
446,603,P,87634.79,1993-08-22,5-LOW
447,948,P,59494.85,1995-11-08,5-LOW
448,782,P,96431.8,1998-03-18,4-NOT SPECIFIED
449,423,P,88884.41,1997-11-25,2-HIGH
450,533,F,11860.8,1994-05-21,1-URGENT
451,312,O,93930.66,1995-04-24,4-NOT SPECIFIED
452,930,O,89708.66,1997-07-27,5-LOW
453,172,P,76957.45,1997-03-28,1-URGENT
454,36,F,35146.91,1994-11-11,2-HIGH
455,195,O,31659.07,1992-09-06,4-NOT SPECIFIED
456,37,P,85532.87,1993-03-28,1-URGENT
457,606,F,29628.0,1992-08-13,1-URGENT
458,688,F,93761.11,1992-05-17,3-MEDIUM
459,892,O,29241.82,1992-03-11,4-NOT SPECIFIED
460,395,F,21062.61,1997-06-08,2-HIGH
461,60,F,82713.62,1997-05-14,1-URGENT
462,633,F,28622.05,1995-10-02,5-LOW
463,3,O,46100.12,1995-10-19,3-MEDIUM
464,14,F,70739.79,1995-05-03,3-MEDIUM
465,779,P,16185.83,1995-01-16,3-MEDIUM
466,457,O,58654.63,1996-04-09,4-NOT SPECIFIED
467,597,O,9967.32,1993-06-09,4-NOT SPECIFIED
468,631,P,49732.86,1994-04-01,3-MEDIUM
469,76,F,90621.69,1992-07-20,3-MEDIUM
470,494,F,31033.81,1995-10-11,3-MEDIUM
471,912,F,53371.13,1998-03-03,5-LOW
472,349,P,27322.42,1998-07-15,3-MEDIUM
473,995,P,99172.7,1992-10-02,4-NOT SPECIFIED
474,605,P,25713.68,1993-01-01,5-LOW
475,515,P,28099.98,1997-04-14,2-HIGH
476,956,P,94596.11,1993-03-05,1-URGENT
477,567,F,13655.35,1994-12-12,2-HIGH
478,605,F,57793.3,1993-11-02,2-HIGH
479,457,P,18172.35,1997-04-13,5-LOW
480,173,P,40891.46,1996-12-24,1-URGENT
481,570,F,73221.5,1998-01-16,5-LOW
482,826,P,41005.28,1998-11-03,1-URGENT
483,331,O,6978.75,1994-12-22,4-NOT SPECIFIED
484,537,P,33185.91,1998-01-10,5-LOW
485,951,P,9745.89,1996-10-27,5-LOW
486,601,O,16004.28,1995-11-17,1-URGENT
487,353,O,65645.82,1997-07-15,1-URGENT
488,879,P,58376.69,1996-12-11,3-MEDIUM
489,106,O,93840.28,1997-08-04,4-NOT SPECIFIED
490,441,O,14655.34,1996-05-27,4-NOT SPECIFIED
491,729,F,93732.05,1996-03-06,3-MEDIUM
492,209,O,17159.89,1998-10-10,1-URGENT
493,532,F,31242.64,1998-05-25,4-NOT SPECIFIED
494,203,F,9165.02,1994-06-12,5-LOW
495,422,F,27995.46,1993-09-12,1-URGENT
496,727,P,38409.95,1993-04-04,2-HIGH
497,290,O,35633.16,1994-01-11,5-LOW
498,6,P,99325.12,1992-09-02,1-URGENT
499,696,O,15265.98,1998-01-02,3-MEDIUM
500,951,P,6202.19,1994-01-26,4-NOT SPECIFIED
501,928,P,87385.45,1997-08-16,3-MEDIUM
502,845,P,48398.97,1998-05-27,3-MEDIUM
503,188,F,95958.4,1998-02-26,5-LOW
504,791,O,29582.99,1997-08-09,4-NOT SPECIFIED
505,491,P,94075.58,1992-11-18,5-LOW
506,346,O,89204.04,1994-05-01,5-LOW
507,836,P,23131.31,1995-06-13,3-MEDIUM
508,930,O,18683.21,1996-12-08,4-NOT SPECIFIED
509,178,F,85037.72,1992-11-12,5-LOW
510,159,P,92090.68,1993-05-16,4-NOT SPECIFIED
511,122,P,96516.1,1992-09-11,4-NOT SPECIFIED
512,197,P,16531.88,1996-02-02,3-MEDIUM
513,177,F,26467.58,1993-07-08,3-MEDIUM
514,293,O,42306.1,1993-08-19,5-LOW
515,961,F,45286.02,1993-01-12,5-LOW
516,992,O,19539.33,1992-11-08,3-MEDIUM
517,469,P,36153.19,1998-12-20,3-MEDIUM
518,583,P,97524.48,1997-12-07,5-LOW
519,41,P,24681.22,1996-01-14,3-MEDIUM
520,575,P,64038.5,1998-11-09,2-HIGH
521,627,O,25542.56,1994-02-21,5-LOW
522,431,O,79722.77,1995-11-10,1-URGENT
523,870,P,70632.85,1995-10-12,2-HIGH
524,645,O,5864.52,1997-12-10,1-URGENT
525,670,O,70151.68,1995-12-12,3-MEDIUM
526,286,P,73035.34,1997-04-07,4-NOT SPECIFIED
527,610,O,19550.6,1995-03-20,5-LOW
528,538,P,71147.52,1998-08-24,3-MEDIUM
529,940,O,24689.74,1997-02-01,2-HIGH
530,624,F,93474.96,1994-08-25,4-NOT SPECIFIED
531,581,O,92643.98,1998-10-04,5-LOW
532,480,O,69764.18,1995-02-26,4-NOT SPECIFIED
533,718,O,60767.63,1994-02-14,3-MEDIUM
534,111,F,17385.96,1997-02-10,2-HIGH
535,334,P,90460.41,1994-10-23,2-HIGH
536,23,P,11044.85,1993-06-12,1-URGENT
537,761,F,10333.94,1998-01-11,2-HIGH
538,908,F,94050.68,1995-08-13,5-LOW
539,900,F,18441.81,1998-03-21,4-NOT SPECIFIED
540,165,O,23864.37,1994-11-11,4-NOT SPECIFIED
541,525,P,51440.4,1992-05-23,1-URGENT
542,173,O,83687.87,1996-07-17,3-MEDIUM
543,812,F,25128.11,1995-12-02,5-LOW
544,592,P,78833.52,1997-07-10,3-MEDIUM
545,93,O,90268.56,1997-01-15,3-MEDIUM
546,832,O,41463.9,1998-05-27,3-MEDIUM
547,793,O,39712.67,1996-05-21,4-NOT SPECIFIED
548,681,F,73210.76,1993-03-01,3-MEDIUM
549,888,F,15571.12,1993-01-08,2-HIGH
550,714,F,47205.58,1998-09-14,1-URGENT
551,184,P,35292.82,1998-07-18,1-URGENT
552,923,F,79337.27,1994-03-28,2-HIGH
553,29,P,4453.15,1994-03-09,5-LOW
554,906,P,35012.06,1996-11-15,1-URGENT
555,688,P,19144.47,1997-06-15,2-HIGH
556,909,P,38908.88,1998-05-24,3-MEDIUM
557,384,P,12133.35,1996-11-14,2-HIGH
558,784,P,64572.11,1996-12-28,5-LOW
559,459,P,21449.8,1994-12-05,2-HIGH
560,550,P,22816.65,1992-04-09,4-NOT SPECIFIED
561,968,P,15501.47,1998-05-14,3-MEDIUM
562,956,F,91271.53,1994-04-03,4-NOT SPECIFIED
563,698,O,14516.11,1998-03-03,1-URGENT
564,1000,P,61903.53,1995-08-27,4-NOT SPECIFIED
565,847,O,64645.27,1994-05-23,4-NOT SPECIFIED
566,887,P,8629.91,1997-05-15,1-URGENT
567,892,F,33045.16,1996-07-05,4-NOT SPECIFIED
568,131,F,98768.81,1996-02-23,4-NOT SPECIFIED
569,79,O,24375.83,1996-06-28,3-MEDIUM
570,227,F,88098.79,1995-11-07,5-LOW
571,471,F,45516.75,1994-07-22,4-NOT SPECIFIED
572,330,F,49361.31,1993-12-16,5-LOW
573,231,F,53436.19,1997-01-16,5-LOW
574,800,F,73885.35,1994-09-17,5-LOW
575,672,O,56163.55,1996-12-16,3-MEDIUM
576,263,O,89682.35,1997-10-24,3-MEDIUM
577,651,O,63998.51,1997-04-12,5-LOW
578,240,F,56318.43,1994-05-14,4-NOT SPECIFIED
579,998,O,12197.89,1994-07-20,5-LOW
580,150,F,93687.11,1992-11-16,2-HIGH
581,95,O,44468.5,1995-09-20,3-MEDIUM
582,410,O,14806.73,1998-07-11,2-HIGH
583,129,O,29333.65,1997-10-20,2-HIGH
584,310,F,99472.44,1998-10-18,4-NOT SPECIFIED
585,423,F,67310.19,1996-02-17,3-MEDIUM
586,75,O,26602.56,1993-09-04,1-URGENT
587,924,P,4828.9,1992-06-10,1-URGENT
588,156,F,37329.08,1994-01-28,1-URGENT
589,649,P,47099.67,1997-02-08,5-LOW
590,216,F,85075.99,1998-07-13,4-NOT SPECIFIED
591,622,F,93987.51,1998-04-26,5-LOW
592,689,P,62469.01,1997-06-19,5-LOW
593,220,P,18202.42,1992-10-26,1-URGENT
594,948,F,21031.52,1997-09-14,3-MEDIUM
595,15,O,20819.78,1998-11-10,3-MEDIUM
596,195,P,63152.27,1997-12-02,2-HIGH
597,438,O,68176.93,1996-06-19,3-MEDIUM
598,715,O,14766.73,1992-10-16,3-MEDIUM
599,819,P,91126.72,1992-09-10,4-NOT SPECIFIED
600,986,O,68402.06,1995-02-05,3-MEDIUM
601,541,O,76542.56,1998-08-20,5-LOW
602,235,P,52585.23,1995-02-07,2-HIGH
603,651,O,52022.73,1997-10-18,3-MEDIUM
604,550,P,21584.95,1992-02-12,4-NOT SPECIFIED
605,841,F,33923.55,1994-01-14,2-HIGH
606,249,F,93225.17,1994-08-04,4-NOT SPECIFIED
607,140,O,54429.78,1993-04-08,2-HIGH
608,217,P,72754.4,1995-10-07,1-URGENT
609,36,O,29620.45,1992-05-03,3-MEDIUM
610,966,P,64630.17,1993-05-16,3-MEDIUM
611,238,F,60242.48,1995-09-28,5-LOW
612,299,P,97427.35,1994-12-10,2-HIGH
613,399,O,87365.85,1994-07-13,2-HIGH
614,547,O,86973.82,1998-09-08,1-URGENT
615,95,O,63332.58,1997-05-27,1-URGENT
616,570,P,22593.45,1997-01-06,4-NOT SPECIFIED
617,64,P,18186.26,1994-03-11,4-NOT SPECIFIED
618,120,O,73875.05,1998-04-04,2-HIGH
619,852,O,38772.68,1992-11-24,1-URGENT
620,295,O,53224.42,1993-07-14,1-URGENT
621,139,P,13640.24,1994-04-02,1-URGENT
622,515,P,62413.14,1997-02-18,3-MEDIUM
623,81,O,23781.34,1998-07-11,3-MEDIUM
624,957,F,94002.58,1993-09-22,5-LOW
625,501,P,90023.29,1995-11-18,5-LOW
626,796,F,78531.82,1994-11-17,1-URGENT
627,668,P,99239.07,1994-07-07,4-NOT SPECIFIED
628,200,O,24697.64,1994-09-17,4-NOT SPECIFIED
629,498,P,1903.16,1993-12-22,1-URGENT
630,86,P,59986.46,1993-04-28,3-MEDIUM
631,471,P,73280.74,1993-03-12,2-HIGH
632,952,O,42031.99,1997-10-23,3-MEDIUM
633,518,P,30810.99,1994-01-03,1-URGENT
634,708,F,50426.1,1997-12-20,3-MEDIUM
635,233,P,89371.43,1995-05-26,3-MEDIUM
636,839,P,68582.7,1997-03-06,3-MEDIUM
637,536,O,77521.36,1993-05-25,4-NOT SPECIFIED
638,238,P,95269.68,1995-07-09,5-LOW
639,940,F,10274.26,1992-11-18,3-MEDIUM
640,739,F,89016.04,1998-10-16,2-HIGH
641,513,P,73097.54,1995-05-08,5-LOW
642,910,F,34568.26,1993-01-06,1-URGENT
643,110,P,47855.01,1994-11-19,3-MEDIUM
644,821,F,93715.92,1992-12-13,1-URGENT
645,839,P,90244.53,1994-03-15,5-LOW
646,115,F,42958.93,1994-12-10,2-HIGH
647,960,F,36511.78,1995-02-25,2-HIGH
648,807,P,74367.15,1992-08-09,3-MEDIUM
649,912,O,80527.74,1994-12-04,5-LOW
650,904,P,87426.91,1997-11-04,1-URGENT
651,131,P,65199.6,1995-06-01,4-NOT SPECIFIED
652,783,O,5959.51,1994-07-03,4-NOT SPECIFIED
653,278,O,73104.61,1997-03-24,4-NOT SPECIFIED
654,290,P,34366.16,1995-02-25,3-MEDIUM
655,156,F,5930.55,1994-01-18,5-LOW
656,769,O,30833.85,1993-08-16,4-NOT SPECIFIED
657,904,O,92867.1,1995-08-08,2-HIGH
658,84,P,19616.58,1998-09-13,5-LOW
659,148,P,32404.77,1994-12-20,4-NOT SPECIFIED
660,367,O,80645.36,1992-02-07,2-HIGH
661,608,F,63404.46,1995-03-20,3-MEDIUM
662,662,P,83614.77,1993-03-05,5-LOW
663,436,P,46744.21,1993-01-20,3-MEDIUM
664,63,O,69994.39,1995-01-20,5-LOW
665,788,O,41793.27,1998-08-23,4-NOT SPECIFIED
666,69,O,89432.82,1998-01-25,4-NOT SPECIFIED
667,220,F,55218.38,1998-06-27,3-MEDIUM
668,41,F,90543.77,1996-03-01,4-NOT SPECIFIED
669,351,O,59484.89,1998-02-17,3-MEDIUM
670,361,P,98690.52,1992-04-25,3-MEDIUM
671,8,F,92534.47,1993-02-16,3-MEDIUM
672,735,P,2722.28,1998-04-05,1-URGENT
673,459,O,33217.91,1994-03-18,5-LOW
674,431,F,29137.51,1992-11-18,2-HIGH
675,241,P,85315.01,1993-05-28,4-NOT SPECIFIED
676,681,F,7889.11,1994-05-03,3-MEDIUM
677,97,P,48660.53,1994-03-25,1-URGENT
678,607,F,70952.02,1995-03-12,1-URGENT
679,211,P,12404.25,1992-07-25,2-HIGH
680,659,P,53243.34,1994-12-17,1-URGENT
681,832,P,8848.39,1997-04-02,4-NOT SPECIFIED
682,822,F,8081.32,1994-10-16,2-HIGH
683,383,P,88743.1,1998-02-19,1-URGENT
684,680,O,83271.37,1998-08-09,4-NOT SPECIFIED
685,112,O,71259.49,1993-10-15,5-LOW
686,63,O,88472.35,1993-05-26,4-NOT SPECIFIED
687,414,O,41835.82,1996-11-28,3-MEDIUM
688,604,F,42662.3,1996-10-09,5-LOW
689,737,F,7022.65,1998-06-01,2-HIGH
690,140,O,71202.61,1997-03-02,1-URGENT
691,884,P,48272.98,1997-10-17,1-URGENT
692,331,F,8412.52,1993-01-27,4-NOT SPECIFIED
693,633,F,57637.64,1995-07-12,4-NOT SPECIFIED
694,784,P,51887.25,1994-02-04,4-NOT SPECIFIED
695,520,P,43643.11,1997-08-21,2-HIGH
696,851,O,47209.9,1998-09-21,3-MEDIUM
697,345,O,8696.13,1995-08-13,4-NOT SPECIFIED
698,76,F,47139.08,1994-10-08,1-URGENT
699,910,F,90023.71,1996-01-22,2-HIGH
700,238,P,38525.37,1995-11-07,1-URGENT
701,238,P,63737.36,1992-05-12,5-LOW
702,763,P,48309.91,1995-06-28,3-MEDIUM
703,779,F,55045.38,1997-09-07,3-MEDIUM
704,597,O,1542.39,1997-05-24,1-URGENT
705,733,P,75651.24,1993-02-18,5-LOW
706,800,F,11728.37,1992-04-08,1-URGENT
707,916,F,55393.96,1993-02-27,5-LOW
708,622,O,72602.15,1997-11-16,1-URGENT
709,477,P,12912.01,1996-06-24,2-HIGH
710,41,O,42570.78,1996-02-24,5-LOW
711,797,O,36761.55,1994-06-26,5-LOW
712,961,F,2819.4,1998-06-04,3-MEDIUM
713,36,O,76084.52,1995-11-02,3-MEDIUM
714,699,O,54237.85,1993-02-28,2-HIGH
715,834,F,36210.82,1994-06-06,5-LOW
716,468,F,64235.11,1993-04-06,1-URGENT
717,705,P,14646.02,1997-05-04,2-HIGH
718,561,O,1223.45,1995-03-02,2-HIGH
719,924,O,66368.71,1998-01-16,3-MEDIUM
720,359,P,70302.4,1995-10-14,2-HIGH
721,787,O,46676.85,1993-04-26,5-LOW
722,753,P,11628.13,1997-03-27,5-LOW
723,130,F,60606.35,1992-12-05,5-LOW
724,680,P,38427.61,1992-11-02,5-LOW
725,702,F,29776.86,1993-05-13,3-MEDIUM
726,348,O,90633.59,1998-05-04,3-MEDIUM
727,783,F,33363.53,1996-10-19,1-URGENT
728,399,F,31224.24,1993-12-20,5-LOW
729,772,F,61800.37,1997-08-24,2-HIGH
730,53,P,91207.08,1998-08-26,2-HIGH
731,657,O,44871.56,1994-04-11,2-HIGH
732,140,P,25059.38,1998-03-02,4-NOT SPECIFIED
733,983,P,19964.62,1998-03-25,5-LOW
734,524,O,77646.84,1997-02-02,5-LOW
735,87,P,5521.68,1996-04-16,5-LOW
736,16,F,51863.13,1995-06-19,1-URGENT
737,641,P,53072.13,1993-03-01,2-HIGH
738,405,P,85960.62,1998-01-14,2-HIGH
739,466,F,64516.15,1994-05-21,4-NOT SPECIFIED
740,802,F,70555.58,1994-11-24,2-HIGH
741,588,F,11941.47,1993-02-07,1-URGENT
742,244,P,93515.35,1994-06-06,5-LOW
743,890,O,51679.77,1995-08-03,5-LOW
744,965,F,31226.69,1997-07-21,1-URGENT
745,471,F,92167.04,1992-02-17,5-LOW
746,843,P,43209.85,1996-01-17,2-HIGH
747,469,O,19534.58,1993-04-15,4-NOT SPECIFIED
748,592,O,50138.98,1997-01-21,2-HIGH
749,323,O,88569.4,1996-04-17,2-HIGH
750,690,F,90645.33,1992-02-16,4-NOT SPECIFIED
751,434,F,3054.57,1998-03-27,1-URGENT
752,527,F,80040.98,1994-03-24,3-MEDIUM
753,529,P,31589.18,1998-06-01,3-MEDIUM
754,239,O,90707.76,1997-06-26,1-URGENT
755,83,F,75813.8,1995-05-17,2-HIGH
756,94,O,83546.65,1994-08-11,3-MEDIUM
757,678,F,96012.32,1992-08-25,5-LOW
758,251,P,84230.96,1997-04-28,5-LOW
759,56,O,21221.03,1995-11-18,2-HIGH
760,31,O,73954.13,1994-11-13,4-NOT SPECIFIED
761,726,O,69774.36,1993-05-04,5-LOW
762,222,P,54575.31,1995-05-04,3-MEDIUM
763,777,F,78158.23,1993-12-11,3-MEDIUM
764,696,P,54040.16,1998-07-08,1-URGENT
765,350,P,26956.91,1997-08-06,5-LOW
766,527,P,11021.05,1996-03-26,1-URGENT
767,964,P,34751.7,1994-02-23,4-NOT SPECIFIED
768,614,O,84084.77,1992-08-19,1-URGENT
769,932,P,10509.11,1993-03-23,3-MEDIUM
770,616,F,16356.65,1995-12-26,1-URGENT
771,348,P,65903.14,1998-01-25,3-MEDIUM
772,253,F,79222.75,1992-11-09,1-URGENT
773,784,O,6249.05,1992-07-01,5-LOW
774,515,P,69037.71,1994-09-13,1-URGENT
775,752,P,57943.73,1998-08-22,4-NOT SPECIFIED
776,107,F,81306.3,1992-08-21,1-URGENT
777,826,O,61594.74,1994-12-03,2-HIGH
778,959,O,78500.19,1995-10-18,2-HIGH
779,265,F,94940.86,1995-07-21,3-MEDIUM
780,849,O,35633.03,1994-02-06,4-NOT SPECIFIED
781,90,O,84256.5,1998-04-23,1-URGENT
782,53,O,28913.65,1993-04-15,5-LOW
783,903,P,99103.08,1992-07-02,1-URGENT
784,872,P,26196.49,1992-07-12,4-NOT SPECIFIED
785,487,P,79582.42,1993-07-04,4-NOT SPECIFIED
786,389,O,35797.44,1995-08-10,1-URGENT
787,294,P,63923.87,1995-10-06,1-URGENT
788,277,O,60011.34,1993-02-02,2-HIGH
789,206,O,70365.81,1992-02-06,5-LOW
790,837,F,96051.18,1998-11-26,5-LOW
791,61,P,89782.18,1997-11-11,5-LOW
792,925,F,29383.0,1992-09-17,5-LOW
793,499,F,91690.93,1998-02-28,5-LOW
794,603,O,7280.05,1997-06-08,4-NOT SPECIFIED
795,400,P,55531.15,1993-12-08,1-URGENT
796,876,O,18453.87,1998-08-05,5-LOW
797,404,O,46338.07,1993-02-20,3-MEDIUM
798,904,F,93675.65,1997-02-23,2-HIGH
799,560,F,16666.24,1998-08-06,4-NOT SPECIFIED
800,257,O,23873.01,1998-07-01,3-MEDIUM
801,237,P,5735.3,1995-11-10,2-HIGH
802,152,F,47437.76,1992-10-06,1-URGENT
803,729,O,13601.9,1993-03-17,2-HIGH
804,996,P,18339.77,1998-08-18,5-LOW
805,947,P,45134.98,1997-10-15,1-URGENT
806,834,F,49962.31,1996-05-06,2-HIGH
807,807,F,27854.78,1997-04-14,1-URGENT
808,212,O,33419.69,1993-01-27,5-LOW
809,446,P,75734.7,1994-06-25,3-MEDIUM
810,854,F,40375.01,1993-08-27,2-HIGH
811,805,P,42061.06,1992-09-02,1-URGENT
812,517,P,77090.33,1998-08-26,1-URGENT
813,301,O,61243.52,1998-05-14,5-LOW
814,690,P,55523.45,1994-01-25,4-NOT SPECIFIED
815,596,O,6761.18,1995-03-21,1-URGENT
816,39,F,88590.2,1993-04-06,2-HIGH
817,433,F,41745.42,1995-06-10,4-NOT SPECIFIED
818,464,P,34905.32,1998-05-26,2-HIGH
819,39,O,74971.35,1996-11-19,1-URGENT
820,622,P,54227.15,1995-04-28,5-LOW
821,527,O,45523.11,1992-11-18,3-MEDIUM
822,396,F,78504.05,1998-01-17,4-NOT SPECIFIED
823,290,F,76094.59,1998-09-07,3-MEDIUM
824,856,P,24288.63,1992-11-20,5-LOW
825,915,P,59452.21,1997-06-03,1-URGENT
826,383,F,57998.78,1993-05-02,5-LOW
827,627,F,1021.06,1992-02-10,2-HIGH
828,501,O,6307.53,1992-02-06,2-HIGH
829,961,P,73044.74,1995-04-28,1-URGENT
830,283,F,20552.51,1998-05-23,3-MEDIUM
831,13,O,69795.98,1997-07-25,4-NOT SPECIFIED
832,557,F,58034.04,1992-01-23,1-URGENT
833,729,P,49411.83,1998-02-01,1-URGENT
834,660,P,50402.21,1992-08-10,5-LOW
835,438,O,38229.28,1995-03-03,2-HIGH
836,751,P,15875.88,1993-07-05,5-LOW
837,207,O,60469.1,1992-04-14,3-MEDIUM
838,561,P,39797.65,1996-06-05,1-URGENT
839,795,P,79933.91,1993-09-22,2-HIGH
840,107,O,95640.31,1993-03-04,1-URGENT
841,69,O,4141.38,1995-03-13,1-URGENT
842,364,F,74006.23,1998-01-02,1-URGENT
843,278,F,69481.0,1997-12-09,5-LOW
844,678,P,24158.47,1993-02-09,2-HIGH
845,117,O,48203.6,1992-07-09,2-HIGH
846,709,O,96088.47,1995-11-10,5-LOW
847,284,O,47850.88,1994-01-14,5-LOW
848,807,P,71499.51,1992-02-13,5-LOW
849,908,P,80385.28,1992-09-13,4-NOT SPECIFIED
850,717,P,82080.2,1992-07-07,2-HIGH
851,28,F,69403.96,1992-08-28,5-LOW
852,753,O,23504.94,1994-12-12,2-HIGH
853,821,F,55141.05,1995-01-13,1-URGENT
854,556,O,86216.9,1993-11-08,3-MEDIUM
855,211,P,52752.02,1997-07-03,4-NOT SPECIFIED
856,330,O,92154.27,1998-07-20,4-NOT SPECIFIED
857,69,P,82327.24,1993-12-06,3-MEDIUM
858,965,O,31034.03,1996-10-11,3-MEDIUM
859,230,P,57779.41,1992-10-24,4-NOT SPECIFIED
860,910,P,96873.49,1992-12-01,5-LOW
861,820,F,28614.56,1995-12-07,5-LOW
862,539,P,92856.4,1998-02-02,1-URGENT
863,658,P,20350.61,1998-05-08,5-LOW
864,559,F,12875.64,1997-05-14,4-NOT SPECIFIED
865,372,F,99857.35,1992-01-18,3-MEDIUM
866,620,P,93339.8,1998-09-08,5-LOW
867,951,P,93309.26,1994-03-22,1-URGENT
868,241,P,91346.06,1997-07-13,5-LOW
869,727,O,20997.18,1993-07-07,4-NOT SPECIFIED
870,655,P,98470.04,1996-04-05,1-URGENT
871,564,O,99150.6,1993-06-18,2-HIGH
872,654,P,63425.68,1994-07-19,3-MEDIUM
873,669,O,21650.37,1992-01-04,5-LOW
874,860,P,55753.09,1992-06-02,1-URGENT
875,474,F,12883.42,1995-03-07,1-URGENT
876,383,O,67846.22,1995-03-07,2-HIGH
877,586,F,10205.45,1998-06-28,3-MEDIUM
878,188,P,70126.54,1995-05-08,5-LOW
879,505,P,26383.7,1997-05-16,4-NOT SPECIFIED
880,395,O,13917.19,1998-04-05,5-LOW
881,515,P,95371.47,1994-10-07,5-LOW
882,134,P,5268.58,1998-09-17,5-LOW
883,131,O,7036.31,1995-12-16,3-MEDIUM
884,83,O,65539.91,1992-11-25,4-NOT SPECIFIED
885,317,P,48746.93,1996-10-18,1-URGENT
886,972,F,34054.25,1993-11-01,1-URGENT
887,530,P,78192.36,1998-02-17,2-HIGH
888,128,O,9615.36,1997-02-21,3-MEDIUM
889,875,P,76978.34,1998-01-20,4-NOT SPECIFIED
890,283,F,73013.56,1998-03-09,1-URGENT
891,813,F,62949.97,1994-03-09,4-NOT SPECIFIED
892,221,O,62017.66,1998-12-04,3-MEDIUM
893,184,P,98566.08,1992-07-14,4-NOT SPECIFIED
894,603,O,23423.52,1996-03-11,5-LOW
895,470,P,88364.9,1997-06-21,5-LOW
896,702,F,8755.98,1994-03-24,1-URGENT
897,77,P,70145.07,1994-06-28,3-MEDIUM
898,524,O,98265.53,1997-12-01,4-NOT SPECIFIED
899,262,F,87102.8,1994-09-19,1-URGENT
900,190,F,58073.47,1996-09-11,2-HIGH
901,545,P,5745.25,1998-02-09,2-HIGH
902,176,O,14534.48,1992-10-23,5-LOW
903,946,P,54397.61,1994-08-06,4-NOT SPECIFIED
904,150,P,71782.66,1995-06-10,2-HIGH
905,970,F,1171.22,1995-07-02,1-URGENT
906,607,P,86949.7,1995-11-12,2-HIGH
907,272,O,83840.66,1994-06-05,5-LOW
908,888,P,63615.85,1995-03-06,4-NOT SPECIFIED
909,719,O,64374.46,1998-11-11,2-HIGH
910,917,O,77403.46,1994-12-24,5-LOW
911,727,F,29532.56,1996-07-06,5-LOW
912,663,P,81327.18,1998-11-02,3-MEDIUM
913,832,O,92647.75,1995-08-14,1-URGENT
914,65,O,56635.76,1997-12-11,1-URGENT
915,48,P,43196.04,1993-11-03,2-HIGH
916,373,P,6727.38,1995-09-25,2-HIGH
917,536,F,74265.24,1993-12-06,5-LOW
918,773,O,32845.29,1997-11-18,2-HIGH
919,952,P,44892.12,1994-07-14,1-URGENT
920,587,P,17079.05,1998-08-19,5-LOW
921,485,F,95353.48,1996-03-15,1-URGENT
922,680,F,10194.65,1995-08-19,1-URGENT
923,316,P,25654.47,1993-08-08,1-URGENT
924,738,O,72298.32,1993-07-25,4-NOT SPECIFIED
925,107,F,9759.77,1995-09-09,4-NOT SPECIFIED
926,878,P,18492.91,1995-12-08,2-HIGH
927,846,F,54939.0,1997-09-05,4-NOT SPECIFIED
928,348,F,8312.96,1993-02-16,3-MEDIUM
929,708,P,78857.69,1997-02-21,2-HIGH
930,906,O,47362.45,1994-03-05,2-HIGH
931,448,O,5552.35,1998-01-15,3-MEDIUM
932,362,F,2039.28,1994-06-24,1-URGENT
933,456,P,99392.48,1995-03-27,1-URGENT
934,565,F,29490.4,1995-08-13,4-NOT SPECIFIED
935,206,F,9637.34,1995-05-26,3-MEDIUM
936,184,F,11824.16,1994-06-03,2-HIGH
937,252,P,76713.83,1997-12-01,1-URGENT
938,358,P,94862.79,1997-03-20,5-LOW
939,233,F,88976.9,1996-10-16,3-MEDIUM
940,56,F,92202.96,1998-02-15,3-MEDIUM
941,779,O,95133.95,1996-07-21,4-NOT SPECIFIED
942,108,P,88544.43,1997-05-02,3-MEDIUM
943,885,F,70066.22,1994-10-26,1-URGENT
944,109,F,26065.17,1998-01-28,4-NOT SPECIFIED
945,918,O,73561.44,1993-04-12,4-NOT SPECIFIED
946,699,P,48718.61,1997-04-26,1-URGENT
947,354,O,87442.35,1997-04-21,3-MEDIUM
948,477,O,64650.15,1993-09-02,1-URGENT
949,787,O,66017.43,1993-04-03,3-MEDIUM
950,282,O,92680.24,1992-10-07,4-NOT SPECIFIED
951,117,F,76272.87,1995-08-21,5-LOW
952,124,P,3629.34,1997-06-03,3-MEDIUM
953,935,O,69921.99,1998-02-01,3-MEDIUM
954,117,O,38614.67,1997-08-16,4-NOT SPECIFIED
955,689,F,50854.64,1993-11-01,2-HIGH
956,165,P,72360.87,1998-08-03,3-MEDIUM
957,403,F,36531.75,1993-01-08,1-URGENT
958,745,F,24783.69,1996-02-06,4-NOT SPECIFIED
959,264,P,37346.6,1997-02-08,5-LOW
960,975,P,39466.8,1997-01-05,3-MEDIUM
961,498,O,18763.09,1993-09-01,3-MEDIUM
962,951,F,40685.87,1992-03-10,4-NOT SPECIFIED
963,158,O,58773.81,1993-12-13,3-MEDIUM
964,945,O,75165.49,1992-12-19,4-NOT SPECIFIED
965,478,O,46784.45,1995-10-22,3-MEDIUM
966,307,F,26993.05,1994-10-15,1-URGENT
967,471,O,49766.12,1993-10-26,4-NOT SPECIFIED
968,81,F,64664.65,1998-11-23,1-URGENT
969,487,O,25273.45,1992-10-14,4-NOT SPECIFIED
970,820,O,49237.19,1998-11-01,4-NOT SPECIFIED
971,306,P,25555.72,1996-12-27,3-MEDIUM
972,43,P,53176.52,1992-10-15,3-MEDIUM
973,321,P,31578.68,1992-11-02,2-HIGH
974,847,P,96975.31,1998-05-02,2-HIGH
975,977,F,33140.29,1997-08-08,4-NOT SPECIFIED
976,156,P,96799.9,1995-02-14,4-NOT SPECIFIED
977,625,F,90643.6,1997-05-11,4-NOT SPECIFIED
978,978,O,72250.41,1993-02-02,4-NOT SPECIFIED
979,42,O,67064.5,1997-12-22,3-MEDIUM
980,55,F,39587.58,1995-01-26,1-URGENT
981,813,O,62405.77,1998-02-10,3-MEDIUM
982,413,P,83202.77,1998-08-08,5-LOW
983,852,F,86938.44,1995-06-01,4-NOT SPECIFIED
984,186,P,49217.79,1995-06-11,4-NOT SPECIFIED
985,255,P,52753.42,1994-03-23,4-NOT SPECIFIED
986,980,F,8149.13,1998-08-01,1-URGENT
987,273,F,35362.09,1997-01-01,5-LOW
988,221,F,52110.64,1998-03-09,5-LOW
989,640,F,54481.84,1996-10-25,4-NOT SPECIFIED
990,296,P,52497.39,1998-12-02,1-URGENT
991,711,F,61717.3,1996-01-05,5-LOW
992,923,F,70794.28,1993-07-07,5-LOW
993,796,O,91636.07,1995-06-27,2-HIGH
994,699,F,14139.86,1997-01-17,4-NOT SPECIFIED
995,935,P,91265.97,1992-09-02,3-MEDIUM
996,318,P,82126.9,1998-04-10,5-LOW
997,883,P,19804.86,1998-09-28,5-LOW
998,777,P,21890.82,1996-08-17,5-LOW
999,233,P,82370.57,1992-10-26,4-NOT SPECIFIED
1000,83,O,50587.81,1996-12-10,5-LOW
1001,245,O,18029.96,1996-12-17,1-URGENT
1002,687,F,89887.88,1996-06-20,3-MEDIUM
1003,459,P,28075.56,1993-12-20,3-MEDIUM
1004,551,F,2164.24,1998-09-20,1-URGENT
1005,615,P,49366.23,1998-05-28,5-LOW
1006,777,O,42997.89,1996-08-26,2-HIGH
1007,146,F,89080.29,1998-04-05,5-LOW
1008,338,P,67679.54,1997-05-28,2-HIGH
1009,673,F,89425.09,1997-01-07,3-MEDIUM
1010,198,P,49804.55,1994-09-10,1-URGENT
1011,802,F,4581.97,1995-09-03,5-LOW
1012,118,P,67894.13,1993-11-15,1-URGENT
1013,916,P,87367.85,1998-11-05,2-HIGH
1014,998,P,26734.97,1997-10-18,3-MEDIUM
1015,796,O,36280.7,1998-02-19,3-MEDIUM
1016,945,F,92649.83,1995-01-03,4-NOT SPECIFIED
1017,462,O,11991.76,1997-07-12,1-URGENT
1018,95,P,42034.1,1996-08-23,5-LOW
1019,676,O,59110.83,1993-02-17,2-HIGH
1020,823,F,74625.24,1995-04-06,2-HIGH
1021,162,O,23150.57,1994-10-24,3-MEDIUM
1022,742,O,21272.07,1998-08-17,1-URGENT
1023,195,P,92786.8,1993-02-01,5-LOW
1024,704,F,54483.67,1992-11-10,1-URGENT
1025,162,O,24921.08,1994-01-23,2-HIGH
1026,197,O,66000.1,1996-01-19,2-HIGH
1027,194,P,77297.47,1995-03-17,2-HIGH
1028,774,O,25248.75,1997-04-04,4-NOT SPECIFIED
1029,764,P,29503.75,1995-07-08,2-HIGH
1030,928,P,29480.2,1996-07-15,2-HIGH
1031,886,P,70769.92,1995-09-15,4-NOT SPECIFIED
1032,630,F,86256.09,1997-08-25,3-MEDIUM
1033,213,P,34697.11,1996-02-01,4-NOT SPECIFIED
1034,207,O,19192.2,1998-06-28,2-HIGH
1035,563,O,52106.82,1996-08-28,2-HIGH
1036,725,F,3771.49,1994-11-25,5-LOW
1037,39,O,8901.7,1993-09-02,1-URGENT
1038,818,P,36756.07,1994-01-13,1-URGENT
1039,554,P,32935.37,1993-06-24,1-URGENT
1040,809,O,56124.08,1998-02-04,4-NOT SPECIFIED
1041,471,O,99941.42,1997-12-11,3-MEDIUM
1042,403,P,37665.23,1997-08-28,3-MEDIUM
1043,523,P,28705.92,1996-01-19,4-NOT SPECIFIED
1044,944,F,22788.9,1992-04-28,5-LOW
1045,287,P,12188.88,1992-02-04,3-MEDIUM
1046,978,F,11460.05,1995-01-07,4-NOT SPECIFIED
1047,232,P,40000.39,1997-05-20,1-URGENT
1048,165,O,48837.92,1994-03-13,1-URGENT
1049,944,P,24178.41,1992-09-27,5-LOW
1050,111,P,57198.46,1995-07-10,1-URGENT
1051,36,P,66707.29,1994-08-25,4-NOT SPECIFIED
1052,78,F,69379.57,1996-01-04,3-MEDIUM
1053,447,P,36656.81,1998-09-25,3-MEDIUM
1054,666,P,30990.85,1993-12-11,3-MEDIUM
1055,346,F,52282.45,1996-07-22,5-LOW
1056,515,F,66619.67,1993-01-04,4-NOT SPECIFIED
1057,205,O,46375.64,1992-01-14,3-MEDIUM
1058,8,O,47564.04,1997-07-13,1-URGENT
1059,376,P,69237.49,1992-04-14,5-LOW
1060,815,F,78203.97,1997-12-28,2-HIGH
1061,980,P,2578.99,1994-12-08,5-LOW
1062,714,O,15759.25,1994-06-18,3-MEDIUM
1063,133,O,93221.99,1994-02-18,3-MEDIUM
1064,547,F,6533.44,1997-06-09,3-MEDIUM
1065,676,P,92271.96,1995-10-18,3-MEDIUM
1066,32,F,12365.94,1995-12-25,3-MEDIUM
1067,91,P,18747.77,1992-01-11,1-URGENT
1068,38,P,18381.68,1995-04-21,3-MEDIUM
1069,119,P,85093.15,1998-05-16,4-NOT SPECIFIED
1070,930,O,79099.99,1997-04-04,4-NOT SPECIFIED
1071,718,F,11389.13,1997-10-22,2-HIGH
1072,861,P,3974.99,1996-02-01,4-NOT SPECIFIED
1073,666,F,29337.81,1992-06-06,1-URGENT
1074,167,P,2055.87,1995-07-16,4-NOT SPECIFIED
1075,774,P,47758.08,1995-08-25,1-URGENT
1076,879,F,80878.7,1994-06-13,2-HIGH
1077,128,P,15047.27,1998-12-27,3-MEDIUM
1078,808,P,88718.57,1995-06-02,4-NOT SPECIFIED
1079,683,O,22572.47,1994-08-04,4-NOT SPECIFIED
1080,380,F,13170.06,1995-05-02,2-HIGH
1081,714,P,43628.95,1995-01-16,2-HIGH
1082,757,F,28299.26,1995-03-10,2-HIGH
1083,502,O,31037.33,1997-08-28,5-LOW
1084,712,O,40838.77,1997-09-06,4-NOT SPECIFIED
1085,666,F,98154.57,1996-03-28,3-MEDIUM
1086,221,P,38481.59,1993-05-18,3-MEDIUM
1087,579,P,76568.69,1995-01-01,1-URGENT
1088,944,P,45424.85,1994-01-21,3-MEDIUM
1089,620,P,47406.35,1992-01-10,4-NOT SPECIFIED
1090,787,F,45622.06,1993-01-04,4-NOT SPECIFIED
1091,906,O,15477.56,1996-08-17,1-URGENT
1092,156,F,11273.26,1995-06-06,4-NOT SPECIFIED
1093,853,P,8795.61,1997-02-15,1-URGENT
1094,394,O,40736.62,1993-05-15,5-LOW
1095,199,O,80497.35,1997-07-04,3-MEDIUM
1096,254,F,41365.57,1995-10-01,3-MEDIUM
1097,202,P,22115.7,1992-11-13,4-NOT SPECIFIED
1098,226,P,12095.67,1993-08-06,5-LOW
1099,808,P,19287.44,1994-11-12,2-HIGH
1100,836,O,64647.6,1996-02-04,5-LOW
1101,526,F,83400.91,1992-04-04,4-NOT SPECIFIED
1102,639,O,65867.7,1994-06-02,5-LOW
1103,828,O,2686.03,1995-06-05,5-LOW
1104,921,O,3185.67,1996-08-26,4-NOT SPECIFIED
1105,242,F,1911.44,1996-02-17,4-NOT SPECIFIED
1106,372,P,92981.71,1995-03-28,4-NOT SPECIFIED
1107,212,P,83096.88,1992-02-05,3-MEDIUM
1108,348,O,27909.77,1995-12-18,2-HIGH
1109,307,F,37082.14,1995-08-21,3-MEDIUM
1110,262,F,66093.32,1996-06-16,1-URGENT
1111,382,P,90753.4,1998-03-05,3-MEDIUM
1112,188,O,30557.85,1997-11-18,5-LOW
1113,327,F,10580.2,1997-08-25,1-URGENT
1114,836,P,9673.45,1997-06-18,4-NOT SPECIFIED
1115,444,F,77168.11,1993-01-25,2-HIGH
1116,120,O,18864.31,1997-06-15,1-URGENT
1117,691,O,35866.92,1998-06-22,5-LOW
1118,617,F,42229.4,1994-04-22,5-LOW
1119,38,P,11862.23,1992-12-06,2-HIGH
1120,885,F,15816.85,1994-01-14,1-URGENT
1121,742,F,72361.36,1993-06-28,2-HIGH
1122,179,O,24568.55,1998-03-28,4-NOT SPECIFIED
1123,386,F,35948.89,1998-12-10,2-HIGH
1124,983,O,55316.84,1996-09-08,4-NOT SPECIFIED
1125,294,O,23640.56,1993-07-18,3-MEDIUM
1126,691,P,64825.79,1997-12-27,5-LOW
1127,14,F,37553.3,1996-03-06,5-LOW
1128,993,O,58839.3,1993-01-01,2-HIGH
1129,980,F,23622.67,1998-12-04,2-HIGH
1130,160,F,61538.25,1995-07-15,2-HIGH
1131,962,F,40526.96,1998-02-20,2-HIGH
1132,939,P,53660.23,1992-02-23,1-URGENT
1133,600,O,93381.15,1994-07-16,1-URGENT
1134,15,O,26969.13,1996-01-23,3-MEDIUM
1135,228,F,10141.44,1993-08-03,4-NOT SPECIFIED
1136,244,P,34114.33,1996-11-08,1-URGENT
1137,330,P,74289.54,1996-09-25,2-HIGH
1138,29,F,95691.52,1998-01-21,1-URGENT
1139,323,P,19997.42,1993-03-17,3-MEDIUM
1140,328,P,23319.19,1996-04-13,3-MEDIUM
1141,264,P,12605.17,1993-10-02,4-NOT SPECIFIED
1142,791,F,38021.97,1995-11-09,1-URGENT
1143,401,P,21688.1,1994-01-11,2-HIGH
1144,386,O,16839.67,1993-02-19,3-MEDIUM
1145,682,P,36425.12,1993-07-21,4-NOT SPECIFIED
1146,389,O,62271.06,1995-12-14,1-URGENT
1147,840,O,78319.67,1994-12-08,4-NOT SPECIFIED
1148,97,O,60729.57,1997-01-07,5-LOW
1149,32,F,67653.68,1992-03-11,1-URGENT
1150,951,O,86618.55,1995-11-23,5-LOW
1151,258,P,13723.77,1992-06-20,1-URGENT
1152,652,O,48766.78,1993-11-11,3-MEDIUM
1153,857,P,20463.31,1998-01-09,1-URGENT
1154,393,F,31855.44,1996-07-04,3-MEDIUM
1155,233,O,2052.71,1993-06-19,1-URGENT
1156,610,P,75294.6,1997-02-19,1-URGENT
1157,811,P,32830.91,1993-11-17,2-HIGH
1158,690,F,78764.19,1997-09-15,1-URGENT
1159,889,P,51084.55,1992-09-16,4-NOT SPECIFIED
1160,905,P,97638.09,1997-04-06,5-LOW
1161,344,O,40053.03,1994-05-02,5-LOW
1162,276,F,20521.8,1998-03-15,4-NOT SPECIFIED
1163,915,F,86488.6,1992-10-22,5-LOW
1164,416,F,33168.21,1993-08-19,5-LOW
1165,816,P,54194.38,1996-10-25,5-LOW
1166,89,O,60326.66,1995-09-20,3-MEDIUM
1167,793,O,53867.47,1994-02-14,4-NOT SPECIFIED
1168,52,O,60945.67,1994-06-04,1-URGENT
1169,219,O,87387.85,1993-06-26,4-NOT SPECIFIED
1170,928,F,79294.97,1998-12-23,5-LOW
1171,884,P,19611.09,1995-02-21,5-LOW
1172,278,O,32854.09,1992-02-01,2-HIGH
1173,21,O,23773.73,1998-07-21,4-NOT SPECIFIED
1174,19,F,87478.01,1996-10-15,4-NOT SPECIFIED
1175,967,O,88821.34,1997-09-19,4-NOT SPECIFIED
1176,869,P,40341.38,1995-11-25,5-LOW
1177,407,F,12149.23,1995-11-13,2-HIGH
1178,621,F,40089.03,1995-08-10,1-URGENT
1179,884,F,35679.36,1994-08-06,4-NOT SPECIFIED
1180,80,P,58614.56,1997-03-17,3-MEDIUM
1181,84,O,63651.15,1995-07-17,3-MEDIUM
1182,103,P,82617.8,1994-12-26,3-MEDIUM
1183,181,O,15417.29,1998-11-06,4-NOT SPECIFIED
1184,767,O,58547.69,1993-01-10,1-URGENT
1185,197,O,19941.46,1994-05-17,4-NOT SPECIFIED
1186,821,O,60256.33,1996-11-03,5-LOW
1187,982,P,14258.3,1995-08-14,2-HIGH
1188,876,F,56586.68,1998-02-28,1-URGENT
1189,627,F,21519.96,1996-05-25,4-NOT SPECIFIED
1190,364,F,67777.81,1992-09-03,5-LOW
1191,892,F,82765.28,1994-07-20,5-LOW
1192,308,F,50176.0,1992-08-12,5-LOW
1193,151,F,85957.94,1996-03-10,2-HIGH
1194,166,O,4891.82,1996-09-11,3-MEDIUM
1195,146,O,3392.61,1997-01-23,5-LOW
1196,610,P,63969.77,1993-03-23,5-LOW
1197,13,O,65411.93,1993-07-11,1-URGENT
1198,460,F,48683.4,1997-09-02,2-HIGH
1199,576,O,45443.55,1993-01-07,2-HIGH
1200,872,O,89354.56,1994-11-26,2-HIGH
1201,815,O,87939.65,1998-10-06,5-LOW
1202,906,O,99159.78,1996-05-01,3-MEDIUM
1203,124,P,60610.29,1994-04-21,5-LOW
1204,773,O,37303.93,1996-05-08,2-HIGH
1205,889,O,97221.1,1995-07-01,2-HIGH
1206,709,P,54639.21,1998-05-10,1-URGENT
1207,277,P,66107.11,1996-06-01,4-NOT SPECIFIED
1208,174,P,25731.83,1997-05-28,2-HIGH
1209,627,P,50976.35,1994-04-16,3-MEDIUM
1210,781,F,76817.28,1998-02-17,2-HIGH
1211,839,O,90044.94,1992-03-25,1-URGENT
1212,560,F,58011.7,1993-01-15,4-NOT SPECIFIED
1213,479,O,6213.68,1996-06-21,3-MEDIUM
1214,747,P,11244.71,1993-04-05,4-NOT SPECIFIED
1215,760,P,42156.45,1993-10-08,1-URGENT
1216,604,F,88825.32,1992-07-24,1-URGENT
1217,786,F,93388.22,1992-06-05,3-MEDIUM
1218,726,P,14731.06,1998-11-22,5-LOW
1219,36,P,42077.95,1992-06-12,1-URGENT
1220,364,F,63177.24,1996-12-06,1-URGENT
1221,451,O,15881.51,1992-06-08,2-HIGH
1222,381,P,18592.31,1996-05-09,4-NOT SPECIFIED
1223,548,F,65156.79,1993-05-18,3-MEDIUM
1224,254,P,22452.74,1993-10-24,1-URGENT
1225,154,P,9572.5,1995-11-10,3-MEDIUM
1226,3,O,47243.1,1998-01-25,5-LOW
1227,276,O,50316.47,1997-02-16,1-URGENT
1228,392,O,22769.4,1993-04-23,5-LOW
1229,383,O,55319.06,1998-08-09,5-LOW
1230,790,O,18976.19,1993-08-05,5-LOW
1231,887,P,21427.66,1997-05-21,1-URGENT
1232,898,F,12582.92,1993-10-20,2-HIGH
1233,111,F,27227.04,1997-04-01,3-MEDIUM
1234,651,O,23239.25,1994-09-19,3-MEDIUM
1235,834,P,99792.71,1995-06-26,1-URGENT
1236,149,P,49864.54,1993-08-09,2-HIGH
1237,439,P,84865.83,1992-12-01,1-URGENT
1238,857,P,83813.84,1993-02-03,4-NOT SPECIFIED
1239,720,O,20530.53,1994-02-11,5-LOW
1240,304,F,13161.27,1998-10-26,4-NOT SPECIFIED
1241,203,F,33643.21,1997-10-04,3-MEDIUM
1242,296,F,53711.01,1995-03-15,3-MEDIUM
1243,401,O,62474.95,1997-06-16,4-NOT SPECIFIED
1244,707,P,29742.04,1992-08-24,1-URGENT
1245,984,P,95309.66,1996-06-05,3-MEDIUM
1246,778,P,33891.26,1992-11-16,1-URGENT
1247,149,F,81399.94,1997-02-16,1-URGENT
1248,322,F,74898.2,1993-01-16,3-MEDIUM
1249,603,P,40316.6,1998-08-03,4-NOT SPECIFIED
1250,5,P,60717.36,1997-03-07,1-URGENT
1251,616,P,11868.57,1998-05-14,4-NOT SPECIFIED
1252,283,F,85802.88,1997-07-20,4-NOT SPECIFIED
1253,317,F,5032.66,1993-04-18,4-NOT SPECIFIED
1254,589,P,24709.63,1996-11-21,4-NOT SPECIFIED
1255,341,P,19125.33,1992-04-08,5-LOW
1256,589,O,59886.11,1993-03-18,1-URGENT
1257,424,O,48740.53,1998-12-17,4-NOT SPECIFIED
1258,959,F,7556.27,1994-06-21,4-NOT SPECIFIED
1259,801,O,14254.87,1996-02-02,4-NOT SPECIFIED
1260,278,P,70653.16,1992-06-14,5-LOW
1261,950,F,37735.19,1998-05-22,3-MEDIUM
1262,41,P,91892.46,1994-04-28,5-LOW
1263,740,O,92513.97,1995-05-11,4-NOT SPECIFIED
1264,639,F,77586.37,1993-02-15,4-NOT SPECIFIED
1265,53,P,2146.92,1994-10-13,2-HIGH
1266,475,F,27290.28,1993-05-27,3-MEDIUM
1267,594,P,35051.35,1996-10-08,2-HIGH
1268,70,P,63469.63,1993-11-14,3-MEDIUM
1269,168,O,29207.57,1997-11-04,1-URGENT
1270,198,F,14614.23,1998-12-09,5-LOW
1271,330,P,12867.71,1994-04-27,2-HIGH
1272,304,P,72581.52,1994-07-04,1-URGENT
1273,664,P,62625.39,1998-01-01,3-MEDIUM
1274,185,F,46327.73,1994-03-03,3-MEDIUM
1275,70,F,67931.04,1997-09-18,1-URGENT
1276,842,F,88682.73,1996-08-19,4-NOT SPECIFIED
1277,181,F,35417.61,1995-02-22,2-HIGH
1278,281,O,22938.93,1996-11-19,1-URGENT
1279,583,P,63559.69,1996-10-21,3-MEDIUM
1280,49,F,35488.13,1997-11-15,2-HIGH
1281,99,P,91844.05,1992-08-13,2-HIGH
1282,88,O,98489.41,1992-03-14,5-LOW
1283,409,O,64991.9,1992-09-01,5-LOW
1284,179,F,29600.66,1994-11-06,2-HIGH
1285,761,O,5726.92,1998-05-21,4-NOT SPECIFIED
1286,453,F,29423.73,1993-03-13,5-LOW
1287,237,F,17663.6,1995-03-07,2-HIGH
1288,660,F,24536.52,1995-09-20,5-LOW
1289,990,P,24043.74,1998-11-23,5-LOW
1290,601,F,30187.23,1992-05-26,3-MEDIUM
1291,304,O,73223.77,1998-02-14,1-URGENT
1292,694,O,65629.01,1996-04-26,1-URGENT
1293,56,P,34886.21,1994-11-01,3-MEDIUM
1294,291,F,47131.03,1993-09-25,2-HIGH
1295,993,O,91013.86,1995-04-25,4-NOT SPECIFIED
1296,70,F,86271.53,1993-03-16,3-MEDIUM
1297,469,P,69218.37,1993-08-10,2-HIGH
1298,644,F,62117.93,1998-10-17,5-LOW
1299,994,O,36206.73,1996-11-07,1-URGENT
1300,591,F,19728.95,1993-11-23,3-MEDIUM
1301,549,P,59346.83,1995-12-02,4-NOT SPECIFIED
1302,804,P,20105.08,1997-03-03,2-HIGH
1303,450,P,67933.3,1996-07-14,2-HIGH
1304,824,F,58955.21,1993-04-07,2-HIGH
1305,366,F,90997.64,1995-03-24,4-NOT SPECIFIED
1306,213,F,45114.82,1997-03-27,2-HIGH
1307,473,F,70482.06,1992-10-26,2-HIGH
1308,474,F,71813.23,1995-10-10,3-MEDIUM
1309,182,P,84628.9,1995-02-18,3-MEDIUM
1310,901,O,63136.03,1995-04-13,1-URGENT
1311,505,F,73511.52,1995-05-06,3-MEDIUM
1312,531,O,50538.0,1993-11-20,5-LOW
1313,636,P,12568.51,1994-07-03,4-NOT SPECIFIED
1314,111,F,95842.25,1997-05-14,2-HIGH
1315,726,F,27701.95,1992-07-24,4-NOT SPECIFIED
1316,47,O,35192.25,1993-05-21,5-LOW
1317,470,O,38109.37,1995-09-19,4-NOT SPECIFIED
1318,852,P,79644.94,1998-12-22,4-NOT SPECIFIED
1319,481,P,42154.5,1995-02-27,3-MEDIUM
1320,46,O,32540.68,1996-07-17,4-NOT SPECIFIED
1321,866,P,29073.65,1994-09-07,1-URGENT
1322,755,P,54582.35,1995-12-07,2-HIGH
1323,774,F,90059.39,1992-04-08,4-NOT SPECIFIED
1324,48,F,60120.37,1998-03-14,1-URGENT
1325,466,P,10043.16,1993-04-17,5-LOW
1326,540,F,93769.71,1993-10-24,2-HIGH
1327,955,O,73058.45,1997-12-02,2-HIGH
1328,159,O,14960.06,1994-01-26,1-URGENT
1329,832,F,6686.96,1993-12-26,3-MEDIUM
1330,884,P,43627.48,1995-07-25,2-HIGH
1331,562,F,40080.5,1995-05-22,1-URGENT
1332,877,P,35199.93,1993-02-05,2-HIGH
1333,643,O,84979.91,1993-04-08,5-LOW
1334,746,P,61646.64,1996-06-28,2-HIGH
1335,381,P,50499.04,1997-07-07,1-URGENT
1336,710,O,37071.72,1995-08-04,2-HIGH
1337,105,O,54065.72,1995-04-01,3-MEDIUM
1338,487,P,52193.86,1995-07-01,5-LOW
1339,278,F,79721.38,1995-12-21,1-URGENT
1340,55,P,26282.58,1994-05-08,3-MEDIUM
1341,537,F,81751.33,1996-12-09,2-HIGH
1342,181,O,79045.16,1998-07-01,3-MEDIUM
1343,212,P,22529.7,1996-02-17,5-LOW
1344,145,O,33196.59,1997-02-24,1-URGENT
1345,195,F,82462.13,1993-05-17,3-MEDIUM
1346,870,O,70136.56,1995-04-02,5-LOW
1347,159,P,3920.75,1998-06-24,5-LOW
1348,516,F,47828.82,1994-06-28,5-LOW
1349,114,O,52452.08,1992-11-22,3-MEDIUM
1350,32,O,63155.82,1996-05-24,1-URGENT
1351,407,O,21032.3,1992-06-17,3-MEDIUM
1352,423,O,10317.06,1995-05-15,2-HIGH
1353,631,O,32447.69,1992-02-21,1-URGENT
1354,381,O,8433.5,1996-11-26,1-URGENT
1355,750,F,28377.9,1995-05-27,2-HIGH
1356,762,F,95669.86,1997-11-13,4-NOT SPECIFIED
1357,539,P,60733.24,1997-12-07,4-NOT SPECIFIED
1358,494,P,89618.89,1996-06-20,3-MEDIUM
1359,852,P,4633.24,1997-04-06,1-URGENT
1360,434,O,59194.16,1995-04-11,1-URGENT
1361,600,P,96492.88,1997-09-24,2-HIGH
1362,192,O,79362.23,1998-12-09,4-NOT SPECIFIED
1363,2,O,84080.83,1992-12-13,4-NOT SPECIFIED
1364,918,F,35943.48,1995-10-18,2-HIGH
1365,408,O,14757.17,1995-02-18,5-LOW
1366,706,F,43879.69,1995-09-09,4-NOT SPECIFIED
1367,635,O,32020.97,1998-02-22,4-NOT SPECIFIED
1368,322,P,99696.38,1995-04-27,1-URGENT
1369,719,P,40913.73,1998-12-16,2-HIGH
1370,47,F,40019.84,1992-12-19,5-LOW
1371,29,O,36585.24,1994-12-14,1-URGENT
1372,507,O,13242.77,1996-02-01,3-MEDIUM
1373,485,P,89685.25,1994-10-21,2-HIGH
1374,670,P,22647.51,1998-12-26,4-NOT SPECIFIED
1375,632,P,3100.1,1996-05-24,5-LOW
1376,239,P,48314.33,1993-12-16,3-MEDIUM
1377,506,F,80095.72,1992-02-25,4-NOT SPECIFIED
1378,912,O,94732.67,1992-05-19,5-LOW
1379,895,P,14807.89,1998-02-02,2-HIGH
1380,56,O,39686.31,1996-01-15,1-URGENT
1381,278,F,56570.19,1993-11-22,1-URGENT
1382,619,P,76347.26,1998-06-03,5-LOW
1383,81,P,87993.29,1995-05-11,4-NOT SPECIFIED
1384,751,O,15793.15,1998-12-02,1-URGENT
1385,417,F,30852.71,1998-02-01,5-LOW
1386,987,F,13782.16,1992-04-21,2-HIGH
1387,965,O,68464.42,1996-02-17,1-URGENT
1388,909,P,38854.98,1998-02-04,4-NOT SPECIFIED
1389,723,O,78838.81,1998-03-02,1-URGENT
1390,452,P,95532.81,1992-02-18,3-MEDIUM
1391,92,P,97957.09,1992-01-24,4-NOT SPECIFIED
1392,234,O,87232.93,1993-04-17,5-LOW
1393,31,O,8005.6,1998-07-03,3-MEDIUM
1394,980,O,13755.69,1993-02-12,5-LOW
1395,869,P,51621.04,1997-04-08,2-HIGH
1396,380,F,91469.46,1995-09-26,4-NOT SPECIFIED
1397,235,O,97073.82,1993-11-03,1-URGENT
1398,393,O,42196.18,1994-02-13,2-HIGH
1399,180,O,65808.36,1995-04-12,3-MEDIUM
1400,436,P,55325.67,1993-11-21,4-NOT SPECIFIED
1401,36,F,76509.46,1993-03-27,2-HIGH
1402,795,P,68694.89,1996-06-17,4-NOT SPECIFIED
1403,43,F,86840.31,1994-09-07,4-NOT SPECIFIED
1404,957,P,42873.71,1995-06-06,2-HIGH
1405,346,P,19196.06,1993-07-25,2-HIGH
1406,915,P,22648.57,1993-12-16,1-URGENT
1407,848,P,51936.99,1998-05-27,1-URGENT
1408,815,P,21327.27,1994-11-21,3-MEDIUM
1409,111,F,39193.55,1997-07-14,3-MEDIUM
1410,246,O,43498.03,1995-07-22,4-NOT SPECIFIED
1411,225,F,19484.21,1993-12-13,2-HIGH
1412,896,O,53076.74,1994-06-06,5-LOW
1413,233,F,9121.88,1996-06-27,4-NOT SPECIFIED
1414,803,P,34460.39,1998-02-25,1-URGENT
1415,405,P,49524.33,1992-09-01,2-HIGH
1416,536,P,54101.64,1998-02-24,1-URGENT
1417,723,O,41285.87,1993-03-21,3-MEDIUM
1418,303,P,30257.3,1997-08-26,5-LOW
1419,514,F,56539.55,1996-11-17,3-MEDIUM
1420,310,F,72151.44,1994-06-12,2-HIGH
1421,463,P,94753.49,1997-04-03,2-HIGH
1422,825,O,56921.94,1994-12-02,5-LOW
1423,504,F,57731.34,1998-09-08,2-HIGH
1424,218,F,23892.6,1993-07-20,2-HIGH
1425,380,F,2795.29,1992-03-12,3-MEDIUM
1426,559,F,63387.53,1998-05-22,3-MEDIUM
1427,793,P,40048.97,1995-10-07,2-HIGH
1428,122,O,70904.42,1997-08-11,3-MEDIUM
1429,856,P,95051.43,1997-08-14,5-LOW
1430,166,F,39242.62,1997-04-11,4-NOT SPECIFIED
1431,585,P,71868.09,1992-03-16,2-HIGH
1432,945,O,53606.43,1994-08-15,5-LOW
1433,529,P,70201.26,1993-01-06,5-LOW
1434,95,F,40466.14,1994-10-22,1-URGENT
1435,103,F,67954.91,1994-06-08,3-MEDIUM
1436,931,P,80932.59,1992-01-11,1-URGENT
1437,92,P,31552.25,1997-11-19,5-LOW
1438,671,P,59766.1,1993-03-09,5-LOW
1439,114,O,6686.55,1993-05-01,5-LOW
1440,556,O,99899.28,1993-05-01,1-URGENT
1441,504,P,7659.8,1998-08-09,1-URGENT
1442,232,P,13799.89,1995-03-15,4-NOT SPECIFIED
1443,571,O,23526.93,1992-11-22,1-URGENT
1444,168,P,58170.78,1998-06-26,2-HIGH
1445,321,F,36992.93,1993-02-06,3-MEDIUM
1446,158,O,65969.46,1992-08-05,3-MEDIUM
1447,405,O,44947.4,1992-06-15,1-URGENT
1448,64,F,83761.48,1996-08-26,4-NOT SPECIFIED
1449,249,O,31276.07,1994-03-27,2-HIGH
1450,158,P,13686.41,1994-03-14,1-URGENT
1451,932,F,17823.27,1992-07-01,2-HIGH
1452,611,F,67556.98,1995-11-13,1-URGENT
1453,879,O,49444.67,1993-08-03,5-LOW
1454,664,F,65396.68,1995-06-08,2-HIGH
1455,652,F,39336.88,1995-09-22,2-HIGH
1456,966,F,32429.49,1997-03-03,4-NOT SPECIFIED
1457,930,O,66214.13,1992-09-21,5-LOW
1458,217,F,3223.96,1994-11-17,1-URGENT
1459,581,P,99425.8,1995-11-08,4-NOT SPECIFIED
1460,263,F,9898.21,1996-03-01,2-HIGH
1461,159,F,56376.26,1997-03-18,4-NOT SPECIFIED
1462,983,F,8649.7,1994-09-21,5-LOW
1463,652,P,30601.07,1998-04-16,4-NOT SPECIFIED
1464,297,P,48550.69,1992-12-03,4-NOT SPECIFIED
1465,399,P,8954.5,1993-08-22,3-MEDIUM
1466,614,O,94394.77,1993-02-15,1-URGENT
1467,111,F,69659.33,1992-11-16,3-MEDIUM
1468,181,O,60748.3,1996-01-27,2-HIGH
1469,595,F,88330.37,1993-02-02,4-NOT SPECIFIED
1470,657,P,84157.18,1996-09-12,1-URGENT
1471,446,O,24629.88,1992-04-02,2-HIGH
1472,755,O,83346.51,1995-09-19,1-URGENT
1473,385,F,70669.32,1993-12-12,5-LOW
1474,115,F,18719.3,1997-04-05,4-NOT SPECIFIED
1475,791,P,52333.03,1992-05-27,1-URGENT
1476,83,O,31698.17,1993-06-21,2-HIGH
1477,861,F,69674.39,1998-01-19,3-MEDIUM
1478,947,O,57390.76,1997-10-05,5-LOW
1479,501,P,66203.49,1996-10-19,2-HIGH
1480,689,F,83210.87,1997-04-27,4-NOT SPECIFIED
1481,499,O,88495.71,1993-10-10,1-URGENT
1482,98,P,88464.87,1997-11-11,5-LOW
1483,215,O,14147.17,1998-05-06,4-NOT SPECIFIED
1484,835,F,11916.17,1997-06-24,2-HIGH
1485,540,O,10522.43,1997-01-23,4-NOT SPECIFIED
1486,726,O,50074.69,1994-02-18,3-MEDIUM
1487,291,O,30692.97,1996-03-11,4-NOT SPECIFIED
1488,666,P,28144.18,1996-12-02,1-URGENT
1489,871,F,75194.74,1993-08-17,3-MEDIUM
1490,593,P,63550.43,1992-12-09,5-LOW
1491,173,F,84990.67,1995-06-22,2-HIGH
1492,557,F,56421.5,1997-09-07,5-LOW
1493,242,F,37746.08,1996-11-18,4-NOT SPECIFIED
1494,904,F,18648.49,1993-04-03,3-MEDIUM
1495,780,O,47974.35,1998-03-07,2-HIGH
1496,535,P,38858.52,1996-06-15,1-URGENT
1497,32,F,46313.43,1992-02-03,5-LOW
1498,139,O,6967.88,1993-10-23,2-HIGH
1499,902,O,20164.13,1994-01-07,2-HIGH
1500,185,P,84086.77,1994-01-16,3-MEDIUM
1501,448,F,70198.31,1997-01-01,1-URGENT
1502,114,P,85954.16,1996-02-12,1-URGENT
1503,80,F,55086.37,1992-05-02,2-HIGH
1504,440,O,61800.51,1997-06-02,1-URGENT
1505,741,P,42170.45,1995-11-17,4-NOT SPECIFIED
1506,685,O,65408.12,1994-05-13,5-LOW
1507,729,P,25028.2,1995-05-10,4-NOT SPECIFIED
1508,858,P,25988.06,1994-02-16,5-LOW
1509,71,P,30475.12,1992-03-27,1-URGENT
1510,336,F,77480.44,1995-08-02,4-NOT SPECIFIED
1511,846,P,71555.92,1997-02-20,2-HIGH
1512,155,O,76928.96,1994-10-08,1-URGENT
1513,133,P,33510.59,1994-01-14,1-URGENT
1514,494,F,58910.11,1995-01-13,3-MEDIUM
1515,819,F,14093.73,1995-11-05,4-NOT SPECIFIED
1516,150,O,44782.93,1996-04-03,4-NOT SPECIFIED
1517,808,O,99112.97,1993-06-17,4-NOT SPECIFIED
1518,224,F,48831.95,1992-07-22,1-URGENT
1519,674,F,84920.94,1994-03-19,2-HIGH
1520,535,F,30474.07,1998-10-02,5-LOW
1521,412,P,8820.95,1998-06-12,1-URGENT
1522,806,P,92306.03,1993-06-06,3-MEDIUM
1523,249,F,13891.84,1997-10-26,2-HIGH
1524,321,P,27846.96,1995-03-09,2-HIGH
1525,137,F,18556.39,1998-05-18,3-MEDIUM
1526,779,O,87651.5,1992-02-13,1-URGENT
1527,147,F,17063.32,1994-05-26,3-MEDIUM
1528,84,F,90253.54,1997-12-01,3-MEDIUM
1529,189,F,60955.86,1995-07-16,4-NOT SPECIFIED
1530,361,O,41264.99,1996-07-28,1-URGENT
1531,943,F,34241.29,1994-11-27,1-URGENT
1532,163,F,10998.09,1995-12-25,5-LOW
1533,141,O,85135.34,1997-08-09,2-HIGH
1534,302,F,51494.26,1994-02-24,3-MEDIUM
1535,526,F,20479.15,1995-02-08,1-URGENT
1536,797,O,5844.23,1994-09-17,5-LOW
1537,75,P,22717.96,1995-12-14,1-URGENT
1538,263,P,9323.6,1994-12-28,3-MEDIUM
1539,668,F,90237.15,1994-07-27,3-MEDIUM
1540,82,P,94130.66,1997-08-11,5-LOW
1541,94,F,98407.22,1998-01-18,1-URGENT
1542,4,O,18975.2,1992-10-24,3-MEDIUM
1543,657,F,94491.02,1994-08-07,3-MEDIUM
1544,397,O,99883.46,1992-03-04,5-LOW
1545,216,F,48323.62,1998-04-09,2-HIGH
1546,839,P,38524.91,1995-08-04,1-URGENT
1547,123,P,25259.71,1992-02-05,1-URGENT
1548,781,F,79395.01,1992-06-05,2-HIGH
1549,677,F,47793.44,1997-08-09,4-NOT SPECIFIED
1550,234,P,32170.74,1995-09-05,2-HIGH
1551,859,P,68483.22,1992-11-03,3-MEDIUM
1552,495,O,95293.64,1993-06-28,1-URGENT
1553,612,O,70229.52,1996-03-08,5-LOW
1554,463,P,46677.73,1994-05-27,5-LOW
1555,415,O,54467.26,1994-10-06,3-MEDIUM
1556,599,F,82176.01,1992-01-01,5-LOW
1557,971,O,62811.03,1993-11-10,5-LOW
1558,965,O,63683.68,1998-04-15,1-URGENT
1559,902,F,34204.32,1998-08-27,1-URGENT
1560,783,P,86020.32,1995-11-17,5-LOW
1561,628,O,74567.76,1997-08-13,1-URGENT
1562,359,F,55482.2,1995-09-05,1-URGENT
1563,713,P,59138.71,1992-12-15,5-LOW
1564,620,P,36163.95,1993-06-17,4-NOT SPECIFIED
1565,78,P,40832.73,1992-11-16,5-LOW
1566,17,O,86226.3,1994-02-27,5-LOW
1567,942,O,15671.0,1997-06-20,2-HIGH
1568,725,F,72707.49,1993-05-13,4-NOT SPECIFIED
1569,700,P,11012.08,1994-11-08,3-MEDIUM
1570,310,F,16150.68,1998-05-07,5-LOW
1571,938,P,80040.62,1997-09-12,4-NOT SPECIFIED
1572,696,F,58986.76,1993-02-28,1-URGENT
1573,8,F,2998.67,1997-03-13,4-NOT SPECIFIED
1574,858,O,22393.03,1992-03-11,4-NOT SPECIFIED
1575,743,F,85060.59,1996-07-05,3-MEDIUM
1576,455,P,34435.97,1993-07-03,4-NOT SPECIFIED
1577,303,P,33216.81,1993-01-12,3-MEDIUM
1578,35,F,29417.13,1998-09-07,1-URGENT
1579,203,F,53742.18,1993-11-28,4-NOT SPECIFIED
1580,976,O,56629.92,1998-05-14,2-HIGH
1581,808,F,18766.27,1994-04-17,5-LOW
1582,712,O,27986.07,1996-07-03,1-URGENT
1583,532,F,46557.23,1998-08-12,1-URGENT
1584,449,O,11377.68,1993-01-01,1-URGENT
1585,730,O,2988.13,1996-01-11,4-NOT SPECIFIED
1586,590,O,18994.8,1994-01-19,5-LOW
1587,357,O,71083.14,1998-09-01,5-LOW
1588,173,F,8238.65,1994-10-01,2-HIGH
1589,782,O,81367.98,1994-12-18,1-URGENT
1590,532,F,30365.53,1997-11-03,4-NOT SPECIFIED
1591,669,O,87293.15,1998-03-10,2-HIGH
1592,368,P,60854.2,1998-11-28,2-HIGH
1593,248,P,34988.72,1995-07-11,4-NOT SPECIFIED
1594,283,P,23573.58,1996-10-26,1-URGENT
1595,293,O,30288.44,1998-08-27,1-URGENT
1596,377,O,28053.94,1994-03-05,1-URGENT
1597,228,O,99778.23,1997-10-23,4-NOT SPECIFIED
1598,625,F,46816.47,1996-07-17,5-LOW
1599,5,O,3306.98,1996-04-24,4-NOT SPECIFIED
1600,222,P,75171.25,1995-10-27,4-NOT SPECIFIED
1601,146,O,81054.3,1992-09-26,1-URGENT
1602,396,O,87184.08,1997-08-06,3-MEDIUM
1603,44,F,45286.4,1996-01-20,5-LOW
1604,235,F,91256.16,1995-04-04,5-LOW
1605,418,F,21623.12,1993-12-13,5-LOW
1606,356,O,89658.18,1995-12-09,4-NOT SPECIFIED
1607,742,F,72913.74,1994-08-05,2-HIGH
1608,816,P,10525.3,1997-08-24,1-URGENT
1609,420,F,26439.7,1992-05-15,4-NOT SPECIFIED
1610,339,P,62165.89,1995-07-01,5-LOW
1611,634,F,51341.63,1997-02-26,3-MEDIUM
1612,400,P,67992.81,1995-10-15,2-HIGH
1613,111,O,24838.19,1998-05-10,2-HIGH
1614,46,O,57088.65,1997-03-16,4-NOT SPECIFIED
1615,899,F,23381.93,1996-09-05,4-NOT SPECIFIED
1616,794,F,23467.8,1995-07-19,5-LOW
1617,56,O,48934.14,1994-05-26,5-LOW
1618,591,P,32491.2,1993-07-04,4-NOT SPECIFIED
1619,574,F,29512.88,1993-08-04,5-LOW
1620,656,F,83114.78,1992-03-17,3-MEDIUM
1621,979,P,52332.8,1995-05-03,3-MEDIUM
1622,757,O,71204.17,1997-10-12,3-MEDIUM
1623,173,O,28217.76,1994-10-22,2-HIGH
1624,802,F,13581.86,1996-10-25,4-NOT SPECIFIED
1625,536,F,43927.46,1998-03-11,4-NOT SPECIFIED
1626,494,F,68991.61,1992-04-04,5-LOW
1627,537,O,94532.88,1994-12-22,1-URGENT
1628,196,P,97959.89,1997-08-06,2-HIGH
1629,243,O,29966.89,1992-07-15,5-LOW
1630,849,P,61720.44,1996-02-06,1-URGENT
1631,651,P,62302.93,1992-02-11,3-MEDIUM
1632,222,O,29965.11,1997-10-18,1-URGENT
1633,702,P,37756.44,1993-05-04,4-NOT SPECIFIED
1634,958,O,27427.16,1998-06-05,2-HIGH
1635,718,F,59236.72,1994-06-01,3-MEDIUM
1636,549,P,48676.69,1997-09-12,5-LOW
1637,230,O,33004.21,1996-01-06,1-URGENT
1638,4,O,45121.27,1998-01-16,4-NOT SPECIFIED
1639,727,P,93714.56,1993-08-05,5-LOW
1640,969,O,94202.9,1995-03-12,1-URGENT
1641,36,P,28181.89,1992-11-16,2-HIGH
1642,702,P,16406.41,1994-10-15,1-URGENT
1643,456,F,89305.03,1992-11-13,1-URGENT
1644,876,P,80403.09,1994-10-20,1-URGENT
1645,206,P,59592.88,1998-06-19,5-LOW
1646,347,O,24235.34,1996-04-22,1-URGENT
1647,897,P,7795.56,1994-10-03,3-MEDIUM
1648,883,P,4415.33,1996-04-04,4-NOT SPECIFIED
1649,136,F,56959.97,1998-03-04,5-LOW
1650,85,P,27459.85,1995-07-17,5-LOW
1651,939,O,82146.62,1998-01-01,2-HIGH
1652,380,P,60206.16,1993-12-19,1-URGENT
1653,576,P,43606.07,1993-10-17,4-NOT SPECIFIED
1654,982,O,50998.68,1995-03-25,3-MEDIUM
1655,859,F,39091.86,1995-05-06,3-MEDIUM
1656,817,O,55021.96,1994-01-24,3-MEDIUM
1657,389,P,40027.37,1998-12-08,2-HIGH
1658,462,O,97008.47,1992-02-14,2-HIGH
1659,389,O,92380.1,1994-01-16,1-URGENT
1660,492,O,7357.74,1996-09-23,1-URGENT
1661,721,P,28540.71,1993-05-22,4-NOT SPECIFIED
1662,813,P,36392.54,1997-04-10,3-MEDIUM
1663,4,O,68663.73,1996-07-19,1-URGENT
1664,664,P,75874.36,1995-07-07,2-HIGH
1665,58,P,10274.52,1993-06-16,4-NOT SPECIFIED
1666,235,O,82841.39,1992-11-08,5-LOW
1667,784,F,47839.58,1997-09-12,3-MEDIUM
1668,595,F,55355.0,1997-05-20,1-URGENT
1669,872,F,99361.48,1995-02-14,3-MEDIUM
1670,276,F,1492.48,1994-04-17,5-LOW
1671,286,O,26273.86,1997-11-06,5-LOW
1672,884,O,43329.67,1995-04-21,2-HIGH
1673,327,O,33643.99,1998-10-22,5-LOW
1674,167,F,79677.1,1998-11-16,4-NOT SPECIFIED
1675,652,F,20420.46,1998-07-16,2-HIGH
1676,467,P,53300.69,1998-10-06,4-NOT SPECIFIED
1677,933,O,36514.3,1992-12-22,2-HIGH
1678,321,F,7363.65,1994-05-17,4-NOT SPECIFIED
1679,888,P,86798.24,1997-04-02,1-URGENT
1680,550,O,6223.67,1993-09-08,3-MEDIUM
1681,733,O,6635.36,1996-04-02,4-NOT SPECIFIED
1682,784,O,94081.36,1997-07-26,4-NOT SPECIFIED
1683,751,F,76895.73,1993-12-12,3-MEDIUM
1684,905,P,93771.68,1992-05-17,3-MEDIUM
1685,989,P,31142.71,1992-07-18,5-LOW
1686,92,F,35547.32,1995-05-05,4-NOT SPECIFIED
1687,483,F,19005.32,1992-01-28,5-LOW
1688,42,F,38228.66,1997-09-22,1-URGENT
1689,302,F,61079.56,1993-04-25,4-NOT SPECIFIED
1690,667,P,70232.41,1994-07-08,1-URGENT
1691,206,F,15128.37,1993-11-20,5-LOW
1692,537,F,65448.88,1997-12-21,4-NOT SPECIFIED
1693,519,O,29373.44,1995-03-09,2-HIGH
1694,235,F,36571.66,1992-08-15,1-URGENT
1695,305,P,6652.02,1993-08-15,1-URGENT
1696,165,O,68066.32,1996-08-23,1-URGENT
1697,95,P,43602.66,1994-12-19,2-HIGH
1698,539,O,4673.62,1998-06-04,1-URGENT
1699,286,O,51846.75,1992-09-15,2-HIGH
1700,442,F,68870.94,1994-02-12,2-HIGH
1701,60,P,58030.35,1994-09-11,3-MEDIUM
1702,574,P,16718.43,1994-12-07,2-HIGH
1703,899,F,36875.23,1995-09-17,5-LOW
1704,843,P,76103.35,1993-04-09,2-HIGH
1705,902,P,7600.82,1997-09-14,5-LOW
1706,521,F,66913.85,1997-12-26,2-HIGH
1707,807,F,23114.05,1998-11-04,5-LOW
1708,424,F,95397.56,1997-06-15,2-HIGH
1709,851,O,31457.22,1994-01-13,1-URGENT
1710,799,F,7270.98,1992-02-04,1-URGENT
1711,919,P,93413.45,1993-08-23,3-MEDIUM
1712,544,O,75683.89,1996-09-24,3-MEDIUM
1713,497,F,7096.15,1992-02-16,2-HIGH
1714,849,O,95935.74,1993-07-25,5-LOW
1715,975,F,53130.47,1994-12-11,3-MEDIUM
1716,268,P,95899.47,1994-08-22,2-HIGH
1717,529,F,82424.86,1993-02-18,2-HIGH
1718,603,P,28838.25,1998-01-18,4-NOT SPECIFIED
1719,517,O,52635.65,1996-03-28,3-MEDIUM
1720,353,F,22558.76,1998-12-05,2-HIGH
1721,533,O,97939.7,1992-01-28,2-HIGH
1722,808,F,78510.85,1993-03-09,2-HIGH
1723,582,O,93922.81,1993-02-26,4-NOT SPECIFIED
1724,88,O,49553.24,1992-08-15,4-NOT SPECIFIED
1725,18,P,83166.33,1993-05-18,1-URGENT
1726,169,F,97202.58,1998-01-15,5-LOW
1727,432,P,5076.39,1995-07-27,5-LOW
1728,852,O,40195.25,1995-11-06,2-HIGH
1729,244,O,61392.88,1996-04-18,1-URGENT
1730,641,P,29716.56,1996-08-22,4-NOT SPECIFIED
1731,279,F,76132.68,1996-04-08,1-URGENT
1732,862,P,35850.94,1997-06-26,5-LOW
1733,385,P,59649.69,1994-08-25,2-HIGH
1734,489,F,26064.01,1998-07-21,1-URGENT
1735,985,F,37758.34,1995-05-25,2-HIGH
1736,679,F,50447.36,1997-02-12,2-HIGH
1737,914,O,91424.0,1998-04-04,4-NOT SPECIFIED
1738,441,O,89004.15,1997-12-04,3-MEDIUM
1739,628,P,21861.12,1994-06-19,1-URGENT
1740,51,F,66332.83,1997-09-08,4-NOT SPECIFIED
1741,677,P,40070.08,1996-08-19,4-NOT SPECIFIED
1742,275,P,44664.62,1998-02-07,1-URGENT
1743,682,F,97987.33,1992-11-08,4-NOT SPECIFIED
1744,537,P,15180.74,1998-09-17,5-LOW
1745,600,P,28511.72,1994-04-21,3-MEDIUM
1746,720,O,96693.33,1995-06-27,2-HIGH
1747,628,P,83032.83,1993-05-27,1-URGENT
1748,655,O,66617.42,1996-02-14,3-MEDIUM
1749,127,F,97831.64,1997-08-16,4-NOT SPECIFIED
1750,90,P,66210.82,1994-12-04,2-HIGH
1751,160,F,89562.29,1995-11-02,4-NOT SPECIFIED
1752,867,F,49983.43,1992-08-07,2-HIGH
1753,74,P,42992.99,1993-11-03,3-MEDIUM
1754,84,O,99683.86,1997-04-17,2-HIGH
1755,9,O,72743.32,1998-03-19,1-URGENT
1756,12,P,35473.03,1997-07-24,3-MEDIUM
1757,529,P,63208.78,1992-02-05,5-LOW
1758,488,P,41022.0,1997-01-28,1-URGENT
1759,934,O,84757.45,1998-05-25,1-URGENT
1760,117,P,40439.03,1993-01-24,2-HIGH
1761,29,P,85638.94,1996-01-15,5-LOW
1762,238,O,89640.87,1995-10-15,3-MEDIUM
1763,881,F,60989.17,1996-09-07,2-HIGH
1764,465,P,79135.51,1995-02-10,4-NOT SPECIFIED
1765,999,O,87554.9,1998-12-09,4-NOT SPECIFIED
1766,397,P,95160.54,1993-04-19,1-URGENT
1767,113,O,80222.06,1994-06-24,2-HIGH
1768,182,P,3289.43,1994-02-03,3-MEDIUM
1769,998,O,20009.5,1998-08-16,5-LOW
1770,325,O,2882.09,1994-01-25,2-HIGH
1771,1,F,88313.97,1994-09-03,4-NOT SPECIFIED
1772,375,P,65373.97,1995-08-20,3-MEDIUM
1773,629,O,60863.13,1997-08-14,2-HIGH
1774,808,P,63315.72,1997-09-20,4-NOT SPECIFIED
1775,980,P,88442.51,1994-04-23,1-URGENT
1776,348,F,3141.71,1992-03-04,5-LOW
1777,101,P,10301.74,1995-09-16,4-NOT SPECIFIED
1778,670,P,62571.87,1997-07-15,3-MEDIUM
1779,533,P,69740.97,1996-12-28,1-URGENT
1780,670,O,51502.08,1997-08-19,1-URGENT
1781,914,F,41148.43,1995-01-06,1-URGENT
1782,601,F,66374.0,1997-09-12,1-URGENT
1783,488,F,4389.52,1997-06-11,1-URGENT
1784,612,O,79312.97,1995-09-23,5-LOW
1785,134,F,65764.81,1996-12-12,4-NOT SPECIFIED
1786,904,F,42673.24,1994-05-15,2-HIGH
1787,76,F,45527.29,1996-08-18,1-URGENT
1788,354,O,15133.35,1992-05-20,2-HIGH
1789,958,O,58874.59,1992-10-04,4-NOT SPECIFIED
1790,659,F,18103.83,1992-08-17,2-HIGH
1791,764,P,67755.04,1995-07-15,3-MEDIUM
1792,368,P,90744.6,1997-05-28,5-LOW
1793,307,O,46589.79,1995-05-28,2-HIGH
1794,160,F,82803.39,1995-12-20,1-URGENT
1795,788,F,65691.77,1993-03-23,2-HIGH
1796,468,P,22151.35,1994-10-08,2-HIGH
1797,799,O,60546.08,1994-10-16,1-URGENT
1798,395,F,48506.89,1997-06-23,2-HIGH
1799,515,F,36070.49,1996-08-22,1-URGENT
1800,571,O,4757.47,1993-05-15,2-HIGH
1801,92,P,4664.43,1997-10-19,4-NOT SPECIFIED
1802,589,P,64837.99,1992-05-19,4-NOT SPECIFIED
1803,729,O,63659.13,1994-07-03,3-MEDIUM
1804,164,F,69983.33,1998-12-24,4-NOT SPECIFIED
1805,983,O,61585.11,1994-04-02,4-NOT SPECIFIED
1806,788,O,45324.39,1996-09-21,2-HIGH
1807,801,F,61648.73,1992-03-13,3-MEDIUM
1808,75,O,22872.94,1997-05-16,2-HIGH
1809,182,O,91553.01,1994-01-28,4-NOT SPECIFIED
1810,440,P,6406.94,1998-07-02,5-LOW
1811,986,O,97670.27,1997-10-14,2-HIGH
1812,916,F,3600.93,1998-08-12,1-URGENT
1813,268,O,59127.76,1994-10-27,1-URGENT
1814,796,F,77046.51,1993-11-17,4-NOT SPECIFIED
1815,654,P,57795.67,1995-02-01,2-HIGH
1816,901,P,20707.83,1995-08-10,4-NOT SPECIFIED
1817,407,P,94439.41,1992-01-16,4-NOT SPECIFIED
1818,700,P,65827.87,1993-07-12,4-NOT SPECIFIED
1819,913,F,46917.57,1992-07-08,1-URGENT
1820,544,O,24772.05,1997-08-13,4-NOT SPECIFIED
1821,26,P,59544.87,1994-06-23,1-URGENT
1822,484,O,5601.39,1998-04-03,3-MEDIUM
1823,772,F,49827.33,1992-08-16,5-LOW
1824,514,F,67987.82,1992-10-19,4-NOT SPECIFIED
1825,551,O,24029.23,1993-10-21,4-NOT SPECIFIED
1826,218,F,15073.33,1994-07-07,5-LOW
1827,966,F,60303.9,1992-02-10,2-HIGH
1828,355,O,69750.15,1998-11-01,2-HIGH
1829,452,P,60215.73,1994-05-09,2-HIGH
1830,67,P,16273.5,1996-11-25,5-LOW
1831,752,F,87657.22,1998-03-19,5-LOW
1832,65,F,1536.79,1993-08-11,5-LOW
1833,978,F,20479.76,1992-02-15,4-NOT SPECIFIED
1834,821,O,21551.17,1994-01-16,3-MEDIUM
1835,39,F,13541.06,1996-01-08,1-URGENT
1836,533,O,74717.22,1998-09-10,5-LOW
1837,646,O,39119.46,1992-12-02,2-HIGH
1838,36,O,52402.49,1998-10-21,3-MEDIUM
1839,465,F,47594.92,1997-04-22,2-HIGH
1840,389,F,97419.21,1996-12-24,3-MEDIUM
1841,815,O,91519.13,1996-07-05,4-NOT SPECIFIED
1842,157,O,25197.07,1994-06-24,1-URGENT
1843,595,O,49711.68,1993-01-22,3-MEDIUM
1844,680,P,4857.91,1995-02-19,5-LOW
1845,210,P,71145.26,1995-07-13,5-LOW
1846,397,F,36102.47,1992-08-22,2-HIGH
1847,113,F,93285.59,1992-01-08,3-MEDIUM
1848,771,P,42125.47,1997-01-28,1-URGENT
1849,865,O,44070.92,1994-05-10,3-MEDIUM
1850,50,P,96806.61,1997-04-22,1-URGENT
1851,37,F,78798.77,1994-03-13,4-NOT SPECIFIED
1852,704,O,71493.61,1993-09-13,3-MEDIUM
1853,599,F,1918.28,1997-01-09,5-LOW
1854,892,O,40003.97,1994-10-26,1-URGENT
1855,920,F,61504.98,1998-12-17,3-MEDIUM
1856,337,P,80110.2,1994-08-01,2-HIGH
1857,737,O,59581.79,1995-10-10,4-NOT SPECIFIED
1858,25,P,5083.74,1993-12-01,1-URGENT
1859,558,O,22963.27,1996-09-15,1-URGENT
1860,862,P,69184.03,1994-04-02,2-HIGH
1861,393,F,4807.06,1995-03-08,3-MEDIUM
1862,456,P,42282.11,1993-11-06,2-HIGH
1863,37,O,25901.35,1996-10-15,4-NOT SPECIFIED
1864,246,O,3149.89,1993-06-13,2-HIGH
1865,663,O,34912.63,1993-11-08,3-MEDIUM
1866,572,F,13496.65,1993-10-12,4-NOT SPECIFIED
1867,754,F,51989.49,1995-04-08,4-NOT SPECIFIED
1868,674,P,56227.8,1993-09-04,1-URGENT
1869,456,O,33187.95,1992-11-18,1-URGENT
1870,390,P,29978.95,1995-05-07,5-LOW
1871,61,F,21794.01,1993-04-17,2-HIGH
1872,978,P,67516.84,1995-02-23,1-URGENT
1873,724,O,96884.92,1994-10-11,5-LOW
1874,81,F,79107.47,1994-02-08,3-MEDIUM
1875,26,P,69932.19,1992-04-07,3-MEDIUM
1876,969,F,79626.78,1998-09-20,1-URGENT
1877,105,O,5987.56,1993-03-26,2-HIGH
1878,711,F,43044.69,1996-03-03,5-LOW
1879,729,F,16226.74,1998-11-24,4-NOT SPECIFIED
1880,411,F,67523.14,1994-12-17,5-LOW
1881,991,F,32516.56,1996-07-25,2-HIGH
1882,680,F,26891.06,1998-03-25,4-NOT SPECIFIED
1883,305,F,65119.25,1998-01-03,1-URGENT
1884,340,F,18337.6,1997-07-06,2-HIGH
1885,27,P,93933.95,1995-06-17,2-HIGH
1886,206,F,22330.31,1996-05-02,5-LOW
1887,843,O,7541.63,1994-09-25,4-NOT SPECIFIED
1888,652,P,69352.01,1993-12-24,2-HIGH
1889,82,O,45599.94,1996-06-17,3-MEDIUM
1890,859,F,49840.7,1997-06-11,4-NOT SPECIFIED
1891,236,P,97786.44,1993-12-13,4-NOT SPECIFIED
1892,756,O,7151.21,1997-06-27,2-HIGH
1893,311,O,47606.81,1995-08-11,5-LOW
1894,740,P,39771.66,1998-01-08,5-LOW
1895,75,F,70191.58,1996-10-05,3-MEDIUM
1896,262,F,17902.0,1992-03-22,1-URGENT
1897,489,P,39777.87,1992-10-25,4-NOT SPECIFIED
1898,340,O,4574.58,1998-01-07,5-LOW
1899,428,P,68194.86,1993-07-08,3-MEDIUM
1900,892,F,41503.59,1994-12-23,3-MEDIUM
1901,950,F,67158.13,1993-02-01,3-MEDIUM
1902,423,O,99867.46,1992-12-21,1-URGENT
1903,177,F,37146.66,1994-01-15,4-NOT SPECIFIED
1904,95,F,78454.93,1994-08-04,4-NOT SPECIFIED
1905,770,O,98615.88,1997-03-20,3-MEDIUM
1906,641,P,59934.55,1995-07-15,5-LOW
1907,317,F,64588.1,1996-06-04,1-URGENT
1908,968,F,70525.52,1997-02-18,1-URGENT
1909,259,F,63550.55,1998-12-09,3-MEDIUM
1910,360,P,58184.97,1995-03-15,5-LOW
1911,736,F,83534.75,1995-07-16,4-NOT SPECIFIED
1912,553,P,55475.81,1993-11-15,1-URGENT
1913,903,O,69546.03,1993-08-16,1-URGENT
1914,562,P,82216.97,1993-12-08,5-LOW
1915,326,P,54683.64,1996-06-02,1-URGENT
1916,356,F,6182.87,1998-05-23,1-URGENT
1917,955,O,28167.05,1994-03-01,5-LOW
1918,185,O,54058.47,1996-05-06,5-LOW
1919,462,P,15680.14,1994-07-21,2-HIGH
1920,937,O,65645.01,1997-07-01,2-HIGH
1921,735,P,52039.38,1998-09-04,2-HIGH
1922,310,F,59982.56,1997-06-21,1-URGENT
1923,32,F,45395.64,1996-03-21,5-LOW
1924,945,F,98366.04,1997-01-05,5-LOW
1925,439,F,53438.97,1995-03-26,1-URGENT
1926,709,P,31795.21,1997-06-05,5-LOW
1927,406,P,58099.61,1994-07-18,4-NOT SPECIFIED
1928,637,P,55665.94,1993-06-22,4-NOT SPECIFIED
1929,88,F,23506.9,1998-06-06,3-MEDIUM
1930,703,O,20884.13,1997-11-11,4-NOT SPECIFIED
1931,227,F,19237.54,1992-04-23,1-URGENT
1932,650,O,18390.34,1997-09-07,3-MEDIUM
1933,328,F,37010.89,1993-10-04,3-MEDIUM
1934,900,F,71508.01,1994-05-28,1-URGENT
1935,944,O,61929.85,1995-12-18,5-LOW
1936,859,P,12594.54,1996-09-09,1-URGENT
1937,809,F,2012.05,1995-02-22,1-URGENT
1938,958,O,28378.91,1997-05-24,4-NOT SPECIFIED
1939,698,F,72169.95,1996-10-17,2-HIGH
1940,406,O,37588.54,1992-10-08,3-MEDIUM
1941,445,O,87409.72,1992-08-18,1-URGENT
1942,158,F,21586.15,1994-09-23,1-URGENT
1943,453,F,9660.9,1998-08-11,2-HIGH
1944,77,O,9821.58,1996-01-23,1-URGENT
1945,938,O,83985.05,1998-05-09,5-LOW
1946,130,P,59311.37,1993-03-06,3-MEDIUM
1947,537,F,78213.9,1995-05-24,2-HIGH
1948,365,O,66893.67,1993-07-21,2-HIGH
1949,713,F,1235.49,1996-09-12,2-HIGH
1950,629,P,39009.87,1993-02-13,2-HIGH
1951,240,O,85104.57,1996-12-10,3-MEDIUM
1952,58,P,58025.34,1996-09-24,4-NOT SPECIFIED
1953,342,O,18069.81,1998-07-04,2-HIGH
1954,849,O,14259.4,1994-11-01,3-MEDIUM
1955,4,O,20658.95,1992-08-27,4-NOT SPECIFIED
1956,293,F,16401.15,1994-06-12,1-URGENT
1957,545,P,81568.7,1993-11-04,5-LOW
1958,291,P,9578.96,1997-08-05,1-URGENT
1959,326,F,86924.41,1996-03-16,4-NOT SPECIFIED
1960,932,P,1947.27,1993-12-28,3-MEDIUM
1961,221,P,26430.99,1995-01-09,4-NOT SPECIFIED
1962,857,O,92799.1,1997-05-28,2-HIGH
1963,761,F,75184.35,1995-02-12,2-HIGH
1964,306,P,11488.73,1998-03-28,1-URGENT
1965,167,F,33886.58,1992-12-14,1-URGENT
1966,183,P,84413.34,1996-06-12,1-URGENT
1967,156,F,82290.79,1995-07-02,3-MEDIUM
1968,337,O,43920.2,1994-06-24,3-MEDIUM
1969,782,O,11170.91,1998-03-11,1-URGENT
1970,102,F,57322.81,1994-07-23,5-LOW
1971,975,O,97946.34,1998-09-26,2-HIGH
1972,366,F,16627.9,1998-06-17,4-NOT SPECIFIED
1973,976,O,97062.12,1994-04-14,3-MEDIUM
1974,177,F,6041.11,1995-08-12,3-MEDIUM
1975,841,O,15172.39,1995-12-11,1-URGENT
1976,291,F,74669.98,1998-12-27,3-MEDIUM
1977,283,F,5505.33,1992-04-17,4-NOT SPECIFIED
1978,345,P,67000.88,1997-08-14,4-NOT SPECIFIED
1979,564,F,71199.73,1995-10-02,4-NOT SPECIFIED
1980,987,F,67723.94,1994-05-19,4-NOT SPECIFIED
1981,699,O,22020.07,1995-09-15,5-LOW
1982,561,O,93381.11,1995-06-21,5-LOW
1983,611,O,81982.36,1992-06-11,5-LOW
1984,330,O,92376.41,1992-10-16,1-URGENT
1985,135,P,56017.19,1995-03-11,5-LOW
1986,430,F,77211.32,1997-10-22,4-NOT SPECIFIED
1987,135,O,88935.7,1993-12-10,4-NOT SPECIFIED
1988,244,P,69068.48,1993-12-08,1-URGENT
1989,144,O,45358.49,1993-02-03,3-MEDIUM
1990,205,O,84515.22,1998-06-09,5-LOW
1991,847,F,78245.56,1993-05-24,1-URGENT
1992,279,O,5046.86,1996-02-25,1-URGENT
1993,381,O,59003.38,1992-05-28,1-URGENT
1994,599,O,64903.27,1996-01-12,5-LOW
1995,320,P,48870.24,1996-05-02,3-MEDIUM
1996,660,O,24864.17,1997-05-25,5-LOW
1997,263,F,64592.98,1995-05-15,1-URGENT
1998,478,F,4508.54,1995-06-14,3-MEDIUM
1999,865,O,32698.04,1994-08-19,1-URGENT
2000,719,F,36083.57,1995-06-13,5-LOW
2001,701,P,44640.25,1992-08-01,2-HIGH
2002,908,P,64581.68,1992-03-17,4-NOT SPECIFIED
2003,803,P,70366.55,1995-08-28,1-URGENT
2004,110,O,49704.67,1992-10-07,5-LOW
2005,271,F,72917.73,1995-01-27,5-LOW
2006,695,P,34111.03,1996-05-16,1-URGENT
2007,507,F,60079.36,1995-04-08,4-NOT SPECIFIED
2008,566,O,23196.54,1993-12-07,2-HIGH
2009,489,F,83736.39,1995-10-02,5-LOW
2010,428,O,10490.3,1992-12-19,5-LOW
2011,665,O,80747.25,1992-04-12,5-LOW
2012,715,O,51503.07,1995-08-28,1-URGENT
2013,970,P,96635.81,1992-02-24,2-HIGH
2014,106,O,52949.18,1996-09-01,5-LOW
2015,750,P,25028.5,1996-07-28,1-URGENT
2016,511,P,49995.31,1993-01-09,5-LOW
2017,474,P,60623.85,1996-07-03,1-URGENT
2018,729,F,83567.48,1994-06-26,5-LOW
2019,154,F,45716.22,1996-12-28,2-HIGH
2020,556,P,16664.19,1995-04-28,3-MEDIUM
2021,461,O,34705.56,1996-06-14,1-URGENT
2022,999,F,68666.4,1992-09-07,5-LOW
2023,707,O,38507.89,1996-05-13,3-MEDIUM
2024,936,F,48061.68,1993-08-01,1-URGENT
2025,689,F,3993.91,1992-10-17,1-URGENT
2026,112,P,91988.14,1995-10-03,4-NOT SPECIFIED
2027,156,F,28770.28,1997-10-28,1-URGENT
2028,257,P,94313.57,1998-02-18,1-URGENT
2029,311,O,58736.39,1996-04-23,5-LOW
2030,427,F,13164.04,1993-10-12,1-URGENT
2031,485,O,51920.13,1993-04-06,2-HIGH
2032,119,P,69620.53,1997-11-17,5-LOW
2033,293,O,77000.16,1995-05-16,1-URGENT
2034,76,P,16234.02,1996-02-14,2-HIGH
2035,315,F,94081.37,1992-02-26,2-HIGH
2036,163,P,20962.96,1998-03-07,5-LOW
2037,568,F,55181.8,1992-06-21,3-MEDIUM
2038,602,F,94432.47,1992-12-12,4-NOT SPECIFIED
2039,130,O,87392.07,1994-08-19,2-HIGH
2040,491,P,58220.95,1998-12-16,4-NOT SPECIFIED
2041,423,O,34187.65,1992-02-14,5-LOW
2042,609,P,9061.0,1997-07-08,3-MEDIUM
2043,418,F,76698.2,1994-01-08,3-MEDIUM
2044,906,O,37619.11,1992-03-19,3-MEDIUM
2045,555,O,8591.95,1995-04-18,3-MEDIUM
2046,966,O,30417.57,1998-03-18,5-LOW
2047,766,P,51668.84,1995-02-28,4-NOT SPECIFIED
2048,902,P,37081.59,1994-02-13,3-MEDIUM
2049,991,P,35823.68,1997-12-16,4-NOT SPECIFIED
2050,554,F,50824.62,1998-11-27,3-MEDIUM
2051,418,F,65420.62,1997-04-18,1-URGENT
2052,241,P,68985.96,1997-10-08,5-LOW
2053,17,F,18846.74,1996-07-24,2-HIGH
2054,757,F,96414.94,1994-08-07,1-URGENT
2055,170,P,32677.87,1995-02-24,4-NOT SPECIFIED
2056,723,F,9831.17,1998-09-14,1-URGENT
2057,511,O,64754.27,1996-07-24,1-URGENT
2058,766,O,3658.89,1993-08-02,4-NOT SPECIFIED
2059,393,P,6773.35,1997-01-23,1-URGENT
2060,760,F,6449.56,1992-06-02,5-LOW
2061,26,P,2872.77,1998-08-15,5-LOW
2062,755,F,41661.27,1994-07-02,1-URGENT
2063,715,P,28512.05,1996-08-25,5-LOW
2064,530,P,5022.64,1996-09-03,1-URGENT
2065,157,F,81839.62,1993-05-04,3-MEDIUM
2066,348,F,89093.12,1992-07-12,2-HIGH
2067,999,F,11505.67,1994-04-24,3-MEDIUM
2068,281,F,22110.98,1997-06-13,5-LOW
2069,880,P,99046.76,1996-08-26,5-LOW
2070,568,P,4738.52,1992-05-10,1-URGENT
2071,690,O,75292.74,1997-08-06,3-MEDIUM
2072,878,P,25297.92,1995-07-23,3-MEDIUM
2073,779,P,49088.37,1993-03-10,5-LOW
2074,393,F,80606.16,1995-09-26,1-URGENT
2075,180,P,65997.59,1995-11-01,3-MEDIUM
2076,844,O,9997.22,1995-11-06,5-LOW
2077,96,O,81837.33,1993-10-28,5-LOW
2078,747,P,99417.78,1998-03-07,4-NOT SPECIFIED
2079,65,P,7547.01,1998-12-03,2-HIGH
2080,857,F,37544.31,1992-03-13,1-URGENT
2081,482,O,39071.43,1994-04-28,4-NOT SPECIFIED
2082,55,F,34665.73,1998-01-28,2-HIGH
2083,550,F,22248.67,1998-04-24,1-URGENT
2084,656,P,71369.1,1998-02-03,4-NOT SPECIFIED
2085,534,O,80892.93,1992-06-04,1-URGENT
2086,641,O,31601.94,1997-06-12,4-NOT SPECIFIED
2087,840,P,72622.15,1993-06-06,3-MEDIUM
2088,904,O,82017.67,1994-11-07,2-HIGH
2089,667,P,49142.78,1993-10-13,4-NOT SPECIFIED
2090,545,O,52633.44,1994-11-26,5-LOW
2091,50,F,85056.17,1996-05-10,5-LOW
2092,786,F,43167.14,1997-06-11,4-NOT SPECIFIED
2093,953,F,1085.39,1997-05-12,3-MEDIUM
2094,37,F,74937.33,1996-11-04,1-URGENT
2095,635,P,80452.88,1996-11-02,5-LOW
2096,221,F,57790.45,1995-05-04,5-LOW
2097,631,F,9572.16,1997-12-15,5-LOW
2098,994,P,97834.73,1994-12-17,5-LOW
2099,187,O,24085.05,1993-01-26,2-HIGH
2100,330,P,12353.64,1993-11-16,2-HIGH
2101,372,F,26267.79,1994-11-28,1-URGENT
2102,864,P,49829.57,1998-01-05,5-LOW
2103,466,P,14147.99,1995-06-15,2-HIGH
2104,131,F,15445.91,1994-10-23,5-LOW
2105,883,P,3955.65,1997-05-17,2-HIGH
2106,923,P,90740.98,1998-01-21,4-NOT SPECIFIED
2107,832,O,34740.93,1993-07-08,5-LOW
2108,677,P,81875.89,1994-08-02,1-URGENT
2109,173,P,11341.16,1995-04-02,4-NOT SPECIFIED
2110,723,F,82272.72,1993-12-09,5-LOW
2111,545,F,82334.2,1995-05-12,4-NOT SPECIFIED
2112,481,O,98746.43,1998-12-25,5-LOW
2113,299,F,60051.27,1996-09-08,3-MEDIUM
2114,27,F,51502.41,1996-05-02,3-MEDIUM
2115,954,P,51678.24,1992-10-02,1-URGENT
2116,541,F,3051.83,1998-05-25,4-NOT SPECIFIED
2117,96,O,12853.75,1998-06-26,4-NOT SPECIFIED
2118,206,O,78548.98,1996-10-13,3-MEDIUM
2119,116,F,89967.01,1994-08-11,2-HIGH
2120,132,P,37069.45,1995-02-28,2-HIGH
2121,360,F,35474.56,1993-01-14,2-HIGH
2122,315,O,33323.26,1994-03-11,4-NOT SPECIFIED
2123,186,F,97851.48,1992-10-16,5-LOW
2124,400,P,67712.22,1992-08-11,2-HIGH
2125,817,O,38798.41,1995-06-12,4-NOT SPECIFIED
2126,842,O,20681.41,1995-03-28,5-LOW
2127,390,O,33945.72,1992-08-19,4-NOT SPECIFIED
2128,645,P,63445.59,1997-10-18,5-LOW
2129,694,F,4759.87,1994-11-01,1-URGENT
2130,26,O,53287.18,1997-11-18,2-HIGH
2131,819,O,96624.44,1996-07-04,3-MEDIUM
2132,151,F,90169.65,1992-02-09,4-NOT SPECIFIED
2133,739,F,50585.57,1994-07-08,5-LOW
2134,181,O,75427.41,1995-01-21,2-HIGH
2135,16,P,5075.04,1994-03-16,2-HIGH
2136,692,P,64661.01,1995-03-22,5-LOW
2137,432,P,30318.66,1995-04-09,4-NOT SPECIFIED
2138,861,F,1527.17,1997-08-11,1-URGENT
2139,162,P,89020.79,1993-09-24,2-HIGH
2140,317,F,54732.85,1995-03-01,3-MEDIUM
2141,821,F,23040.8,1998-02-15,4-NOT SPECIFIED
2142,966,F,88477.41,1996-08-03,3-MEDIUM
2143,984,F,27261.56,1997-09-28,2-HIGH
2144,801,P,78534.28,1992-06-16,5-LOW
2145,518,P,61015.14,1994-02-28,1-URGENT
2146,25,P,33746.47,1993-02-22,1-URGENT
2147,322,P,58238.09,1993-05-28,5-LOW
2148,190,P,42985.25,1992-03-04,3-MEDIUM
2149,581,O,54129.24,1995-10-06,4-NOT SPECIFIED
2150,238,F,64630.88,1997-12-07,3-MEDIUM
2151,153,F,40453.37,1998-04-23,3-MEDIUM
2152,865,F,79968.59,1995-02-08,3-MEDIUM
2153,481,F,72289.87,1992-02-12,1-URGENT
2154,509,O,25391.02,1996-01-01,2-HIGH
2155,465,P,52393.13,1998-06-06,1-URGENT
2156,472,O,35765.74,1995-03-02,1-URGENT
2157,785,O,83402.72,1994-07-10,3-MEDIUM
2158,518,O,80395.12,1998-08-21,4-NOT SPECIFIED
2159,689,P,2232.73,1994-02-03,2-HIGH
2160,288,P,59526.32,1994-12-17,1-URGENT
2161,602,P,82654.24,1995-10-24,5-LOW
2162,675,F,78030.0,1997-10-24,5-LOW
2163,193,F,59503.8,1992-06-15,2-HIGH
2164,254,F,17523.16,1993-11-15,3-MEDIUM
2165,268,O,11074.53,1996-08-07,2-HIGH
2166,692,P,33078.44,1993-04-24,2-HIGH
2167,133,F,7990.28,1992-05-03,2-HIGH
2168,319,F,19177.9,1997-12-01,3-MEDIUM
2169,175,P,93096.9,1994-03-15,2-HIGH
2170,212,F,19823.76,1992-03-15,5-LOW
2171,405,O,22560.26,1992-04-05,4-NOT SPECIFIED
2172,288,O,56275.45,1994-06-20,5-LOW
2173,857,P,24129.54,1992-12-21,3-MEDIUM
2174,258,O,85495.61,1993-11-04,1-URGENT
2175,288,F,80342.39,1994-06-05,5-LOW
2176,417,F,89744.32,1993-12-26,5-LOW
2177,243,F,90759.48,1995-07-23,5-LOW
2178,308,O,51648.78,1992-08-26,1-URGENT
2179,252,F,64347.12,1995-05-18,3-MEDIUM
2180,234,F,46169.94,1998-12-24,3-MEDIUM
2181,492,O,87761.9,1997-02-16,4-NOT SPECIFIED
2182,194,O,64601.87,1996-05-23,2-HIGH
2183,829,P,48388.41,1996-04-21,3-MEDIUM
2184,855,F,99736.74,1992-02-26,4-NOT SPECIFIED
2185,102,P,25349.81,1994-07-07,3-MEDIUM
2186,310,F,36884.13,1992-09-06,3-MEDIUM
2187,805,F,2175.67,1994-08-01,1-URGENT
2188,735,O,55310.7,1992-08-22,2-HIGH
2189,735,O,89101.87,1994-08-04,1-URGENT
2190,143,O,42114.44,1998-07-17,3-MEDIUM
2191,73,P,86418.7,1996-11-18,2-HIGH
2192,723,O,98242.65,1992-07-05,4-NOT SPECIFIED
2193,923,O,15233.18,1996-10-05,3-MEDIUM
2194,447,P,70972.2,1995-09-05,3-MEDIUM
2195,251,O,25891.1,1994-06-13,1-URGENT
2196,380,F,45144.74,1993-07-12,1-URGENT
2197,142,P,1512.43,1992-09-22,1-URGENT
2198,117,O,25687.82,1995-09-24,4-NOT SPECIFIED
2199,259,P,70336.25,1994-04-13,1-URGENT
2200,70,F,9835.52,1992-06-04,5-LOW
2201,540,O,65445.67,1998-09-11,1-URGENT
2202,368,P,71264.51,1996-02-05,5-LOW
2203,439,O,85833.14,1993-07-25,2-HIGH
2204,492,P,6276.75,1993-06-21,1-URGENT
2205,46,P,10952.08,1997-05-11,1-URGENT
2206,806,P,50366.81,1996-05-09,2-HIGH
2207,639,P,27372.76,1997-03-28,3-MEDIUM
2208,676,O,18712.04,1994-05-12,5-LOW
2209,23,O,31769.89,1995-08-27,4-NOT SPECIFIED
2210,610,F,8152.71,1998-07-11,4-NOT SPECIFIED
2211,371,O,17080.15,1995-11-15,4-NOT SPECIFIED
2212,120,O,3564.1,1996-04-24,4-NOT SPECIFIED
2213,890,O,10829.04,1997-04-05,3-MEDIUM
2214,343,F,21523.5,1996-12-16,1-URGENT
2215,964,F,18004.42,1994-04-15,3-MEDIUM
2216,471,O,60620.6,1992-04-25,3-MEDIUM
2217,528,O,30718.23,1996-09-23,1-URGENT
2218,428,F,29333.39,1998-01-25,2-HIGH
2219,609,O,19209.37,1993-03-20,5-LOW
2220,195,O,84330.94,1997-07-07,2-HIGH
2221,343,P,61803.36,1994-09-20,5-LOW
2222,982,P,39827.85,1994-03-03,3-MEDIUM
2223,620,P,51914.78,1993-08-23,5-LOW
2224,479,O,90066.19,1997-05-12,4-NOT SPECIFIED
2225,730,P,94733.24,1997-08-05,2-HIGH
2226,258,F,76066.97,1992-04-02,1-URGENT
2227,31,F,2279.72,1995-06-11,1-URGENT
2228,188,P,84788.92,1996-09-08,1-URGENT
2229,644,F,56934.11,1998-04-22,2-HIGH
2230,801,P,72449.05,1996-06-27,2-HIGH
2231,114,F,57375.19,1992-09-09,2-HIGH
2232,441,F,6356.59,1993-03-16,2-HIGH
2233,559,F,94837.46,1998-10-24,3-MEDIUM
2234,313,O,42003.06,1993-11-25,5-LOW
2235,690,F,36370.61,1997-11-08,2-HIGH
2236,417,P,74502.19,1997-02-10,3-MEDIUM
2237,881,F,27886.2,1997-11-22,3-MEDIUM
2238,932,P,66889.22,1997-01-21,5-LOW
2239,945,F,62868.09,1997-06-28,5-LOW
2240,411,P,62299.03,1997-07-21,5-LOW
2241,707,P,12454.47,1996-06-22,2-HIGH
2242,158,P,57146.9,1993-01-03,4-NOT SPECIFIED
2243,200,O,11898.96,1994-02-26,3-MEDIUM
2244,930,P,66723.8,1993-05-20,3-MEDIUM
2245,530,O,15878.5,1996-06-05,1-URGENT
2246,386,O,12266.32,1995-12-03,1-URGENT
2247,778,P,93163.46,1998-06-22,4-NOT SPECIFIED
2248,813,P,97836.26,1992-08-22,4-NOT SPECIFIED
2249,45,O,81026.85,1995-05-13,4-NOT SPECIFIED
2250,638,O,24373.53,1994-02-22,1-URGENT
2251,538,P,96002.26,1992-06-05,5-LOW
2252,140,O,97047.94,1995-08-25,3-MEDIUM
2253,305,P,39672.03,1992-07-25,5-LOW
2254,965,O,65556.25,1997-02-21,5-LOW
2255,363,O,54281.59,1998-09-09,5-LOW
2256,448,F,11788.0,1992-12-08,1-URGENT
2257,258,O,16038.55,1993-10-12,4-NOT SPECIFIED
2258,288,F,30510.23,1997-07-09,1-URGENT
2259,566,F,50758.52,1994-10-19,4-NOT SPECIFIED
2260,392,P,60047.12,1998-12-25,3-MEDIUM
2261,319,P,1193.17,1997-10-10,1-URGENT
2262,118,F,35016.33,1996-08-25,4-NOT SPECIFIED
2263,393,P,49482.49,1992-07-01,3-MEDIUM
2264,941,O,71302.57,1996-02-07,4-NOT SPECIFIED
2265,168,P,78857.61,1997-06-12,5-LOW
2266,657,F,30235.79,1998-10-09,2-HIGH
2267,467,P,36943.24,1993-07-13,2-HIGH
2268,447,P,63387.58,1992-12-16,3-MEDIUM
2269,14,P,49243.65,1992-01-11,3-MEDIUM
2270,844,O,57803.76,1998-05-17,3-MEDIUM
2271,250,O,92086.09,1995-10-23,4-NOT SPECIFIED
2272,309,O,64876.35,1996-01-09,4-NOT SPECIFIED
2273,73,F,87057.09,1998-05-26,1-URGENT
2274,175,O,44935.3,1992-09-26,2-HIGH
2275,867,P,21201.79,1997-12-07,5-LOW
2276,684,O,14016.2,1993-12-03,4-NOT SPECIFIED
2277,888,O,94596.92,1997-10-09,4-NOT SPECIFIED
2278,696,O,10764.11,1998-06-22,3-MEDIUM
2279,522,P,97890.19,1996-07-18,5-LOW
2280,912,F,94307.25,1997-08-04,5-LOW
2281,320,O,84021.24,1997-04-25,4-NOT SPECIFIED
2282,409,P,66140.47,1993-07-12,1-URGENT
2283,179,F,5188.61,1998-09-18,3-MEDIUM
2284,119,P,13601.26,1992-01-11,5-LOW
2285,154,F,76477.3,1992-07-11,2-HIGH
2286,214,F,20298.87,1994-07-22,4-NOT SPECIFIED
2287,635,O,43113.47,1994-06-08,3-MEDIUM
2288,983,P,75322.48,1996-12-06,2-HIGH
2289,183,F,77066.54,1994-03-01,4-NOT SPECIFIED
2290,265,P,4783.58,1998-10-15,4-NOT SPECIFIED
2291,59,P,43273.45,1992-01-06,4-NOT SPECIFIED
2292,953,F,41522.72,1995-06-09,1-URGENT
2293,10,P,5109.73,1992-12-21,5-LOW
2294,89,P,70123.31,1998-02-14,1-URGENT
2295,26,P,24429.12,1998-04-24,1-URGENT
2296,542,O,13792.35,1998-05-19,3-MEDIUM
2297,351,O,86860.86,1995-10-16,1-URGENT
2298,154,P,90986.01,1994-04-26,3-MEDIUM
2299,694,F,17902.62,1998-06-14,4-NOT SPECIFIED
2300,236,P,48425.53,1997-01-21,4-NOT SPECIFIED
2301,689,P,7749.15,1993-09-06,5-LOW
2302,460,F,82063.62,1993-06-28,4-NOT SPECIFIED
2303,515,O,48732.04,1992-04-01,4-NOT SPECIFIED
2304,755,O,56387.14,1997-08-08,2-HIGH
2305,585,F,27216.0,1995-10-07,1-URGENT
2306,753,P,9389.4,1996-10-02,5-LOW
2307,799,F,68161.72,1992-06-18,1-URGENT
2308,260,O,94757.48,1994-07-08,2-HIGH
2309,196,O,77591.72,1997-12-10,5-LOW
2310,138,O,92390.22,1994-06-05,1-URGENT
2311,327,O,12218.16,1996-08-20,4-NOT SPECIFIED
2312,272,P,47239.47,1995-04-13,2-HIGH
2313,585,P,46016.79,1994-02-23,3-MEDIUM
2314,970,F,71910.72,1998-08-18,2-HIGH
2315,740,O,72722.29,1997-12-03,3-MEDIUM
2316,387,F,71400.89,1994-07-27,1-URGENT
2317,810,F,64296.89,1997-12-11,3-MEDIUM
2318,944,O,12242.61,1998-01-26,3-MEDIUM
2319,985,F,19421.9,1993-06-24,5-LOW
2320,471,F,38172.03,1993-03-25,1-URGENT
2321,883,P,75530.84,1997-07-24,1-URGENT
2322,248,F,99552.54,1998-02-01,1-URGENT
2323,751,F,4486.1,1996-04-08,1-URGENT
2324,584,F,47424.38,1996-03-25,1-URGENT
2325,236,F,25545.47,1994-10-21,4-NOT SPECIFIED
2326,730,O,95686.77,1993-11-25,4-NOT SPECIFIED
2327,401,O,90221.69,1992-10-18,5-LOW
2328,829,O,48762.61,1994-07-03,5-LOW
2329,181,P,41793.18,1997-08-12,2-HIGH
2330,927,F,66708.79,1993-06-28,3-MEDIUM
2331,412,F,19732.97,1994-08-19,4-NOT SPECIFIED
2332,702,O,70811.69,1993-10-16,4-NOT SPECIFIED
2333,779,F,17363.92,1996-08-05,2-HIGH
2334,419,O,89246.29,1997-03-28,2-HIGH
2335,333,F,49634.91,1998-02-14,3-MEDIUM
2336,113,P,78583.23,1997-10-19,2-HIGH
2337,853,O,58099.44,1994-11-07,3-MEDIUM
2338,70,P,97748.66,1993-12-08,5-LOW
2339,295,P,15056.32,1995-05-07,1-URGENT
2340,717,F,47952.32,1992-05-05,3-MEDIUM
2341,844,P,81788.85,1994-11-04,2-HIGH
2342,561,F,38436.18,1993-02-04,2-HIGH
2343,783,P,25820.42,1994-11-10,4-NOT SPECIFIED
2344,302,F,52493.56,1994-06-20,4-NOT SPECIFIED
2345,87,O,3037.04,1998-06-24,1-URGENT
2346,881,O,94033.01,1996-05-03,2-HIGH
2347,482,F,67261.81,1993-09-23,4-NOT SPECIFIED
2348,125,F,97948.06,1992-08-15,4-NOT SPECIFIED
2349,247,F,32783.85,1995-04-09,3-MEDIUM
2350,553,O,21651.69,1998-08-22,2-HIGH
2351,117,P,34058.74,1992-03-26,1-URGENT
2352,305,F,5013.5,1998-09-28,1-URGENT
2353,641,O,18888.2,1996-07-14,5-LOW
2354,639,O,31475.82,1998-09-07,1-URGENT
2355,270,F,60893.75,1998-04-18,2-HIGH
2356,128,F,78536.71,1998-03-22,5-LOW
2357,162,O,51940.93,1995-01-02,3-MEDIUM
2358,998,P,13204.81,1995-02-27,1-URGENT
2359,217,F,2622.76,1992-02-19,1-URGENT
2360,209,P,53680.96,1994-01-06,4-NOT SPECIFIED
2361,637,P,13301.13,1995-04-21,2-HIGH
2362,698,O,3830.06,1996-05-15,4-NOT SPECIFIED
2363,671,O,48295.88,1995-06-03,1-URGENT
2364,951,F,68590.57,1998-01-07,3-MEDIUM
2365,881,P,21356.89,1992-03-26,2-HIGH
2366,332,O,78508.1,1994-06-12,3-MEDIUM
2367,834,P,50596.97,1995-01-12,4-NOT SPECIFIED
2368,981,P,10450.46,1992-06-27,2-HIGH
2369,807,P,18108.46,1994-09-21,2-HIGH
2370,77,O,49276.72,1993-05-04,3-MEDIUM
2371,345,F,90286.87,1998-09-14,2-HIGH
2372,165,F,27694.07,1996-10-07,3-MEDIUM
2373,28,O,84564.47,1992-04-04,5-LOW
2374,162,P,82766.48,1993-03-06,2-HIGH
2375,930,F,9475.36,1994-09-15,3-MEDIUM
2376,981,F,15187.72,1998-02-02,3-MEDIUM
2377,241,P,66132.46,1994-02-27,4-NOT SPECIFIED
2378,677,O,87904.26,1994-02-01,2-HIGH
2379,340,F,92560.85,1995-10-17,3-MEDIUM
2380,949,F,77322.83,1994-12-02,3-MEDIUM
2381,717,F,16208.49,1995-04-11,3-MEDIUM
2382,30,F,30547.49,1995-08-01,1-URGENT
2383,878,O,89993.26,1993-01-01,4-NOT SPECIFIED
2384,234,F,53800.65,1998-08-13,4-NOT SPECIFIED
2385,529,O,17411.55,1992-03-06,3-MEDIUM
2386,547,F,55588.61,1998-06-23,4-NOT SPECIFIED
2387,143,F,16995.41,1995-07-07,4-NOT SPECIFIED
2388,800,F,76463.2,1996-09-28,4-NOT SPECIFIED
2389,971,P,18684.01,1995-06-12,5-LOW
2390,303,O,64182.46,1995-10-10,3-MEDIUM
2391,248,F,12998.85,1995-10-08,4-NOT SPECIFIED
2392,119,P,27013.07,1998-08-16,2-HIGH
2393,20,P,99206.17,1997-01-19,4-NOT SPECIFIED
2394,411,F,88221.02,1997-12-24,5-LOW
2395,272,F,14896.2,1995-06-09,4-NOT SPECIFIED
2396,149,O,66041.39,1994-12-28,4-NOT SPECIFIED
2397,81,F,98337.8,1995-01-26,4-NOT SPECIFIED
2398,457,F,55525.04,1993-08-02,2-HIGH
2399,205,F,22249.34,1995-02-17,1-URGENT
2400,838,P,97298.12,1998-10-24,1-URGENT
2401,96,P,67786.61,1997-09-22,1-URGENT
2402,340,O,9360.24,1995-02-17,3-MEDIUM
2403,177,F,54597.89,1997-07-27,1-URGENT
2404,285,P,45230.61,1993-08-24,1-URGENT
2405,35,P,2733.77,1997-03-24,3-MEDIUM
2406,251,F,19045.17,1997-08-11,5-LOW
2407,452,O,92091.88,1992-07-14,3-MEDIUM
2408,999,P,14142.12,1998-05-15,5-LOW
2409,449,P,46155.08,1996-07-23,2-HIGH
2410,44,O,75291.97,1994-03-13,2-HIGH
2411,183,F,50045.63,1998-11-01,3-MEDIUM
2412,855,F,73001.86,1997-01-15,1-URGENT
2413,677,F,63900.86,1993-06-11,3-MEDIUM
2414,749,P,83067.89,1997-08-24,2-HIGH
2415,670,O,97978.76,1996-04-20,1-URGENT
2416,658,F,35383.99,1998-08-10,3-MEDIUM
2417,519,F,37184.52,1996-02-10,3-MEDIUM
2418,57,O,91300.82,1997-03-21,3-MEDIUM
2419,252,F,99348.32,1994-10-23,1-URGENT
2420,961,F,71305.51,1998-12-19,2-HIGH
2421,58,O,52427.2,1996-09-01,1-URGENT
2422,887,O,31337.93,1994-07-17,5-LOW
2423,180,F,74663.14,1997-12-12,4-NOT SPECIFIED
2424,220,F,79517.49,1998-05-25,4-NOT SPECIFIED
2425,402,P,5913.95,1994-03-19,3-MEDIUM
2426,645,O,92550.12,1996-07-23,4-NOT SPECIFIED
2427,636,P,38107.72,1992-06-17,1-URGENT
2428,866,O,50706.31,1996-08-16,2-HIGH
2429,492,O,55045.69,1994-11-20,5-LOW
2430,838,P,38820.16,1996-01-14,5-LOW
2431,158,O,91833.02,1995-08-21,1-URGENT
2432,633,F,15737.13,1996-04-17,5-LOW
2433,400,O,17187.97,1993-08-21,4-NOT SPECIFIED
2434,337,F,66012.8,1994-08-13,1-URGENT
2435,856,P,96327.08,1992-03-27,2-HIGH
2436,513,F,99680.58,1998-02-14,2-HIGH
2437,422,O,74692.73,1993-05-05,1-URGENT
2438,165,O,44496.8,1994-04-19,5-LOW
2439,465,O,21929.31,1994-11-12,4-NOT SPECIFIED
2440,175,P,64683.59,1994-08-10,3-MEDIUM
2441,371,P,11718.15,1994-12-18,1-URGENT
2442,449,P,24252.69,1992-01-25,3-MEDIUM
2443,625,F,94603.16,1996-09-25,3-MEDIUM
2444,780,P,64502.71,1992-01-28,2-HIGH
2445,95,F,80745.28,1997-05-24,4-NOT SPECIFIED
2446,740,F,86271.02,1997-02-28,4-NOT SPECIFIED
2447,357,O,30232.42,1992-12-22,1-URGENT
2448,903,F,73946.79,1997-03-09,4-NOT SPECIFIED
2449,793,P,96632.44,1997-05-01,2-HIGH
2450,763,F,34524.8,1993-04-11,5-LOW
2451,803,O,50239.61,1993-02-11,4-NOT SPECIFIED
2452,13,O,3606.33,1998-10-16,5-LOW
2453,927,O,55856.11,1995-02-25,3-MEDIUM
2454,286,F,78252.43,1995-07-20,2-HIGH
2455,421,F,57392.17,1998-01-15,5-LOW
2456,740,O,74063.33,1995-03-18,5-LOW
2457,737,F,53089.76,1998-07-05,3-MEDIUM
2458,365,P,5895.12,1996-12-14,5-LOW
2459,733,O,54488.12,1995-04-17,5-LOW
2460,310,O,36972.39,1998-03-24,5-LOW
2461,603,P,66740.97,1992-03-12,4-NOT SPECIFIED
2462,21,F,31295.26,1998-08-11,2-HIGH
2463,154,P,72972.97,1993-01-13,2-HIGH
2464,228,F,49237.53,1998-11-28,1-URGENT
2465,602,F,66743.97,1993-05-14,5-LOW
2466,530,F,42757.22,1998-10-14,1-URGENT
2467,866,O,42901.74,1995-07-23,4-NOT SPECIFIED
2468,304,P,15538.86,1993-08-16,5-LOW
2469,283,O,67850.55,1992-04-28,5-LOW
2470,861,F,61134.36,1995-06-01,3-MEDIUM
2471,466,O,8028.64,1993-09-15,1-URGENT
2472,119,O,41619.26,1998-04-10,3-MEDIUM
2473,151,P,36904.09,1998-09-05,1-URGENT
2474,159,O,46072.1,1997-01-16,3-MEDIUM
2475,203,P,55318.98,1993-12-01,5-LOW
2476,25,O,64066.05,1993-04-13,4-NOT SPECIFIED
2477,163,O,21128.11,1996-09-14,5-LOW
2478,485,F,45069.98,1995-12-20,5-LOW
2479,916,O,94512.19,1996-09-13,5-LOW
2480,37,F,89238.36,1995-05-22,2-HIGH
2481,386,P,26886.57,1996-06-20,2-HIGH
2482,885,O,95515.62,1998-12-01,3-MEDIUM
2483,282,P,45143.31,1997-12-26,1-URGENT
2484,568,F,1581.28,1995-12-16,1-URGENT
2485,1000,O,3508.58,1997-03-01,4-NOT SPECIFIED
2486,890,O,60338.51,1994-11-24,3-MEDIUM
2487,657,O,51886.2,1996-11-26,1-URGENT
2488,776,P,15021.24,1993-09-22,1-URGENT
2489,368,P,97520.37,1994-03-24,5-LOW
2490,247,F,39307.14,1997-12-09,3-MEDIUM
2491,121,O,9686.55,1997-02-23,2-HIGH
2492,469,P,66860.28,1993-08-12,5-LOW
2493,583,P,95920.79,1992-09-25,2-HIGH
2494,809,F,57115.15,1993-03-23,4-NOT SPECIFIED
2495,455,P,31503.91,1992-01-02,3-MEDIUM
2496,817,F,82853.41,1994-09-10,4-NOT SPECIFIED
2497,563,O,29117.43,1997-07-06,1-URGENT
2498,149,F,12381.2,1997-09-10,4-NOT SPECIFIED
2499,586,O,30939.56,1998-08-02,2-HIGH
2500,632,P,81077.47,1992-04-03,4-NOT SPECIFIED
2501,349,P,37354.65,1994-12-27,5-LOW
2502,44,P,31161.06,1998-01-02,5-LOW
2503,857,F,63439.42,1994-03-03,2-HIGH
2504,535,F,32342.22,1992-12-09,4-NOT SPECIFIED
2505,42,P,40143.78,1994-01-04,1-URGENT
2506,97,O,49092.02,1995-08-21,4-NOT SPECIFIED
2507,177,F,29049.71,1996-03-09,4-NOT SPECIFIED
2508,649,O,27457.85,1995-11-27,1-URGENT
2509,794,F,20405.71,1993-10-10,3-MEDIUM
2510,605,P,42645.77,1992-11-11,4-NOT SPECIFIED
2511,359,P,94933.97,1998-10-16,4-NOT SPECIFIED
2512,897,F,32998.93,1994-02-03,3-MEDIUM
2513,127,F,80331.61,1994-02-10,1-URGENT
2514,230,F,80707.56,1994-10-20,3-MEDIUM
2515,901,F,48107.66,1996-03-16,5-LOW
2516,810,P,37797.2,1996-07-20,4-NOT SPECIFIED
2517,22,F,24775.74,1995-06-03,1-URGENT
2518,52,F,59048.41,1998-10-15,5-LOW
2519,475,P,35505.04,1997-10-15,3-MEDIUM
2520,262,F,95701.88,1998-10-14,4-NOT SPECIFIED
2521,869,F,15703.31,1998-04-07,4-NOT SPECIFIED
2522,624,O,32233.99,1993-08-07,3-MEDIUM
2523,539,F,32752.41,1992-10-04,5-LOW
2524,20,P,86215.68,1996-02-14,3-MEDIUM
2525,839,O,22441.51,1997-11-02,3-MEDIUM
2526,197,F,62863.79,1993-06-14,4-NOT SPECIFIED
2527,936,F,13099.04,1994-04-04,3-MEDIUM
2528,345,P,73042.98,1997-07-13,5-LOW
2529,23,O,92949.17,1996-05-07,5-LOW
2530,290,O,70434.23,1997-05-26,5-LOW
2531,639,F,77133.83,1996-11-07,2-HIGH
2532,542,P,9016.38,1996-07-09,5-LOW
2533,834,O,20694.41,1992-05-12,3-MEDIUM
2534,674,F,5246.0,1992-03-09,2-HIGH
2535,312,P,36961.19,1995-05-21,3-MEDIUM
2536,272,P,61470.01,1995-10-27,3-MEDIUM
2537,621,O,16367.63,1995-12-06,3-MEDIUM
2538,125,P,46777.81,1992-06-04,1-URGENT
2539,247,P,80935.52,1992-10-02,5-LOW
2540,292,F,81301.59,1993-01-14,5-LOW
2541,878,P,79000.79,1995-01-02,5-LOW
2542,228,F,71391.18,1992-09-24,3-MEDIUM
2543,125,P,28037.58,1996-08-22,4-NOT SPECIFIED
2544,317,P,8032.5,1993-08-12,5-LOW
2545,28,O,9452.73,1994-01-13,5-LOW
2546,370,P,69931.32,1996-01-17,4-NOT SPECIFIED
2547,932,P,78747.71,1994-02-13,4-NOT SPECIFIED
2548,415,P,39420.31,1996-08-28,4-NOT SPECIFIED
2549,279,P,62345.42,1992-09-22,4-NOT SPECIFIED
2550,483,O,2557.87,1996-12-07,3-MEDIUM
2551,818,P,30785.66,1996-05-11,5-LOW
2552,766,P,74638.07,1994-11-26,1-URGENT
2553,882,O,4769.82,1995-09-23,1-URGENT
2554,741,P,22065.02,1994-11-03,3-MEDIUM
2555,158,F,48580.5,1992-07-19,2-HIGH
2556,195,P,57448.2,1995-08-17,2-HIGH
2557,257,P,27124.74,1996-03-12,4-NOT SPECIFIED
2558,383,O,24533.25,1994-05-01,2-HIGH
2559,840,P,11830.48,1994-06-03,1-URGENT
2560,365,P,23498.25,1998-05-17,1-URGENT
2561,429,P,12714.22,1996-09-13,2-HIGH
2562,215,F,25524.24,1992-05-07,4-NOT SPECIFIED
2563,430,O,12026.67,1992-09-27,1-URGENT
2564,51,O,97877.4,1996-12-25,2-HIGH
2565,475,F,91427.98,1996-05-27,1-URGENT
2566,536,P,86594.27,1995-03-21,1-URGENT
2567,524,F,73537.31,1998-11-26,4-NOT SPECIFIED
2568,603,O,55396.59,1997-09-07,2-HIGH
2569,295,P,86275.56,1996-08-11,2-HIGH
2570,328,F,23555.66,1992-01-19,1-URGENT
2571,553,O,74641.41,1992-10-25,4-NOT SPECIFIED
2572,418,O,16523.58,1994-04-11,5-LOW
2573,587,P,78609.32,1993-04-05,5-LOW
2574,300,O,38710.22,1992-01-05,1-URGENT
2575,880,F,11640.93,1994-08-04,1-URGENT
2576,566,O,31881.5,1992-08-23,5-LOW
2577,114,P,63830.01,1996-05-11,5-LOW
2578,674,P,96554.53,1993-12-28,1-URGENT
2579,738,P,89198.1,1993-01-23,5-LOW
2580,857,F,30822.23,1998-05-26,4-NOT SPECIFIED
2581,809,F,39618.45,1992-04-11,2-HIGH
2582,924,O,91675.53,1995-06-03,1-URGENT
2583,845,P,82732.51,1995-06-27,5-LOW
2584,125,F,27046.0,1994-05-23,4-NOT SPECIFIED
2585,53,F,18473.37,1992-03-20,3-MEDIUM
2586,147,F,4546.24,1995-04-15,2-HIGH
2587,685,F,84513.35,1992-03-02,2-HIGH
2588,141,F,12068.59,1992-11-11,3-MEDIUM
2589,724,O,73802.99,1993-03-05,2-HIGH
2590,109,O,69534.78,1992-08-22,2-HIGH
2591,764,F,51035.98,1997-12-14,2-HIGH
2592,303,P,5972.64,1997-01-06,4-NOT SPECIFIED
2593,495,O,94349.66,1998-01-18,3-MEDIUM
2594,799,P,1144.97,1992-06-11,1-URGENT
2595,206,F,31877.22,1998-10-25,3-MEDIUM
2596,14,P,85490.17,1994-03-22,1-URGENT
2597,1,P,13435.75,1997-12-01,3-MEDIUM
2598,578,F,20449.46,1994-02-01,5-LOW
2599,1000,O,53032.93,1992-10-19,4-NOT SPECIFIED
2600,259,F,76609.0,1994-07-07,2-HIGH
2601,251,O,64801.21,1998-06-16,1-URGENT
2602,106,F,93457.69,1998-06-20,5-LOW
2603,402,O,74725.34,1997-08-06,2-HIGH
2604,104,O,98861.61,1993-04-02,3-MEDIUM
2605,727,O,82905.02,1996-03-21,4-NOT SPECIFIED
2606,357,F,26748.13,1995-12-09,3-MEDIUM
2607,115,P,92205.63,1998-11-15,2-HIGH
2608,214,O,43296.83,1995-08-14,5-LOW
2609,605,F,97797.77,1997-05-07,4-NOT SPECIFIED
2610,179,O,32628.44,1992-10-22,5-LOW
2611,282,P,45579.72,1997-08-02,2-HIGH
2612,825,P,45834.92,1995-07-21,1-URGENT
2613,861,P,95069.28,1993-06-06,5-LOW
2614,560,O,53492.9,1993-06-14,1-URGENT
2615,200,P,25973.4,1995-04-16,5-LOW
2616,300,P,9747.56,1997-05-09,5-LOW
2617,27,O,82694.39,1996-05-14,3-MEDIUM
2618,274,O,72238.74,1992-05-13,3-MEDIUM
2619,33,O,92357.82,1993-02-28,2-HIGH
2620,695,O,33440.63,1993-02-22,5-LOW
2621,925,O,93322.49,1996-08-21,1-URGENT
2622,167,P,84883.14,1995-10-06,5-LOW
2623,638,P,87073.09,1998-10-13,3-MEDIUM
2624,585,O,23459.46,1995-07-15,4-NOT SPECIFIED
2625,348,F,40377.16,1994-11-12,1-URGENT
2626,384,P,81192.29,1998-09-28,1-URGENT
2627,514,F,52351.97,1998-05-07,3-MEDIUM
2628,714,F,75326.03,1993-07-13,1-URGENT
2629,2,F,67119.97,1993-09-05,5-LOW
2630,673,F,65316.46,1993-07-02,2-HIGH
2631,930,O,94708.11,1992-08-21,4-NOT SPECIFIED
2632,20,P,23041.56,1997-07-09,1-URGENT
2633,355,F,83527.22,1993-07-02,4-NOT SPECIFIED
2634,64,F,40956.79,1994-12-09,1-URGENT
2635,961,O,24128.88,1992-03-24,5-LOW
2636,372,P,21009.75,1996-06-14,5-LOW
2637,608,P,70079.56,1997-06-03,5-LOW
2638,137,O,2320.01,1996-10-21,1-URGENT
2639,988,F,8666.1,1997-03-19,3-MEDIUM
2640,369,F,42024.35,1997-01-12,4-NOT SPECIFIED
2641,997,F,51271.3,1997-09-09,3-MEDIUM
2642,27,P,98217.21,1998-10-26,3-MEDIUM
2643,746,O,28041.25,1996-04-20,1-URGENT
2644,230,F,91233.31,1993-01-28,2-HIGH
2645,196,F,10145.82,1998-05-28,5-LOW
2646,776,P,34758.14,1995-06-06,4-NOT SPECIFIED
2647,560,F,79669.25,1992-01-19,1-URGENT
2648,648,F,11029.93,1998-02-26,1-URGENT
2649,572,P,84933.02,1994-01-12,2-HIGH
2650,844,F,30750.42,1993-02-21,4-NOT SPECIFIED
2651,982,P,30905.12,1996-05-18,2-HIGH
2652,606,F,59097.8,1993-08-09,1-URGENT
2653,507,F,47383.02,1992-05-15,5-LOW
2654,157,O,13752.21,1992-01-25,2-HIGH
2655,602,O,89298.14,1992-08-20,3-MEDIUM
2656,526,F,32177.39,1996-03-22,5-LOW
2657,403,P,69032.39,1997-08-24,1-URGENT
2658,605,O,71993.33,1998-07-11,2-HIGH
2659,712,O,15765.52,1997-05-13,5-LOW
2660,665,O,73492.34,1998-04-28,3-MEDIUM
2661,435,O,12816.98,1994-09-23,3-MEDIUM
2662,965,P,36497.96,1993-11-06,1-URGENT
2663,893,P,64587.04,1996-08-11,4-NOT SPECIFIED
2664,385,F,48814.36,1994-08-04,5-LOW
2665,292,F,65979.47,1995-01-24,1-URGENT
2666,432,P,80149.05,1997-08-10,1-URGENT
2667,814,F,42079.72,1998-08-22,2-HIGH
2668,640,O,20363.87,1997-09-26,5-LOW
2669,392,O,15702.59,1998-05-28,4-NOT SPECIFIED
2670,470,O,38002.35,1995-11-18,3-MEDIUM
2671,700,P,31816.91,1997-06-21,4-NOT SPECIFIED
2672,992,F,71239.5,1996-02-07,5-LOW
2673,191,P,84761.88,1994-07-01,3-MEDIUM
2674,890,O,50857.27,1996-08-13,2-HIGH
2675,197,P,51063.42,1997-10-07,1-URGENT
2676,518,F,41991.31,1994-03-28,2-HIGH
2677,926,F,48825.72,1996-10-09,2-HIGH
2678,254,P,31844.79,1997-07-25,5-LOW
2679,570,F,54561.12,1993-07-07,1-URGENT
2680,774,O,1777.85,1994-03-17,4-NOT SPECIFIED
2681,268,O,7573.23,1997-03-08,1-URGENT
2682,835,O,56449.55,1994-02-01,2-HIGH
2683,852,O,50309.46,1997-07-19,3-MEDIUM
2684,301,O,9332.77,1996-04-05,3-MEDIUM
2685,333,P,83771.7,1994-05-15,2-HIGH
2686,509,O,55259.54,1995-01-21,3-MEDIUM
2687,262,P,83740.28,1993-01-21,4-NOT SPECIFIED
2688,707,P,94154.41,1997-05-04,5-LOW
2689,24,P,44248.78,1996-01-28,2-HIGH
2690,760,F,68855.33,1994-08-22,1-URGENT
2691,256,O,6913.25,1994-11-06,5-LOW
2692,245,P,50693.15,1992-03-17,3-MEDIUM
2693,949,F,94242.76,1994-08-20,4-NOT SPECIFIED
2694,444,F,99289.63,1996-09-04,5-LOW
2695,15,P,35259.63,1995-12-13,4-NOT SPECIFIED
2696,633,O,66072.36,1997-10-27,4-NOT SPECIFIED
2697,977,O,29136.25,1997-10-22,1-URGENT
2698,885,P,41941.58,1995-10-20,5-LOW
2699,10,F,30243.75,1992-03-25,5-LOW
2700,566,P,45709.29,1993-04-19,1-URGENT
2701,708,O,65409.0,1997-01-22,1-URGENT
2702,961,F,24714.71,1994-12-11,4-NOT SPECIFIED
2703,14,O,94148.43,1997-06-15,1-URGENT
2704,777,F,93277.48,1994-08-24,3-MEDIUM
2705,390,F,67261.31,1998-05-16,1-URGENT
2706,218,F,28914.58,1996-03-11,1-URGENT
2707,395,F,69680.23,1996-06-15,2-HIGH
2708,209,P,99636.65,1993-08-06,5-LOW
2709,728,F,37346.96,1992-06-14,2-HIGH
2710,977,F,56334.25,1992-10-12,4-NOT SPECIFIED
2711,319,O,61029.63,1998-04-17,4-NOT SPECIFIED
2712,391,O,77816.25,1994-09-10,5-LOW
2713,984,O,95589.62,1997-07-28,4-NOT SPECIFIED
2714,290,P,63493.52,1996-01-02,1-URGENT
2715,729,F,4888.57,1998-10-21,2-HIGH
2716,183,P,25193.53,1998-10-20,5-LOW
2717,935,O,3833.44,1995-11-14,4-NOT SPECIFIED
2718,507,F,32518.78,1994-05-26,1-URGENT
2719,869,O,85386.25,1992-12-17,1-URGENT
2720,812,O,38342.15,1993-09-15,2-HIGH
2721,90,O,38509.01,1995-01-09,4-NOT SPECIFIED
2722,938,F,46263.77,1995-05-08,3-MEDIUM
2723,468,P,90426.75,1995-09-03,3-MEDIUM
2724,496,P,22070.6,1995-07-09,3-MEDIUM
2725,112,F,57652.25,1994-03-06,1-URGENT
2726,840,O,12432.94,1997-12-26,3-MEDIUM
2727,754,P,9770.94,1992-08-04,5-LOW
2728,260,O,1258.35,1994-11-15,3-MEDIUM
2729,188,O,77397.07,1994-04-15,5-LOW
2730,691,O,27320.88,1998-07-03,2-HIGH
2731,914,F,25024.76,1995-05-01,3-MEDIUM
2732,419,O,60835.96,1995-06-14,4-NOT SPECIFIED
2733,762,P,4286.53,1994-07-12,4-NOT SPECIFIED
2734,276,P,40638.27,1995-02-03,4-NOT SPECIFIED
2735,357,P,39810.08,1992-03-26,4-NOT SPECIFIED
2736,940,F,37948.92,1995-10-01,3-MEDIUM
2737,287,O,91091.25,1997-08-02,3-MEDIUM
2738,447,F,72810.33,1995-09-22,1-URGENT
2739,592,P,16791.04,1995-08-02,1-URGENT
2740,631,P,65978.98,1998-09-19,3-MEDIUM
2741,571,F,31387.04,1993-08-01,3-MEDIUM
2742,682,P,3979.2,1998-03-27,4-NOT SPECIFIED
2743,911,P,73500.21,1996-02-21,2-HIGH
2744,18,O,34259.52,1995-02-28,3-MEDIUM
2745,415,O,72772.91,1992-08-12,2-HIGH
2746,782,F,89332.67,1994-09-05,5-LOW
2747,865,P,63243.55,1993-06-02,5-LOW
2748,108,F,60539.0,1997-11-27,2-HIGH
2749,356,P,65808.72,1996-03-11,3-MEDIUM
2750,370,O,31409.35,1998-01-09,4-NOT SPECIFIED
2751,366,O,13051.08,1994-10-22,4-NOT SPECIFIED
2752,667,F,35647.86,1998-08-15,2-HIGH
2753,910,F,78792.15,1992-04-12,3-MEDIUM
2754,73,O,86508.09,1995-08-07,5-LOW
2755,145,P,51390.54,1992-07-08,2-HIGH
2756,14,P,91511.75,1996-05-26,5-LOW
2757,869,F,67388.39,1994-01-05,2-HIGH
2758,89,F,50561.28,1992-02-18,5-LOW
2759,836,F,7501.4,1998-10-28,1-URGENT
2760,118,F,78852.62,1996-10-27,4-NOT SPECIFIED
2761,968,O,56541.44,1994-01-13,4-NOT SPECIFIED
2762,269,O,79814.9,1998-06-12,5-LOW
2763,821,P,44873.75,1995-11-13,4-NOT SPECIFIED
2764,111,O,15921.13,1995-02-28,5-LOW
2765,937,O,2702.95,1997-01-13,2-HIGH
2766,533,O,27144.06,1995-12-24,5-LOW
2767,352,F,69470.61,1995-06-13,2-HIGH
2768,701,O,76389.07,1998-01-12,1-URGENT
2769,620,F,73549.87,1998-02-12,1-URGENT
2770,324,P,60510.83,1997-11-24,5-LOW
2771,451,F,67126.63,1998-02-03,3-MEDIUM
2772,439,F,81461.88,1997-03-12,1-URGENT
2773,542,O,82695.79,1998-04-18,5-LOW
2774,482,F,81385.05,1993-01-05,5-LOW
2775,413,O,8226.24,1994-06-24,5-LOW
2776,943,F,94797.69,1994-06-05,1-URGENT
2777,163,P,2541.1,1996-07-06,2-HIGH
2778,540,O,48013.36,1992-11-27,1-URGENT
2779,74,O,81236.42,1996-06-07,5-LOW
2780,502,F,87901.4,1995-03-26,1-URGENT
2781,680,F,7457.51,1995-03-24,3-MEDIUM
2782,58,F,99910.44,1997-07-13,5-LOW
2783,91,O,43596.37,1994-06-07,4-NOT SPECIFIED
2784,298,O,38359.11,1994-10-01,3-MEDIUM
2785,284,F,95561.17,1992-06-12,5-LOW
2786,676,O,80994.98,1994-02-26,3-MEDIUM
2787,14,O,56721.45,1997-11-01,2-HIGH
2788,980,P,27414.63,1992-07-18,2-HIGH
2789,325,P,49014.83,1995-09-01,1-URGENT
2790,846,O,15899.95,1993-01-09,1-URGENT
2791,375,F,16952.83,1993-08-16,3-MEDIUM
2792,666,P,98094.81,1995-05-19,5-LOW
2793,736,O,55476.35,1993-09-08,4-NOT SPECIFIED
2794,124,F,15593.64,1997-02-12,4-NOT SPECIFIED
2795,5,P,68870.68,1992-08-23,1-URGENT
2796,281,O,16968.18,1997-05-05,4-NOT SPECIFIED
2797,348,F,8658.06,1993-10-19,3-MEDIUM
2798,157,P,98800.41,1998-02-19,5-LOW
2799,474,P,22639.09,1993-06-10,1-URGENT
2800,400,F,52818.65,1993-08-08,2-HIGH
2801,830,O,24597.75,1998-10-07,2-HIGH
2802,280,F,59422.3,1992-10-22,3-MEDIUM
2803,115,P,75030.45,1994-10-15,5-LOW
2804,552,P,33416.4,1992-10-04,3-MEDIUM
2805,616,P,40384.38,1993-05-14,2-HIGH
2806,615,O,84631.31,1993-08-03,2-HIGH
2807,293,P,75452.17,1992-12-16,1-URGENT
2808,208,F,21476.27,1992-01-25,4-NOT SPECIFIED
2809,323,P,65610.17,1997-12-05,4-NOT SPECIFIED
2810,250,P,47681.52,1997-11-06,3-MEDIUM
2811,651,P,66296.35,1997-01-20,1-URGENT
2812,180,P,52814.37,1993-08-04,2-HIGH
2813,82,P,50881.86,1992-07-24,3-MEDIUM
2814,19,F,30549.12,1996-12-22,3-MEDIUM
2815,28,O,51666.51,1996-03-22,1-URGENT
2816,534,O,4339.27,1996-05-06,4-NOT SPECIFIED
2817,170,F,38894.37,1992-03-18,1-URGENT
2818,854,F,59653.59,1992-10-10,4-NOT SPECIFIED
2819,403,F,57643.18,1995-01-16,1-URGENT
2820,513,F,78333.56,1994-03-17,3-MEDIUM
2821,626,F,48462.41,1992-08-13,2-HIGH
2822,876,P,14221.2,1998-12-27,1-URGENT
2823,941,P,32705.93,1992-12-27,4-NOT SPECIFIED
2824,36,P,40701.79,1996-09-14,4-NOT SPECIFIED
2825,296,F,63488.89,1995-10-07,3-MEDIUM
2826,341,O,73382.1,1994-12-13,5-LOW
2827,721,P,87215.55,1994-06-16,3-MEDIUM
2828,178,P,62817.39,1995-05-14,4-NOT SPECIFIED
2829,983,P,76115.2,1995-05-05,1-URGENT
2830,224,P,22740.43,1996-03-26,2-HIGH
2831,43,P,9651.16,1993-06-25,2-HIGH
2832,530,F,81285.22,1992-02-21,1-URGENT
2833,388,O,60948.23,1994-09-05,3-MEDIUM
2834,251,P,30821.98,1992-02-17,4-NOT SPECIFIED
2835,754,O,60218.49,1998-05-24,5-LOW
2836,338,F,47128.19,1994-03-03,1-URGENT
2837,575,P,78910.67,1994-08-28,5-LOW
2838,164,P,84805.84,1997-02-01,3-MEDIUM
2839,277,F,16062.13,1992-12-09,5-LOW
2840,920,P,59970.56,1997-05-22,3-MEDIUM
2841,584,P,39786.75,1996-04-28,4-NOT SPECIFIED
2842,54,F,43360.7,1994-11-25,4-NOT SPECIFIED
2843,473,F,22308.34,1997-08-03,5-LOW
2844,630,O,87890.65,1997-02-10,3-MEDIUM
2845,121,P,26113.9,1998-06-27,3-MEDIUM
2846,608,O,62014.31,1994-11-16,5-LOW
2847,532,F,56671.55,1993-05-01,3-MEDIUM
2848,550,F,87135.87,1992-08-21,4-NOT SPECIFIED
2849,658,P,51448.86,1998-08-25,3-MEDIUM
2850,815,P,69194.49,1993-11-04,3-MEDIUM
2851,612,F,86834.81,1992-07-22,3-MEDIUM
2852,202,O,52170.29,1992-01-03,4-NOT SPECIFIED
2853,838,P,60871.51,1994-02-13,2-HIGH
2854,142,P,69752.27,1998-06-24,4-NOT SPECIFIED
2855,104,P,10229.14,1998-03-24,3-MEDIUM
2856,405,P,16011.09,1998-06-17,4-NOT SPECIFIED
2857,234,O,20569.61,1995-06-03,5-LOW
2858,64,P,30038.16,1998-11-17,1-URGENT
2859,322,O,95360.2,1996-06-28,2-HIGH
2860,295,P,2130.94,1993-01-13,2-HIGH
2861,549,P,63532.52,1997-06-01,1-URGENT
2862,407,P,35436.94,1995-08-03,5-LOW
2863,662,O,5915.12,1996-02-24,5-LOW
2864,310,P,89477.79,1994-09-23,1-URGENT
2865,852,O,44704.84,1994-02-23,2-HIGH
2866,138,F,72104.51,1993-05-12,4-NOT SPECIFIED
2867,476,F,80510.12,1998-04-09,1-URGENT
2868,804,O,57551.29,1992-05-14,2-HIGH
2869,465,P,35248.57,1996-02-12,4-NOT SPECIFIED
2870,429,O,23325.25,1993-03-23,5-LOW
2871,524,O,55179.21,1998-12-04,2-HIGH
2872,237,F,90019.81,1997-08-10,3-MEDIUM
2873,2,F,79110.49,1992-12-12,4-NOT SPECIFIED
2874,483,O,44371.47,1992-01-19,3-MEDIUM
2875,833,O,19903.57,1993-05-25,2-HIGH
2876,765,F,86035.29,1997-12-23,3-MEDIUM
2877,638,O,54626.98,1995-12-24,4-NOT SPECIFIED
2878,26,F,86692.39,1993-02-21,4-NOT SPECIFIED
2879,676,O,89473.51,1996-01-23,2-HIGH
2880,133,F,69868.62,1993-11-14,4-NOT SPECIFIED
2881,661,P,72897.8,1996-02-07,5-LOW
2882,578,O,44561.37,1996-04-10,2-HIGH
2883,202,O,58525.64,1997-08-21,2-HIGH
2884,417,O,53477.66,1996-05-23,4-NOT SPECIFIED
2885,863,P,20841.62,1995-01-21,4-NOT SPECIFIED
2886,541,O,22213.43,1998-03-16,1-URGENT
2887,65,F,97633.18,1993-01-17,3-MEDIUM
2888,47,P,21583.57,1996-03-28,1-URGENT
2889,273,P,97848.05,1996-04-22,4-NOT SPECIFIED
2890,356,O,56461.24,1997-01-16,1-URGENT
2891,500,F,79844.25,1994-03-25,5-LOW
2892,896,O,30468.17,1997-11-13,1-URGENT
2893,192,P,49759.3,1996-11-26,2-HIGH
2894,218,F,76657.36,1994-01-19,1-URGENT
2895,455,P,2057.08,1998-11-17,5-LOW
2896,131,O,99403.22,1998-07-25,3-MEDIUM
2897,593,O,73946.79,1993-04-05,5-LOW
2898,871,O,25121.08,1996-08-07,1-URGENT
2899,70,O,94139.46,1997-03-07,1-URGENT
2900,833,P,44740.23,1993-08-19,3-MEDIUM
2901,160,P,52897.81,1997-02-14,1-URGENT
2902,192,P,47500.17,1992-02-02,1-URGENT
2903,857,P,87195.92,1995-06-13,4-NOT SPECIFIED
2904,516,P,89891.71,1995-05-14,2-HIGH
2905,309,O,73582.57,1994-10-25,1-URGENT
2906,883,F,50441.48,1994-06-17,1-URGENT
2907,466,O,56977.1,1992-07-07,4-NOT SPECIFIED
2908,156,F,84966.56,1994-06-15,1-URGENT
2909,978,O,92206.0,1997-11-15,3-MEDIUM
2910,836,P,46032.99,1993-05-27,1-URGENT
2911,134,F,69742.51,1992-03-06,5-LOW
2912,197,O,36545.62,1997-07-01,2-HIGH
2913,113,F,64290.93,1995-08-08,5-LOW
2914,947,P,30000.96,1993-05-28,2-HIGH
2915,895,O,83166.14,1996-05-07,3-MEDIUM
2916,63,P,24391.02,1994-06-14,1-URGENT
2917,57,O,74504.91,1993-02-03,1-URGENT
2918,494,O,81732.95,1995-08-23,2-HIGH
2919,457,O,7415.88,1995-06-15,3-MEDIUM
2920,344,P,42144.0,1997-11-24,1-URGENT
2921,578,P,16504.15,1996-03-17,4-NOT SPECIFIED
2922,334,P,74949.57,1993-06-04,4-NOT SPECIFIED
2923,250,P,73083.66,1995-04-24,4-NOT SPECIFIED
2924,342,O,84428.36,1998-04-22,5-LOW
2925,690,F,64938.38,1994-05-26,4-NOT SPECIFIED
2926,316,F,45838.66,1995-05-24,2-HIGH
2927,267,P,24614.04,1996-11-08,4-NOT SPECIFIED
2928,558,F,33940.26,1992-10-13,3-MEDIUM
2929,243,P,14376.98,1994-06-04,4-NOT SPECIFIED
2930,888,O,37692.92,1993-04-21,1-URGENT
2931,473,O,76909.82,1995-05-21,3-MEDIUM
2932,930,O,81494.83,1994-06-16,1-URGENT
2933,630,O,35741.53,1995-10-19,1-URGENT
2934,651,F,99264.79,1995-07-20,2-HIGH
2935,37,O,74088.99,1995-02-14,3-MEDIUM
2936,127,O,49052.66,1997-02-03,1-URGENT
2937,307,O,52955.81,1996-05-06,1-URGENT
2938,118,F,98568.47,1996-11-07,1-URGENT
2939,980,O,1953.25,1995-10-10,5-LOW
2940,184,F,6070.98,1993-08-15,2-HIGH
2941,367,O,81508.4,1992-09-24,3-MEDIUM
2942,463,F,60879.22,1998-09-08,5-LOW
2943,8,P,59144.67,1996-04-12,2-HIGH
2944,245,O,28009.1,1993-04-12,2-HIGH
2945,102,P,98645.85,1994-12-05,2-HIGH
2946,661,F,71703.84,1995-08-13,2-HIGH
2947,540,P,53072.61,1994-07-04,2-HIGH
2948,617,P,98837.48,1992-11-17,1-URGENT
2949,425,F,15923.23,1995-09-08,1-URGENT
2950,88,P,32570.12,1992-01-23,3-MEDIUM
2951,20,O,80773.11,1994-08-22,5-LOW
2952,611,F,94196.82,1998-03-14,4-NOT SPECIFIED
2953,742,O,1918.68,1996-04-09,4-NOT SPECIFIED
2954,979,O,35492.64,1992-10-20,5-LOW
2955,933,F,28057.08,1993-01-04,1-URGENT
2956,953,P,11874.65,1992-12-01,1-URGENT
2957,142,F,95144.92,1997-08-15,4-NOT SPECIFIED
2958,777,F,57077.36,1998-10-06,4-NOT SPECIFIED
2959,577,P,7028.02,1997-02-25,4-NOT SPECIFIED
2960,255,O,4465.3,1993-09-06,4-NOT SPECIFIED
2961,609,F,26019.72,1994-05-15,2-HIGH
2962,694,F,58967.74,1998-08-21,2-HIGH
2963,546,F,69571.39,1993-09-21,1-URGENT
2964,393,O,41593.53,1998-05-09,4-NOT SPECIFIED
2965,266,F,67291.59,1994-12-08,3-MEDIUM
2966,149,P,14348.26,1994-03-20,4-NOT SPECIFIED
2967,37,P,10195.21,1995-06-13,5-LOW
2968,175,F,15467.39,1997-04-11,2-HIGH
2969,949,O,11605.33,1993-12-23,1-URGENT
2970,369,O,59688.96,1995-06-24,1-URGENT
2971,430,P,51253.89,1992-05-06,1-URGENT
2972,770,F,75163.18,1998-03-02,2-HIGH
2973,657,O,74586.88,1997-02-15,5-LOW
2974,221,F,42914.77,1998-08-08,3-MEDIUM
2975,533,F,83251.93,1992-11-19,3-MEDIUM
2976,290,F,21582.06,1998-11-12,5-LOW
2977,771,P,16584.31,1997-07-17,1-URGENT
2978,79,O,58223.35,1992-07-05,4-NOT SPECIFIED
2979,899,F,8275.28,1997-04-18,2-HIGH
2980,709,F,27793.73,1995-11-05,5-LOW
2981,545,O,26411.6,1998-08-21,4-NOT SPECIFIED
2982,299,P,87548.61,1998-02-22,1-URGENT
2983,76,O,48361.3,1992-08-16,4-NOT SPECIFIED
2984,416,P,85316.73,1994-10-26,1-URGENT
2985,288,O,74771.81,1992-04-28,2-HIGH
2986,643,P,42957.93,1994-06-20,2-HIGH
2987,620,O,27403.21,1997-11-23,1-URGENT
2988,858,P,34173.31,1997-02-05,4-NOT SPECIFIED
2989,545,F,48517.24,1993-11-20,4-NOT SPECIFIED
2990,110,O,78514.61,1992-03-11,1-URGENT
2991,864,P,48436.69,1998-07-18,1-URGENT
2992,841,F,1818.17,1992-07-21,2-HIGH
2993,305,F,17408.04,1997-03-09,2-HIGH
2994,992,O,98176.83,1997-03-21,5-LOW
2995,282,F,39128.7,1995-11-07,1-URGENT
2996,28,O,51313.02,1994-03-17,5-LOW
2997,126,F,91308.22,1995-11-09,4-NOT SPECIFIED
2998,271,P,83867.17,1992-11-19,5-LOW
2999,651,P,35577.51,1994-06-10,4-NOT SPECIFIED
3000,338,P,25104.39,1996-10-14,5-LOW
3001,337,O,10005.62,1998-07-27,4-NOT SPECIFIED
3002,390,F,1527.53,1997-10-05,3-MEDIUM
3003,109,F,94818.87,1994-03-19,5-LOW
3004,828,F,51372.87,1998-11-05,2-HIGH
3005,33,O,14019.58,1998-03-02,1-URGENT
3006,658,F,82290.41,1993-05-25,1-URGENT
3007,447,P,24020.52,1996-04-20,4-NOT SPECIFIED
3008,635,P,69007.94,1997-04-03,5-LOW
3009,885,O,40583.21,1992-05-24,1-URGENT
3010,468,P,90484.62,1996-06-16,2-HIGH
3011,766,F,4441.63,1996-03-01,3-MEDIUM
3012,766,P,62192.31,1992-02-01,4-NOT SPECIFIED
3013,12,O,20120.53,1993-11-23,1-URGENT
3014,176,O,30430.57,1997-02-22,5-LOW
3015,44,P,42491.0,1993-10-26,5-LOW
3016,289,O,24018.88,1993-08-19,2-HIGH
3017,466,O,22012.08,1995-10-21,2-HIGH
3018,282,P,31579.66,1992-10-13,1-URGENT
3019,593,O,67662.21,1996-10-07,2-HIGH
3020,172,O,84978.9,1993-11-28,4-NOT SPECIFIED
3021,599,P,69931.79,1993-05-04,2-HIGH
3022,202,F,90217.51,1992-12-14,4-NOT SPECIFIED
3023,140,P,6457.96,1997-08-28,4-NOT SPECIFIED
3024,892,F,37197.91,1997-02-06,5-LOW
3025,541,F,10278.92,1993-06-28,2-HIGH
3026,446,F,41315.36,1998-10-21,3-MEDIUM
3027,37,O,32630.05,1997-03-11,3-MEDIUM
3028,29,F,62634.95,1993-11-26,3-MEDIUM
3029,670,F,65868.61,1996-09-14,2-HIGH
3030,39,P,68279.79,1993-03-28,3-MEDIUM
3031,882,O,67642.4,1993-03-08,2-HIGH
3032,285,F,59336.66,1994-04-19,3-MEDIUM
3033,630,F,19459.96,1993-10-27,5-LOW
3034,658,F,3004.71,1993-10-10,2-HIGH
3035,380,P,75051.94,1995-07-25,3-MEDIUM
3036,200,F,48631.1,1997-04-05,4-NOT SPECIFIED
3037,458,F,95176.82,1994-09-25,3-MEDIUM
3038,594,P,49426.29,1997-10-25,5-LOW
3039,679,P,70543.65,1996-10-10,4-NOT SPECIFIED
3040,139,O,29699.65,1992-11-14,4-NOT SPECIFIED
3041,904,F,20452.56,1995-06-14,3-MEDIUM
3042,648,O,28202.32,1996-01-01,3-MEDIUM
3043,659,F,45584.82,1992-01-04,5-LOW
3044,467,O,52179.68,1997-03-12,1-URGENT
3045,727,P,22712.18,1997-03-27,3-MEDIUM
3046,866,P,55183.79,1994-01-22,4-NOT SPECIFIED
3047,356,F,32977.08,1992-02-05,4-NOT SPECIFIED
3048,397,F,24014.62,1992-08-05,4-NOT SPECIFIED
3049,152,P,34786.63,1996-11-11,4-NOT SPECIFIED
3050,195,F,45813.92,1994-12-04,1-URGENT
3051,858,F,27649.2,1996-11-08,3-MEDIUM
3052,158,F,47287.76,1998-02-10,2-HIGH
3053,399,O,57687.9,1993-03-01,3-MEDIUM
3054,542,O,36248.45,1993-12-27,1-URGENT
3055,484,P,92559.25,1993-06-03,4-NOT SPECIFIED
3056,249,P,27732.61,1996-09-06,5-LOW
3057,832,F,93685.99,1993-12-19,3-MEDIUM
3058,50,P,90184.59,1993-11-07,1-URGENT
3059,198,O,29325.85,1996-07-14,3-MEDIUM
3060,635,F,1241.94,1992-05-01,2-HIGH
3061,467,P,78368.56,1992-05-09,1-URGENT
3062,402,F,66688.9,1992-06-20,2-HIGH
3063,982,F,10977.06,1998-10-01,3-MEDIUM
3064,268,O,68299.76,1996-11-12,5-LOW
3065,748,O,17558.3,1995-11-21,4-NOT SPECIFIED
3066,850,P,36402.11,1992-10-20,4-NOT SPECIFIED
3067,431,P,45105.42,1995-07-06,4-NOT SPECIFIED
3068,556,P,57698.47,1995-06-15,2-HIGH
3069,589,P,93893.59,1996-10-08,1-URGENT
3070,102,O,68427.13,1996-06-16,3-MEDIUM
3071,631,P,50419.07,1996-08-25,3-MEDIUM
3072,551,F,45204.84,1993-03-26,4-NOT SPECIFIED
3073,22,F,75988.17,1992-04-08,4-NOT SPECIFIED
3074,339,P,79299.93,1993-09-18,1-URGENT
3075,830,F,57930.31,1997-10-06,3-MEDIUM
3076,615,P,51730.76,1998-11-16,4-NOT SPECIFIED
3077,891,O,44632.59,1996-12-09,2-HIGH
3078,609,P,19246.02,1995-09-28,2-HIGH
3079,925,P,69443.48,1995-04-10,2-HIGH
3080,275,F,18229.31,1998-03-19,2-HIGH
3081,321,P,27166.92,1992-02-23,3-MEDIUM
3082,150,F,81451.85,1996-08-16,2-HIGH
3083,114,P,3996.52,1996-09-23,4-NOT SPECIFIED
3084,580,F,20546.39,1994-04-12,5-LOW
3085,374,P,73688.38,1995-02-24,2-HIGH
3086,330,F,14685.26,1994-09-12,4-NOT SPECIFIED
3087,704,O,79424.46,1992-12-12,4-NOT SPECIFIED
3088,164,O,88849.31,1992-07-17,5-LOW
3089,377,P,20599.4,1992-01-12,1-URGENT
3090,245,P,57982.4,1996-06-10,1-URGENT
3091,905,F,17057.29,1996-05-15,1-URGENT
3092,741,F,14209.53,1997-07-16,4-NOT SPECIFIED
3093,528,F,28152.09,1994-03-26,2-HIGH
3094,326,P,76348.83,1993-03-24,1-URGENT
3095,525,P,79921.73,1994-01-11,1-URGENT
3096,274,P,85842.72,1994-09-28,2-HIGH
3097,246,P,19156.96,1992-05-20,3-MEDIUM
3098,241,F,72451.86,1998-10-20,2-HIGH
3099,461,P,18596.39,1996-09-19,4-NOT SPECIFIED
3100,911,O,36519.74,1995-09-28,5-LOW
3101,513,O,74040.63,1998-08-12,4-NOT SPECIFIED
3102,320,P,23939.12,1997-06-04,4-NOT SPECIFIED
3103,357,O,67397.41,1992-05-06,2-HIGH
3104,400,O,86659.32,1995-11-28,1-URGENT
3105,137,F,64993.14,1998-12-19,3-MEDIUM
3106,75,F,36708.26,1996-06-16,3-MEDIUM
3107,929,F,53651.1,1998-02-06,5-LOW
3108,801,O,19707.97,1996-11-27,3-MEDIUM
3109,589,P,80578.24,1995-08-25,4-NOT SPECIFIED
3110,393,P,52650.43,1995-10-18,1-URGENT
3111,381,P,91925.99,1995-01-01,5-LOW
3112,521,P,7057.44,1993-05-26,3-MEDIUM
3113,518,O,91012.84,1995-11-13,2-HIGH
3114,227,F,96341.96,1993-03-10,4-NOT SPECIFIED
3115,374,F,71286.36,1996-08-10,3-MEDIUM
3116,677,O,66843.93,1993-11-10,3-MEDIUM
3117,294,O,47391.24,1996-11-19,5-LOW
3118,59,O,30365.6,1994-06-24,5-LOW
3119,758,P,81827.49,1993-11-02,3-MEDIUM
3120,516,P,51264.52,1996-01-18,5-LOW
3121,48,F,40671.1,1992-11-10,3-MEDIUM
3122,583,F,67990.59,1994-04-27,4-NOT SPECIFIED
3123,799,O,99087.82,1998-03-07,2-HIGH
3124,517,F,36808.7,1995-03-10,4-NOT SPECIFIED
3125,622,F,99638.16,1994-10-05,1-URGENT
3126,278,O,45922.09,1997-10-14,2-HIGH
3127,713,F,26680.6,1998-01-14,1-URGENT
3128,750,F,77706.6,1995-04-09,2-HIGH
3129,460,P,33053.03,1998-07-19,5-LOW
3130,261,F,24101.42,1994-06-11,2-HIGH
3131,114,P,55135.47,1998-11-25,3-MEDIUM
3132,769,F,61048.82,1998-06-28,5-LOW
3133,86,F,28007.17,1998-09-09,2-HIGH
3134,873,P,64552.59,1993-05-06,3-MEDIUM
3135,406,O,19621.36,1996-05-12,4-NOT SPECIFIED
3136,501,O,54639.97,1992-11-08,2-HIGH
3137,767,O,93615.59,1998-12-23,2-HIGH
3138,715,P,71272.53,1993-04-07,4-NOT SPECIFIED
3139,830,F,22231.46,1992-08-23,5-LOW
3140,888,F,71799.97,1996-01-28,1-URGENT
3141,430,F,33696.7,1992-07-10,1-URGENT
3142,709,F,35106.86,1994-02-16,5-LOW
3143,864,F,4128.04,1992-07-25,5-LOW
3144,781,O,80932.15,1996-04-19,3-MEDIUM
3145,761,P,49635.33,1996-06-18,2-HIGH
3146,308,O,47637.23,1997-04-19,3-MEDIUM
3147,513,O,89207.09,1996-02-14,5-LOW
3148,718,O,74450.02,1993-08-24,4-NOT SPECIFIED
3149,286,F,52439.56,1992-10-06,5-LOW
3150,662,O,53238.55,1992-05-26,2-HIGH
3151,896,F,44523.7,1992-04-06,1-URGENT
3152,35,O,75515.8,1996-03-12,4-NOT SPECIFIED
3153,457,F,6713.42,1992-03-06,5-LOW
3154,53,O,82873.03,1997-05-16,1-URGENT
3155,664,O,23206.66,1997-10-18,4-NOT SPECIFIED
3156,950,F,21157.35,1993-10-19,1-URGENT
3157,360,F,71495.89,1998-07-24,4-NOT SPECIFIED
3158,212,O,71381.77,1998-08-21,4-NOT SPECIFIED
3159,752,P,43960.56,1995-10-28,3-MEDIUM
3160,419,O,24802.61,1998-03-03,2-HIGH
3161,188,F,23666.46,1998-01-16,1-URGENT
3162,346,O,76582.31,1998-12-23,4-NOT SPECIFIED
3163,615,P,68072.79,1994-06-19,5-LOW
3164,942,F,3531.38,1993-02-11,1-URGENT
3165,65,O,93425.75,1992-08-13,3-MEDIUM
3166,775,P,45991.06,1997-03-10,4-NOT SPECIFIED
3167,580,P,74115.82,1992-11-12,2-HIGH
3168,766,P,4291.83,1992-12-20,4-NOT SPECIFIED
3169,860,O,72406.86,1995-12-03,4-NOT SPECIFIED
3170,310,P,76184.48,1997-12-20,4-NOT SPECIFIED
3171,476,P,8531.06,1997-07-19,3-MEDIUM
3172,236,O,97036.21,1992-03-22,5-LOW
3173,172,O,71793.32,1992-06-08,4-NOT SPECIFIED
3174,339,O,66780.76,1993-08-09,4-NOT SPECIFIED
3175,271,F,43932.55,1998-12-14,1-URGENT
3176,407,O,58624.23,1993-07-09,2-HIGH
3177,654,P,26045.63,1996-08-21,1-URGENT
3178,136,O,80572.74,1997-07-11,5-LOW
3179,754,P,11471.38,1994-06-26,2-HIGH
3180,810,F,31329.8,1992-08-16,5-LOW
3181,695,F,81930.19,1992-10-27,3-MEDIUM
3182,342,O,84160.88,1993-07-10,3-MEDIUM
3183,85,P,46422.78,1997-10-14,3-MEDIUM
3184,804,F,61765.75,1995-07-24,4-NOT SPECIFIED
3185,923,P,98329.26,1996-07-23,5-LOW
3186,257,P,65100.58,1996-04-13,4-NOT SPECIFIED
3187,499,O,76219.76,1993-10-07,1-URGENT
3188,781,P,16498.64,1993-09-12,1-URGENT
3189,899,F,97851.25,1992-10-08,4-NOT SPECIFIED
3190,381,P,9564.07,1994-10-06,3-MEDIUM
3191,58,F,67034.56,1998-07-08,4-NOT SPECIFIED
3192,304,F,48384.08,1998-06-18,5-LOW
3193,825,O,72286.8,1998-06-17,3-MEDIUM
3194,40,O,78289.05,1996-07-23,1-URGENT
3195,8,F,66038.09,1993-06-05,3-MEDIUM
3196,863,P,39914.55,1994-03-16,2-HIGH
3197,368,P,23400.53,1994-02-11,5-LOW
3198,686,F,95637.52,1992-03-19,2-HIGH
3199,130,O,47955.41,1994-08-21,1-URGENT
3200,866,O,54301.29,1994-12-27,4-NOT SPECIFIED
3201,53,O,85626.77,1998-09-10,3-MEDIUM
3202,765,P,19261.96,1994-06-11,5-LOW
3203,667,O,34324.04,1992-03-21,4-NOT SPECIFIED
3204,327,P,80617.79,1998-09-26,2-HIGH
3205,99,P,64472.16,1995-10-13,2-HIGH
3206,662,P,42977.05,1993-03-25,4-NOT SPECIFIED
3207,212,O,47526.64,1996-09-15,2-HIGH
3208,395,P,44119.44,1996-04-03,5-LOW
3209,265,F,68872.15,1995-01-19,5-LOW
3210,767,F,11071.3,1996-01-16,5-LOW
3211,167,P,26222.27,1994-12-11,4-NOT SPECIFIED
3212,737,O,69551.94,1994-05-28,2-HIGH
3213,445,O,85053.65,1992-11-14,3-MEDIUM
3214,9,P,59676.56,1997-11-25,1-URGENT
3215,564,O,53822.41,1997-08-11,1-URGENT
3216,4,O,85147.01,1997-11-05,4-NOT SPECIFIED
3217,415,O,99640.87,1995-10-27,1-URGENT
3218,133,F,92967.36,1995-09-16,4-NOT SPECIFIED
3219,186,P,13474.14,1996-06-04,3-MEDIUM
3220,363,O,10501.11,1995-12-13,5-LOW
3221,621,O,78184.95,1996-07-14,3-MEDIUM
3222,538,O,44500.61,1996-12-28,3-MEDIUM
3223,737,P,55880.19,1994-05-14,2-HIGH
3224,752,O,68892.8,1995-07-23,3-MEDIUM
3225,478,O,43499.42,1993-09-19,4-NOT SPECIFIED
3226,639,P,18205.87,1995-11-28,5-LOW
3227,740,F,59940.5,1998-05-17,5-LOW
3228,72,O,27367.03,1996-12-04,2-HIGH
3229,68,O,84020.44,1996-02-14,2-HIGH
3230,204,F,89809.31,1995-02-02,2-HIGH
3231,827,O,34078.82,1992-09-12,1-URGENT
3232,541,P,99287.42,1993-04-01,1-URGENT
3233,504,O,29307.02,1997-06-21,4-NOT SPECIFIED
3234,99,P,54565.83,1995-09-12,2-HIGH
3235,54,O,37018.03,1994-06-19,4-NOT SPECIFIED
3236,804,O,42525.97,1998-03-09,3-MEDIUM
3237,63,O,87864.28,1993-10-15,1-URGENT
3238,846,P,58492.84,1998-01-02,1-URGENT
3239,164,P,79034.28,1995-04-11,2-HIGH
3240,880,O,85224.72,1997-11-06,1-URGENT
3241,366,F,8190.3,1993-12-25,3-MEDIUM
3242,544,O,67909.58,1996-03-03,3-MEDIUM
3243,890,P,34170.64,1998-02-25,3-MEDIUM
3244,843,O,83618.3,1993-12-03,5-LOW
3245,316,O,46091.73,1997-12-03,1-URGENT
3246,991,O,61765.77,1995-12-03,2-HIGH
3247,957,O,33868.57,1995-05-06,5-LOW
3248,689,F,24287.39,1993-11-13,5-LOW
3249,647,O,69844.01,1992-10-07,3-MEDIUM
3250,404,F,34041.27,1994-03-05,2-HIGH
3251,948,F,30887.09,1995-02-15,5-LOW
3252,933,F,64062.05,1997-05-02,3-MEDIUM
3253,992,F,84702.49,1992-12-07,3-MEDIUM
3254,546,P,66200.74,1993-10-25,3-MEDIUM
3255,728,P,70257.58,1997-11-10,3-MEDIUM
3256,439,F,12761.51,1997-07-27,4-NOT SPECIFIED
3257,799,O,28224.55,1993-10-13,3-MEDIUM
3258,746,F,33151.36,1995-09-16,5-LOW
3259,52,O,60573.79,1995-02-18,4-NOT SPECIFIED
3260,467,F,49499.1,1994-08-20,5-LOW
3261,2,P,22377.03,1992-08-23,1-URGENT
3262,368,O,65498.59,1993-03-26,3-MEDIUM
3263,322,P,9550.45,1997-06-16,2-HIGH
3264,577,O,30323.02,1997-05-03,3-MEDIUM
3265,818,O,6148.91,1998-01-04,5-LOW
3266,827,F,43073.07,1992-08-24,4-NOT SPECIFIED
3267,446,P,88409.77,1997-10-19,3-MEDIUM
3268,523,F,32984.3,1992-06-15,1-URGENT
3269,103,P,64732.0,1996-02-11,5-LOW
3270,365,F,9910.18,1993-04-07,1-URGENT
3271,359,P,7475.22,1996-08-01,2-HIGH
3272,349,O,49758.47,1996-06-27,5-LOW
3273,935,P,21865.41,1994-09-14,3-MEDIUM
3274,611,P,59403.95,1994-11-02,1-URGENT
3275,167,O,39141.96,1992-02-18,5-LOW
3276,485,O,28282.72,1998-07-21,3-MEDIUM
3277,91,O,95341.58,1993-08-03,2-HIGH
3278,987,F,5113.62,1997-10-23,2-HIGH
3279,651,P,1468.45,1994-03-20,5-LOW
3280,917,O,10418.92,1993-11-09,4-NOT SPECIFIED
3281,561,P,47373.43,1995-08-07,5-LOW
3282,448,O,22269.44,1994-02-02,4-NOT SPECIFIED
3283,227,O,19019.35,1997-02-14,4-NOT SPECIFIED
3284,990,F,66076.18,1998-07-21,2-HIGH
3285,900,P,58691.3,1996-12-11,2-HIGH
3286,239,P,99317.1,1994-09-17,1-URGENT
3287,12,F,7836.82,1992-06-27,5-LOW
3288,45,F,67870.76,1996-03-06,4-NOT SPECIFIED
3289,567,O,25154.68,1995-02-13,1-URGENT
3290,268,P,37418.08,1995-01-14,4-NOT SPECIFIED
3291,818,O,57230.16,1992-02-24,2-HIGH
3292,640,F,50299.24,1992-10-18,2-HIGH
3293,369,P,20659.55,1994-03-01,4-NOT SPECIFIED
3294,310,F,76140.77,1996-06-23,1-URGENT
3295,329,O,82136.62,1998-07-01,2-HIGH
3296,579,P,53651.86,1997-02-18,4-NOT SPECIFIED
3297,696,P,6245.13,1996-10-01,4-NOT SPECIFIED
3298,17,P,94697.2,1995-04-13,1-URGENT
3299,452,O,95490.03,1994-12-15,2-HIGH
3300,108,F,87631.15,1992-05-25,3-MEDIUM
3301,140,F,34118.23,1998-04-28,3-MEDIUM
3302,976,P,48481.26,1993-02-20,4-NOT SPECIFIED
3303,967,O,29165.61,1994-09-25,1-URGENT
3304,199,F,1266.71,1995-08-12,5-LOW
3305,710,F,47073.87,1994-06-27,4-NOT SPECIFIED
3306,636,O,94257.87,1993-08-10,5-LOW
3307,423,P,7773.42,1992-08-22,3-MEDIUM
3308,506,O,8070.09,1997-10-20,1-URGENT
3309,63,F,53531.22,1993-07-26,5-LOW
3310,217,P,3538.53,1996-01-17,4-NOT SPECIFIED
3311,489,F,96099.34,1997-06-07,1-URGENT
3312,83,O,31741.67,1995-07-11,4-NOT SPECIFIED
3313,843,P,66159.38,1997-03-06,1-URGENT
3314,343,O,82224.81,1992-05-28,4-NOT SPECIFIED
3315,303,P,88295.3,1993-06-09,2-HIGH
3316,32,P,36140.25,1992-01-28,4-NOT SPECIFIED
3317,825,P,9647.06,1993-05-09,4-NOT SPECIFIED
3318,640,O,34215.92,1992-12-17,3-MEDIUM
3319,151,F,94561.36,1993-02-19,1-URGENT
3320,96,P,93828.8,1996-04-20,5-LOW
3321,394,F,17445.39,1992-06-02,3-MEDIUM
3322,216,F,8656.79,1992-06-26,1-URGENT
3323,389,O,97799.82,1995-01-17,3-MEDIUM
3324,638,O,7151.35,1996-01-27,5-LOW
3325,548,O,80955.82,1996-01-11,5-LOW
3326,322,F,74458.71,1994-12-04,4-NOT SPECIFIED
3327,208,F,76009.79,1996-02-25,2-HIGH
3328,400,F,54772.1,1992-07-13,4-NOT SPECIFIED
3329,788,F,87029.73,1996-09-19,3-MEDIUM
3330,814,P,95991.91,1992-11-10,3-MEDIUM
3331,747,O,59979.58,1997-11-10,3-MEDIUM
3332,432,F,89715.69,1994-10-26,4-NOT SPECIFIED
3333,403,F,89033.89,1998-03-11,4-NOT SPECIFIED
3334,273,P,62579.46,1994-05-20,3-MEDIUM
3335,185,P,69158.63,1993-05-23,5-LOW
3336,692,O,78259.95,1996-01-02,5-LOW
3337,609,F,12305.32,1996-08-21,4-NOT SPECIFIED
3338,744,F,5642.68,1998-12-01,4-NOT SPECIFIED
3339,764,P,59510.26,1993-01-17,5-LOW
3340,939,P,22176.72,1994-04-14,3-MEDIUM
3341,310,F,8134.13,1995-03-13,4-NOT SPECIFIED
3342,912,F,30882.78,1996-12-17,3-MEDIUM
3343,354,P,28003.43,1992-05-27,1-URGENT
3344,392,F,33870.24,1994-09-08,3-MEDIUM
3345,506,P,25825.97,1995-02-09,3-MEDIUM
3346,535,F,6853.08,1997-12-08,1-URGENT
3347,701,O,18702.98,1996-11-18,4-NOT SPECIFIED
3348,75,P,62934.48,1997-03-06,5-LOW
3349,867,P,57922.85,1997-05-22,4-NOT SPECIFIED
3350,227,P,80186.53,1995-07-19,5-LOW
3351,74,P,50074.24,1992-02-28,3-MEDIUM
3352,769,F,48105.14,1993-04-25,5-LOW
3353,606,F,13197.09,1995-11-13,4-NOT SPECIFIED
3354,888,P,60285.18,1996-01-12,1-URGENT
3355,734,O,29447.49,1998-03-24,4-NOT SPECIFIED
3356,459,F,32383.54,1993-01-11,3-MEDIUM
3357,121,F,35209.89,1998-06-17,3-MEDIUM
3358,289,F,79705.11,1994-09-01,1-URGENT
3359,620,P,27274.4,1997-09-10,4-NOT SPECIFIED
3360,248,F,53717.3,1993-02-12,5-LOW
3361,410,F,91503.83,1992-12-07,3-MEDIUM
3362,966,P,57338.03,1997-11-13,1-URGENT
3363,273,F,14055.15,1997-05-26,2-HIGH
3364,865,O,77135.43,1993-05-17,5-LOW
3365,704,F,26861.73,1997-08-15,4-NOT SPECIFIED
3366,365,P,1984.79,1998-10-09,5-LOW
3367,655,P,48994.98,1992-10-15,2-HIGH
3368,873,P,37390.06,1992-08-09,4-NOT SPECIFIED
3369,257,F,40685.55,1994-07-05,4-NOT SPECIFIED
3370,301,O,80337.67,1994-06-10,2-HIGH
3371,226,P,24217.66,1994-12-13,1-URGENT
3372,172,O,1257.09,1997-11-15,3-MEDIUM
3373,337,O,50790.2,1995-09-28,3-MEDIUM
3374,463,P,46661.57,1996-07-01,2-HIGH
3375,529,P,23547.55,1997-11-21,3-MEDIUM
3376,625,O,78844.31,1994-10-13,4-NOT SPECIFIED
3377,903,F,7146.11,1998-10-13,3-MEDIUM
3378,76,P,92550.99,1997-11-12,2-HIGH
3379,774,O,67392.5,1997-04-08,2-HIGH
3380,656,O,94886.09,1997-07-28,2-HIGH
3381,600,P,52636.05,1995-11-26,4-NOT SPECIFIED
3382,58,P,85442.44,1994-01-24,2-HIGH
3383,318,F,95757.75,1996-12-20,1-URGENT
3384,361,F,57818.84,1996-02-07,2-HIGH
3385,794,O,28555.96,1995-05-02,2-HIGH
3386,301,O,56655.73,1996-12-24,4-NOT SPECIFIED
3387,159,P,98527.0,1996-10-27,2-HIGH
3388,464,F,11447.38,1996-05-23,4-NOT SPECIFIED
3389,715,F,31935.55,1996-09-01,3-MEDIUM
3390,174,F,92281.71,1995-04-10,5-LOW
3391,830,F,58889.42,1995-07-07,3-MEDIUM
3392,925,F,14025.21,1995-12-18,5-LOW
3393,104,P,37035.4,1995-12-04,2-HIGH
3394,263,F,46709.7,1996-08-25,1-URGENT
3395,899,F,23560.57,1994-03-07,1-URGENT
3396,381,O,54651.78,1995-11-26,4-NOT SPECIFIED
3397,923,F,11690.05,1996-07-14,3-MEDIUM
3398,460,O,59967.75,1994-08-19,5-LOW
3399,3,P,32324.41,1995-01-14,1-URGENT
3400,935,P,25922.69,1997-02-09,3-MEDIUM
3401,827,O,35890.8,1992-05-13,2-HIGH
3402,868,F,64620.05,1998-11-05,3-MEDIUM
3403,973,O,18349.03,1994-12-21,4-NOT SPECIFIED
3404,979,F,76166.04,1995-09-17,5-LOW
3405,621,P,52234.71,1995-03-11,1-URGENT
3406,65,O,55252.55,1992-07-25,4-NOT SPECIFIED
3407,573,F,39513.54,1994-10-02,2-HIGH
3408,227,F,93799.92,1995-03-13,4-NOT SPECIFIED
3409,606,P,7224.68,1992-01-20,2-HIGH
3410,579,P,52500.57,1995-03-01,2-HIGH
3411,880,O,78592.69,1994-07-10,1-URGENT
3412,459,F,97140.66,1996-02-13,3-MEDIUM
3413,952,O,27547.01,1997-08-07,4-NOT SPECIFIED
3414,762,O,5144.08,1993-09-24,4-NOT SPECIFIED
3415,445,F,20186.77,1992-11-25,1-URGENT
3416,743,F,98700.12,1993-03-27,4-NOT SPECIFIED
3417,300,O,50951.0,1994-03-19,5-LOW
3418,553,P,40539.25,1993-12-14,2-HIGH
3419,728,F,53975.34,1998-01-07,4-NOT SPECIFIED
3420,49,P,68192.82,1997-05-15,1-URGENT
3421,505,P,73983.53,1998-05-17,5-LOW
3422,843,F,67762.17,1993-03-23,4-NOT SPECIFIED
3423,24,O,24196.09,1994-03-10,2-HIGH
3424,462,O,68644.37,1995-07-05,3-MEDIUM
3425,33,O,8547.34,1997-11-13,4-NOT SPECIFIED
3426,931,F,39687.78,1997-07-28,3-MEDIUM
3427,248,O,15792.28,1992-07-01,5-LOW
3428,70,O,74772.52,1994-07-05,3-MEDIUM
3429,746,P,37640.66,1994-05-23,2-HIGH
3430,828,F,3629.35,1998-10-27,3-MEDIUM
3431,13,O,35475.74,1998-06-21,5-LOW
3432,164,O,52016.93,1994-10-09,5-LOW
3433,90,F,17542.37,1996-04-03,5-LOW
3434,674,F,95101.66,1997-05-25,5-LOW
3435,183,P,26719.23,1996-06-17,5-LOW
3436,818,F,97661.27,1996-12-16,1-URGENT
3437,227,F,98435.18,1993-12-02,4-NOT SPECIFIED
3438,373,F,81484.16,1996-10-20,1-URGENT
3439,184,O,14134.68,1998-03-16,1-URGENT
3440,51,O,58266.52,1998-08-14,3-MEDIUM
3441,586,F,66429.17,1992-05-07,2-HIGH
3442,193,O,64516.49,1996-11-22,3-MEDIUM
3443,265,O,23189.86,1993-04-05,5-LOW
3444,124,O,96950.74,1997-11-09,3-MEDIUM
3445,43,P,3386.49,1994-08-02,1-URGENT
3446,203,F,41293.49,1992-08-16,5-LOW
3447,917,F,55432.4,1995-10-23,5-LOW
3448,806,F,60665.46,1994-02-05,5-LOW
3449,675,F,3894.49,1997-03-21,5-LOW
3450,123,P,44578.22,1995-01-22,2-HIGH
3451,131,F,46117.01,1994-08-09,4-NOT SPECIFIED
3452,565,F,86269.41,1997-03-06,1-URGENT
3453,73,O,79772.75,1993-05-09,1-URGENT
3454,948,O,32421.03,1992-09-19,3-MEDIUM
3455,962,P,65278.77,1993-10-27,1-URGENT
3456,968,O,36503.13,1992-05-20,1-URGENT
3457,183,O,42867.42,1998-05-24,5-LOW
3458,547,F,26376.44,1992-10-14,1-URGENT
3459,776,P,43876.09,1994-04-26,1-URGENT
3460,197,F,61068.24,1992-05-10,3-MEDIUM
3461,697,O,47623.64,1994-04-18,3-MEDIUM
3462,53,F,29717.06,1998-09-27,1-URGENT
3463,267,P,42300.34,1994-03-24,1-URGENT
3464,243,P,78718.76,1998-03-14,5-LOW
3465,841,P,2018.5,1998-06-20,5-LOW
3466,278,P,89832.81,1995-09-01,3-MEDIUM
3467,84,O,32214.54,1995-12-13,5-LOW
3468,333,F,32333.62,1993-12-09,3-MEDIUM
3469,116,P,35263.37,1992-01-13,2-HIGH
3470,582,F,79446.12,1995-11-13,2-HIGH
3471,31,F,3203.42,1994-01-10,5-LOW
3472,439,P,95546.22,1998-03-27,1-URGENT
3473,455,O,23762.8,1995-06-13,5-LOW
3474,289,O,61420.59,1996-09-26,4-NOT SPECIFIED
3475,716,F,27948.13,1998-04-27,3-MEDIUM
3476,343,O,43295.85,1995-09-15,4-NOT SPECIFIED
3477,518,P,5236.4,1995-06-28,1-URGENT
3478,449,F,89899.66,1996-04-10,1-URGENT
3479,730,F,9647.19,1998-09-09,3-MEDIUM
3480,817,P,54164.83,1996-07-08,3-MEDIUM
3481,23,P,17925.0,1994-11-08,4-NOT SPECIFIED
3482,399,F,96671.76,1995-03-15,4-NOT SPECIFIED
3483,303,P,94830.6,1996-06-25,5-LOW
3484,778,F,73309.41,1992-07-23,1-URGENT
3485,267,O,47848.35,1996-11-26,4-NOT SPECIFIED
3486,125,P,57151.36,1995-11-13,4-NOT SPECIFIED
3487,897,P,72403.71,1994-01-17,4-NOT SPECIFIED
3488,617,F,45629.89,1998-01-27,1-URGENT
3489,730,F,93450.41,1995-04-11,5-LOW
3490,970,O,53505.8,1998-04-08,5-LOW
3491,741,O,23954.28,1993-09-15,4-NOT SPECIFIED
3492,403,P,45075.78,1993-07-17,4-NOT SPECIFIED
3493,372,F,59208.87,1996-04-01,3-MEDIUM
3494,301,P,71572.89,1993-02-12,4-NOT SPECIFIED
3495,182,P,87215.61,1995-04-10,5-LOW
3496,989,F,96228.23,1992-06-18,4-NOT SPECIFIED
3497,33,P,6510.64,1992-09-28,2-HIGH
3498,746,P,35739.79,1995-01-15,1-URGENT
3499,807,O,57737.82,1997-02-03,2-HIGH
3500,396,F,73452.3,1994-04-27,1-URGENT
3501,854,F,86726.88,1995-05-10,2-HIGH
3502,804,P,65273.8,1993-06-13,3-MEDIUM
3503,288,P,72004.65,1993-10-04,3-MEDIUM
3504,53,F,86344.7,1993-12-18,5-LOW
3505,716,O,55864.49,1992-09-26,5-LOW
3506,671,P,41818.47,1997-02-16,5-LOW
3507,203,P,30284.98,1994-06-15,3-MEDIUM
3508,372,F,64471.28,1998-01-10,4-NOT SPECIFIED
3509,855,O,47448.52,1997-07-13,2-HIGH
3510,545,O,6789.44,1993-08-06,2-HIGH
3511,931,P,42860.3,1996-07-22,2-HIGH
3512,634,F,72810.43,1992-12-14,5-LOW
3513,870,P,91158.11,1993-05-27,3-MEDIUM
3514,703,F,67638.77,1997-01-09,3-MEDIUM
3515,224,F,17154.98,1994-05-19,5-LOW
3516,232,O,29775.78,1994-02-01,1-URGENT
3517,26,F,51603.46,1998-11-21,4-NOT SPECIFIED
3518,42,O,70005.34,1997-06-17,5-LOW
3519,749,O,47155.36,1995-09-08,3-MEDIUM
3520,921,P,13339.9,1992-08-12,5-LOW
3521,753,O,64702.81,1997-03-27,3-MEDIUM
3522,371,O,83377.39,1995-07-06,3-MEDIUM
3523,955,F,54273.98,1995-02-26,5-LOW
3524,367,P,65962.25,1994-08-28,3-MEDIUM
3525,784,F,39695.06,1997-09-09,1-URGENT
3526,893,P,72264.49,1992-03-17,3-MEDIUM
3527,467,O,50666.89,1998-12-25,2-HIGH
3528,733,O,50709.13,1996-04-19,4-NOT SPECIFIED
3529,611,O,88063.62,1998-07-19,3-MEDIUM
3530,7,P,25356.55,1994-05-20,2-HIGH
3531,456,O,61871.95,1992-01-03,4-NOT SPECIFIED
3532,987,P,38997.72,1994-10-21,1-URGENT
3533,774,P,25144.08,1995-08-12,2-HIGH
3534,709,O,78179.4,1993-07-04,3-MEDIUM
3535,998,F,61211.46,1998-07-21,2-HIGH
3536,634,P,8662.34,1997-04-26,2-HIGH
3537,499,P,32506.91,1995-10-09,3-MEDIUM
3538,60,O,73589.41,1997-02-25,5-LOW
3539,968,F,6569.83,1996-01-16,1-URGENT
3540,873,O,51991.52,1998-04-15,3-MEDIUM
3541,940,P,6412.83,1998-12-05,3-MEDIUM
3542,245,P,17706.11,1995-12-27,1-URGENT
3543,694,O,29939.35,1995-04-16,2-HIGH
3544,629,F,40194.98,1995-05-27,1-URGENT
3545,906,P,79360.96,1997-10-18,4-NOT SPECIFIED
3546,361,P,9199.15,1996-07-09,3-MEDIUM
3547,120,F,93189.87,1994-10-13,5-LOW
3548,615,P,73756.21,1994-10-23,4-NOT SPECIFIED
3549,496,O,93705.49,1992-01-10,5-LOW
3550,865,F,52868.39,1992-11-07,2-HIGH
3551,776,P,94948.39,1992-06-22,2-HIGH
3552,818,O,47509.18,1994-06-03,2-HIGH
3553,786,P,15283.29,1997-06-16,2-HIGH
3554,796,O,46361.28,1993-09-17,5-LOW
3555,350,O,98551.1,1996-10-01,4-NOT SPECIFIED
3556,516,P,98137.69,1995-12-13,5-LOW
3557,968,F,30446.23,1995-06-03,4-NOT SPECIFIED
3558,384,P,68399.25,1996-08-23,2-HIGH
3559,643,F,8607.73,1995-03-27,3-MEDIUM
3560,168,F,95693.76,1993-11-13,2-HIGH
3561,321,F,33223.15,1994-08-24,2-HIGH
3562,826,P,94537.87,1998-12-03,5-LOW
3563,110,F,75061.41,1993-05-16,5-LOW
3564,744,P,16410.46,1998-08-09,4-NOT SPECIFIED
3565,850,F,26884.61,1996-12-10,2-HIGH
3566,831,F,77573.24,1995-01-25,5-LOW
3567,447,F,24127.91,1997-07-07,1-URGENT
3568,756,P,93545.27,1998-03-04,5-LOW
3569,365,O,52395.22,1993-11-20,3-MEDIUM
3570,462,F,67215.35,1997-11-09,3-MEDIUM
3571,304,O,76501.2,1992-08-22,4-NOT SPECIFIED
3572,180,O,72246.09,1996-10-16,3-MEDIUM
3573,417,O,11162.52,1996-10-12,3-MEDIUM
3574,825,F,85185.95,1993-01-24,3-MEDIUM
3575,600,F,9269.95,1998-05-19,2-HIGH
3576,908,O,61220.89,1995-10-22,4-NOT SPECIFIED
3577,915,O,95640.91,1992-11-16,2-HIGH
3578,53,P,71952.25,1996-08-06,5-LOW
3579,896,O,64996.76,1993-07-18,5-LOW
3580,294,F,19138.72,1997-05-26,2-HIGH
3581,893,O,22275.64,1995-12-19,2-HIGH
3582,35,F,59264.99,1998-05-07,2-HIGH
3583,627,O,64330.78,1995-03-05,1-URGENT
3584,375,F,63993.96,1995-01-24,5-LOW
3585,263,P,75126.59,1993-04-01,1-URGENT
3586,61,F,29382.89,1998-05-08,4-NOT SPECIFIED
3587,920,P,17121.13,1993-09-09,4-NOT SPECIFIED
3588,76,F,59760.35,1997-02-23,5-LOW
3589,197,P,41744.22,1994-10-02,5-LOW
3590,59,O,77256.28,1998-12-12,5-LOW
3591,520,O,32198.74,1996-02-03,4-NOT SPECIFIED
3592,980,O,16898.33,1998-05-27,3-MEDIUM
3593,147,F,53454.49,1997-04-20,4-NOT SPECIFIED
3594,843,O,44097.92,1997-11-27,3-MEDIUM
3595,755,F,47731.16,1996-04-23,3-MEDIUM
3596,298,P,80173.48,1996-01-03,2-HIGH
3597,1000,P,21943.83,1992-11-15,1-URGENT
3598,655,O,22044.9,1994-10-18,2-HIGH
3599,704,F,70468.77,1997-08-28,4-NOT SPECIFIED
3600,674,P,65705.07,1998-07-02,3-MEDIUM
3601,50,P,27344.28,1995-06-07,5-LOW
3602,357,P,29675.32,1993-01-14,4-NOT SPECIFIED
3603,365,F,11564.87,1994-03-07,5-LOW
3604,820,F,26264.62,1997-03-12,4-NOT SPECIFIED
3605,412,F,35314.61,1997-12-28,5-LOW
3606,363,P,87221.12,1994-10-03,1-URGENT
3607,682,P,81525.32,1995-06-24,1-URGENT
3608,406,P,35311.79,1998-02-18,1-URGENT
3609,665,O,68387.12,1998-06-19,1-URGENT
3610,372,O,98944.05,1995-11-06,5-LOW
3611,379,F,8770.84,1994-07-11,1-URGENT
3612,820,F,61140.98,1995-01-12,3-MEDIUM
3613,536,P,66795.35,1997-10-14,2-HIGH
3614,574,P,88095.34,1993-09-02,1-URGENT
3615,331,O,38297.0,1996-01-14,3-MEDIUM
3616,771,O,4163.47,1994-08-25,5-LOW
3617,882,O,2674.7,1997-01-17,2-HIGH
3618,57,O,78397.44,1998-04-03,1-URGENT
3619,788,P,56859.28,1994-11-20,2-HIGH
3620,998,P,30813.51,1996-07-12,4-NOT SPECIFIED
3621,773,F,48776.22,1998-01-24,3-MEDIUM
3622,422,O,14778.1,1996-02-20,3-MEDIUM
3623,953,F,40425.38,1992-09-20,1-URGENT
3624,571,O,46267.68,1992-07-06,2-HIGH
3625,185,O,23610.72,1996-03-25,2-HIGH
3626,485,O,84225.03,1997-05-07,2-HIGH
3627,909,O,77929.38,1997-01-07,2-HIGH
3628,531,O,84914.6,1996-08-24,5-LOW
3629,341,O,99180.02,1993-06-27,1-URGENT
3630,242,F,92343.55,1997-08-11,1-URGENT
3631,826,O,71710.38,1994-03-11,2-HIGH
3632,996,O,90965.21,1992-03-21,5-LOW
3633,398,P,6057.66,1994-10-19,1-URGENT
3634,674,O,9660.1,1996-10-17,3-MEDIUM
3635,954,O,16380.57,1995-06-18,5-LOW
3636,835,F,64663.46,1997-12-22,4-NOT SPECIFIED
3637,330,P,62440.07,1996-04-09,3-MEDIUM
3638,207,O,73857.16,1997-07-03,5-LOW
3639,862,O,4430.19,1994-10-18,2-HIGH
3640,384,O,34567.01,1998-01-17,2-HIGH
3641,244,O,42335.32,1992-05-22,5-LOW
3642,448,P,52242.7,1995-05-03,2-HIGH
3643,835,F,64961.4,1996-07-23,2-HIGH
3644,105,P,77760.18,1997-10-05,5-LOW
3645,241,P,27108.77,1992-08-25,3-MEDIUM
3646,924,F,47587.77,1996-05-15,5-LOW
3647,244,F,26403.85,1993-02-27,3-MEDIUM
3648,826,F,88919.29,1995-06-20,4-NOT SPECIFIED
3649,766,O,74930.81,1995-01-10,5-LOW
3650,632,F,87189.39,1997-09-04,2-HIGH
3651,258,O,85447.47,1993-12-14,1-URGENT
3652,726,P,34214.88,1993-08-08,1-URGENT
3653,55,P,26039.1,1996-05-12,3-MEDIUM
3654,270,P,82540.96,1996-06-15,2-HIGH
3655,514,F,30328.11,1998-01-17,5-LOW
3656,53,O,99783.84,1997-12-17,4-NOT SPECIFIED
3657,549,O,55289.66,1997-03-03,5-LOW
3658,235,O,93978.47,1997-03-01,5-LOW
3659,980,O,75982.73,1997-11-04,5-LOW
3660,904,P,17254.13,1992-03-05,4-NOT SPECIFIED
3661,240,P,27044.99,1994-11-25,2-HIGH
3662,880,F,44219.73,1995-08-17,2-HIGH
3663,35,O,95450.32,1995-01-05,5-LOW
3664,225,P,50932.16,1998-06-28,2-HIGH
3665,106,O,7505.36,1993-11-19,4-NOT SPECIFIED
3666,666,P,28570.32,1992-11-28,2-HIGH
3667,410,F,25774.89,1996-04-26,1-URGENT
3668,732,F,63759.54,1997-08-02,1-URGENT
3669,415,P,10542.92,1994-05-25,4-NOT SPECIFIED
3670,969,P,84398.09,1998-01-23,5-LOW
3671,347,O,65990.4,1997-05-12,3-MEDIUM
3672,655,F,71211.49,1992-09-25,2-HIGH
3673,965,P,31977.64,1996-07-08,1-URGENT
3674,33,F,16429.3,1994-04-02,4-NOT SPECIFIED
3675,715,P,75766.44,1992-10-09,5-LOW
3676,696,F,31126.48,1992-07-20,1-URGENT
3677,861,O,91861.56,1997-04-25,4-NOT SPECIFIED
3678,768,O,5192.91,1996-10-06,4-NOT SPECIFIED
3679,704,O,47240.91,1994-09-05,3-MEDIUM
3680,464,O,79275.86,1993-02-08,2-HIGH
3681,361,O,51269.52,1996-11-18,2-HIGH
3682,520,F,85908.39,1995-06-27,4-NOT SPECIFIED
3683,856,F,65872.35,1996-10-17,4-NOT SPECIFIED
3684,606,P,40971.52,1996-06-14,2-HIGH
3685,680,O,16257.89,1998-05-08,2-HIGH
3686,833,F,26794.07,1992-12-13,5-LOW
3687,384,P,1532.09,1998-01-07,2-HIGH
3688,185,O,51057.26,1995-07-14,5-LOW
3689,364,F,50807.51,1997-05-26,1-URGENT
3690,707,F,82095.36,1998-04-22,5-LOW
3691,242,O,39827.99,1997-06-23,4-NOT SPECIFIED
3692,918,P,31413.47,1993-03-07,1-URGENT
3693,325,O,86420.25,1998-07-22,1-URGENT
3694,801,F,49498.01,1998-09-24,3-MEDIUM
3695,403,O,21869.15,1996-05-20,4-NOT SPECIFIED
3696,937,O,88638.88,1994-11-27,2-HIGH
3697,461,O,83604.62,1994-08-03,5-LOW
3698,690,P,49123.98,1994-02-19,2-HIGH
3699,360,O,20698.17,1996-01-19,3-MEDIUM
3700,709,F,98623.41,1994-05-07,5-LOW
3701,585,P,62797.69,1993-03-26,2-HIGH
3702,841,O,40198.1,1996-11-15,2-HIGH
3703,509,P,90126.14,1995-02-19,2-HIGH
3704,203,P,30027.37,1996-12-15,3-MEDIUM
3705,27,F,60156.49,1993-10-04,1-URGENT
3706,821,P,85729.07,1996-02-18,2-HIGH
3707,768,F,68502.1,1998-05-13,5-LOW
3708,205,P,78305.51,1992-12-05,4-NOT SPECIFIED
3709,766,O,17182.87,1993-06-17,5-LOW
3710,332,F,41491.15,1993-03-13,3-MEDIUM
3711,785,O,88682.08,1995-12-02,3-MEDIUM
3712,397,O,63825.43,1993-08-01,5-LOW
3713,342,O,83177.78,1994-07-12,4-NOT SPECIFIED
3714,18,F,47242.12,1992-02-18,2-HIGH
3715,731,P,64481.15,1993-11-20,3-MEDIUM
3716,612,P,8778.73,1996-07-22,5-LOW
3717,335,P,96519.06,1996-09-07,1-URGENT
3718,638,P,40010.74,1994-11-18,5-LOW
3719,460,F,23666.61,1995-07-03,3-MEDIUM
3720,325,F,81870.22,1997-08-04,5-LOW
3721,954,F,30065.08,1992-08-20,3-MEDIUM
3722,61,O,4580.73,1998-07-07,1-URGENT
3723,175,F,64346.61,1996-12-03,2-HIGH
3724,300,F,62113.2,1998-06-14,2-HIGH
3725,499,O,64618.95,1994-01-26,5-LOW
3726,153,P,98262.44,1996-08-24,3-MEDIUM
3727,761,O,4556.29,1998-06-26,1-URGENT
3728,97,F,76176.04,1996-04-24,2-HIGH
3729,804,P,87567.05,1994-03-10,4-NOT SPECIFIED
3730,665,P,5205.03,1995-06-09,2-HIGH
3731,270,P,75472.96,1995-06-20,2-HIGH
3732,900,P,87253.42,1993-10-22,5-LOW
3733,214,P,14613.29,1995-08-08,3-MEDIUM
3734,233,O,3491.32,1998-07-17,1-URGENT
3735,225,P,41323.62,1993-03-20,4-NOT SPECIFIED
3736,133,F,66077.57,1993-08-11,3-MEDIUM
3737,427,O,44529.61,1996-02-05,5-LOW
3738,599,P,62128.68,1998-06-19,5-LOW
3739,506,P,75539.28,1996-07-20,3-MEDIUM
3740,857,O,24707.28,1997-01-21,5-LOW
3741,240,F,71975.34,1992-01-01,4-NOT SPECIFIED
3742,535,O,56443.25,1998-02-10,1-URGENT
3743,701,P,14467.35,1995-05-11,5-LOW
3744,900,P,5140.99,1994-10-14,2-HIGH
3745,916,O,6196.85,1996-08-21,5-LOW
3746,452,F,18963.21,1994-04-01,3-MEDIUM
3747,1000,O,34926.63,1992-02-07,3-MEDIUM
3748,659,F,11335.66,1992-12-22,1-URGENT
3749,956,F,87594.24,1994-12-22,2-HIGH
3750,165,P,90032.5,1994-11-15,4-NOT SPECIFIED
3751,861,F,1481.97,1994-10-19,1-URGENT
3752,147,F,45890.3,1995-05-20,4-NOT SPECIFIED
3753,762,P,63328.01,1995-06-19,5-LOW
3754,959,F,24883.21,1994-01-22,4-NOT SPECIFIED
3755,868,F,21344.54,1997-11-10,4-NOT SPECIFIED
3756,497,O,64184.43,1996-12-13,1-URGENT
3757,305,O,16505.88,1995-03-23,1-URGENT
3758,392,O,89464.81,1995-10-28,2-HIGH
3759,5,F,69998.04,1993-10-21,2-HIGH
3760,573,O,66416.59,1998-11-17,3-MEDIUM
3761,279,F,12754.59,1994-06-01,2-HIGH
3762,31,F,21741.45,1997-04-13,1-URGENT
3763,496,P,56709.4,1996-02-05,2-HIGH
3764,816,F,75473.55,1997-09-11,4-NOT SPECIFIED
3765,786,P,12682.3,1995-09-25,2-HIGH
3766,569,F,16525.24,1996-07-27,1-URGENT
3767,929,F,98836.88,1996-02-28,1-URGENT
3768,534,O,7246.48,1995-05-06,5-LOW
3769,257,P,29846.18,1994-02-11,4-NOT SPECIFIED
3770,15,P,5661.85,1996-11-02,2-HIGH
3771,493,F,35358.75,1992-04-25,3-MEDIUM
3772,76,P,27038.2,1997-05-20,3-MEDIUM
3773,707,O,61890.62,1995-12-21,5-LOW
3774,889,F,71922.43,1997-01-20,5-LOW
3775,514,F,8082.0,1992-08-02,4-NOT SPECIFIED
3776,252,P,40591.96,1993-08-18,3-MEDIUM
3777,165,P,14928.7,1997-08-14,1-URGENT
3778,194,P,68167.38,1992-01-15,1-URGENT
3779,835,O,73430.04,1994-03-09,5-LOW
3780,239,O,95106.35,1998-07-14,1-URGENT
3781,466,O,68645.82,1996-12-26,5-LOW
3782,726,P,22066.23,1993-07-17,1-URGENT
3783,771,O,40541.37,1995-03-21,3-MEDIUM
3784,296,O,65972.47,1997-11-15,5-LOW
3785,188,P,71918.07,1996-02-27,3-MEDIUM
3786,261,P,16169.82,1992-10-22,3-MEDIUM
3787,220,F,10372.19,1997-05-01,2-HIGH
3788,860,F,55442.56,1995-05-27,3-MEDIUM
3789,220,P,92989.28,1994-04-07,4-NOT SPECIFIED
3790,586,O,57933.35,1998-02-20,5-LOW
3791,961,O,48859.73,1997-07-27,2-HIGH
3792,100,P,94537.49,1994-12-05,5-LOW
3793,757,P,92357.63,1996-07-11,4-NOT SPECIFIED
3794,232,O,51041.31,1995-03-26,5-LOW
3795,814,F,68486.38,1996-03-05,2-HIGH
3796,341,P,85104.68,1995-10-02,5-LOW
3797,600,F,53993.67,1998-12-22,3-MEDIUM
3798,159,F,2050.1,1994-08-15,3-MEDIUM
3799,804,P,53212.05,1992-12-25,4-NOT SPECIFIED
3800,427,P,22730.05,1992-02-19,4-NOT SPECIFIED
3801,475,P,26245.78,1996-10-21,3-MEDIUM
3802,908,O,32869.73,1996-08-08,1-URGENT
3803,125,F,99479.66,1993-11-14,2-HIGH
3804,507,P,12405.96,1993-05-16,1-URGENT
3805,911,P,63010.45,1995-04-01,4-NOT SPECIFIED
3806,929,F,95668.36,1995-12-22,3-MEDIUM
3807,4,O,99812.81,1996-02-28,1-URGENT
3808,214,F,25444.23,1994-09-17,5-LOW
3809,476,O,51262.6,1996-09-28,4-NOT SPECIFIED
3810,8,P,49973.27,1995-11-24,2-HIGH
3811,441,P,33796.66,1996-11-21,4-NOT SPECIFIED
3812,809,O,90659.15,1993-03-24,2-HIGH
3813,749,P,64870.04,1995-04-20,2-HIGH
3814,769,F,12550.98,1997-07-05,5-LOW
3815,340,O,8096.98,1995-09-24,5-LOW
3816,850,O,94215.12,1994-07-26,5-LOW
3817,284,F,75790.25,1994-01-20,3-MEDIUM
3818,257,F,83907.52,1995-02-16,4-NOT SPECIFIED
3819,163,F,73768.38,1998-05-28,3-MEDIUM
3820,649,P,13818.11,1997-06-05,2-HIGH
3821,252,P,70713.38,1998-05-13,1-URGENT
3822,748,F,3017.65,1993-10-02,1-URGENT
3823,920,P,68034.54,1997-08-13,2-HIGH
3824,422,F,98626.55,1992-06-06,5-LOW
3825,980,O,25719.2,1995-11-21,4-NOT SPECIFIED
3826,593,F,38397.82,1995-03-11,4-NOT SPECIFIED
3827,410,O,68786.24,1997-10-08,5-LOW
3828,438,P,82260.65,1995-03-04,2-HIGH
3829,240,O,16852.16,1993-05-27,3-MEDIUM
3830,543,F,96914.5,1992-04-25,2-HIGH
3831,687,P,59223.89,1997-10-23,5-LOW
3832,923,P,66038.28,1995-01-23,5-LOW
3833,321,P,79717.53,1993-12-05,4-NOT SPECIFIED
3834,480,O,94270.14,1998-12-23,4-NOT SPECIFIED
3835,204,F,5381.44,1994-12-06,5-LOW
3836,582,F,60902.22,1995-05-02,5-LOW
3837,563,F,60053.63,1993-05-09,5-LOW
3838,1,O,54065.83,1996-01-20,2-HIGH
3839,506,O,24803.03,1992-11-10,5-LOW
3840,959,P,17965.94,1992-08-18,5-LOW
3841,104,P,19159.92,1997-06-25,1-URGENT
3842,997,O,34574.04,1992-09-14,3-MEDIUM
3843,34,P,14534.18,1998-12-26,4-NOT SPECIFIED
3844,425,P,19255.71,1996-06-12,4-NOT SPECIFIED
3845,386,P,42598.52,1993-11-01,1-URGENT
3846,134,F,71549.56,1992-02-05,5-LOW
3847,999,F,28365.34,1997-04-27,1-URGENT
3848,851,O,98915.63,1997-04-07,4-NOT SPECIFIED
3849,863,F,73111.63,1998-05-26,4-NOT SPECIFIED
3850,324,P,40910.17,1997-10-08,4-NOT SPECIFIED
3851,252,P,48214.83,1993-10-11,1-URGENT
3852,229,O,11063.53,1996-11-09,2-HIGH
3853,310,F,57864.18,1997-12-18,5-LOW
3854,666,F,91928.23,1994-08-03,3-MEDIUM
3855,47,P,22091.96,1992-11-17,5-LOW
3856,859,O,19937.79,1993-02-27,4-NOT SPECIFIED
3857,384,O,91804.28,1997-09-04,2-HIGH
3858,753,O,91078.61,1996-12-10,4-NOT SPECIFIED
3859,336,F,67423.57,1996-07-24,1-URGENT
3860,774,O,4568.5,1995-04-11,5-LOW
3861,750,F,86972.32,1995-11-11,5-LOW
3862,677,P,35884.87,1996-03-28,5-LOW
3863,66,O,69887.93,1997-01-24,4-NOT SPECIFIED
3864,774,F,73172.21,1992-12-17,2-HIGH
3865,985,O,61109.86,1998-09-17,5-LOW
3866,25,O,49920.84,1997-03-03,1-URGENT
3867,532,O,46064.14,1997-04-10,1-URGENT
3868,736,O,3474.11,1994-07-06,4-NOT SPECIFIED
3869,171,F,91506.97,1994-08-08,5-LOW
3870,385,O,15752.21,1993-01-18,2-HIGH
3871,604,P,97899.58,1993-11-16,3-MEDIUM
3872,19,O,41867.98,1995-02-26,1-URGENT
3873,549,P,36588.35,1994-04-16,5-LOW
3874,463,P,5647.59,1998-03-12,5-LOW
3875,345,F,6014.39,1993-05-15,5-LOW
3876,308,F,62412.58,1995-09-27,4-NOT SPECIFIED
3877,704,F,60970.48,1994-09-28,2-HIGH
3878,616,F,20604.76,1996-03-23,3-MEDIUM
3879,186,P,80785.94,1994-10-05,2-HIGH
3880,975,F,32775.05,1997-01-27,4-NOT SPECIFIED
3881,549,P,85391.96,1992-02-04,4-NOT SPECIFIED
3882,742,O,4554.76,1993-06-26,5-LOW
3883,520,O,60587.5,1993-05-14,2-HIGH
3884,419,F,64925.41,1995-07-06,1-URGENT
3885,480,F,72594.59,1997-11-21,3-MEDIUM
3886,985,P,45204.69,1995-03-10,3-MEDIUM
3887,272,F,29572.09,1997-06-07,3-MEDIUM
3888,39,O,55108.76,1997-06-27,5-LOW
3889,657,F,21910.31,1997-04-05,3-MEDIUM
3890,735,P,70423.19,1995-09-19,2-HIGH
3891,734,F,67814.31,1993-06-01,5-LOW
3892,704,O,93368.15,1993-08-14,5-LOW
3893,582,F,20475.28,1993-11-12,4-NOT SPECIFIED
3894,379,P,74102.66,1993-06-23,2-HIGH
3895,355,P,45061.87,1994-02-05,3-MEDIUM
3896,267,P,17829.36,1998-12-13,4-NOT SPECIFIED
3897,232,P,41511.89,1994-03-04,1-URGENT
3898,824,O,96620.98,1994-11-09,3-MEDIUM
3899,829,F,95760.16,1995-07-12,5-LOW
3900,603,F,14445.05,1998-10-19,5-LOW
3901,277,F,67187.74,1995-07-15,1-URGENT
3902,696,P,58175.8,1995-02-21,4-NOT SPECIFIED
3903,777,F,47896.29,1996-04-14,2-HIGH
3904,516,F,69315.39,1994-12-14,4-NOT SPECIFIED
3905,626,P,25429.23,1998-10-19,4-NOT SPECIFIED
3906,122,O,50486.72,1996-03-06,5-LOW
3907,70,F,26744.33,1997-10-26,4-NOT SPECIFIED
3908,68,O,54584.81,1997-03-11,4-NOT SPECIFIED
3909,92,P,41517.97,1996-03-13,4-NOT SPECIFIED
3910,513,F,28619.66,1996-06-06,4-NOT SPECIFIED
3911,234,F,97302.96,1993-01-07,2-HIGH
3912,701,O,22328.75,1996-10-22,1-URGENT
3913,525,F,31119.61,1998-09-10,3-MEDIUM
3914,596,P,98675.3,1996-12-23,5-LOW
3915,994,P,8839.48,1994-03-06,4-NOT SPECIFIED
3916,7,F,55169.61,1993-02-08,3-MEDIUM
3917,362,O,98550.91,1993-01-25,4-NOT SPECIFIED
3918,138,F,15192.66,1998-08-08,2-HIGH
3919,153,O,39642.26,1998-04-03,3-MEDIUM
3920,18,O,68537.75,1994-02-01,2-HIGH
3921,737,F,63740.57,1996-02-28,5-LOW
3922,84,F,70313.07,1994-07-09,2-HIGH
3923,80,P,89781.44,1992-01-18,4-NOT SPECIFIED
3924,378,F,20024.68,1995-06-26,5-LOW
3925,464,O,56830.67,1995-07-11,3-MEDIUM
3926,82,F,40152.57,1992-07-24,1-URGENT
3927,426,O,53476.15,1992-09-25,5-LOW
3928,643,O,54150.26,1992-06-27,3-MEDIUM
3929,382,F,32024.51,1997-01-01,5-LOW
3930,183,O,4129.48,1998-04-26,4-NOT SPECIFIED
3931,539,P,65870.84,1994-10-10,2-HIGH
3932,756,F,65254.05,1993-06-14,4-NOT SPECIFIED
3933,972,O,80081.85,1994-05-03,1-URGENT
3934,850,O,92429.45,1992-11-11,3-MEDIUM
3935,630,P,63274.91,1993-04-18,3-MEDIUM
3936,412,O,39755.86,1998-07-27,1-URGENT
3937,971,F,84417.49,1995-05-26,3-MEDIUM
3938,932,O,6048.03,1993-03-24,2-HIGH
3939,444,O,19555.41,1998-11-06,2-HIGH
3940,685,O,42827.18,1993-09-24,2-HIGH
3941,604,F,88750.92,1997-02-15,2-HIGH
3942,115,F,71695.48,1992-09-07,1-URGENT
3943,324,F,48372.32,1992-09-25,4-NOT SPECIFIED
3944,139,F,86125.56,1997-11-17,3-MEDIUM
3945,443,F,68655.84,1992-05-21,3-MEDIUM
3946,709,O,7672.1,1998-07-02,5-LOW
3947,726,P,35709.8,1998-04-05,2-HIGH
3948,514,P,25907.57,1996-03-09,4-NOT SPECIFIED
3949,529,O,77321.78,1997-12-09,3-MEDIUM
3950,341,F,43745.91,1996-03-13,5-LOW
3951,249,O,72964.4,1994-08-15,1-URGENT
3952,240,O,3966.02,1996-06-26,4-NOT SPECIFIED
3953,222,F,36122.22,1998-07-04,3-MEDIUM
3954,840,O,62398.09,1998-04-23,1-URGENT
3955,3,F,92663.93,1993-07-17,2-HIGH
3956,85,F,25616.95,1996-03-16,2-HIGH
3957,117,O,91404.64,1995-03-07,1-URGENT
3958,364,O,90154.5,1994-03-03,1-URGENT
3959,758,P,6400.32,1998-07-05,2-HIGH
3960,328,O,46084.89,1993-04-17,3-MEDIUM
3961,833,O,88368.31,1995-10-11,1-URGENT
3962,322,F,50329.45,1997-08-02,3-MEDIUM
3963,527,F,30639.61,1996-07-25,1-URGENT
3964,223,P,67271.09,1995-01-28,1-URGENT
3965,91,F,14129.08,1998-03-16,4-NOT SPECIFIED
3966,159,O,38516.75,1992-07-21,3-MEDIUM
3967,535,O,34428.89,1998-02-11,3-MEDIUM
3968,501,F,16148.51,1994-03-19,1-URGENT
3969,677,P,62725.11,1995-05-06,3-MEDIUM
3970,943,O,9000.09,1997-08-08,3-MEDIUM
3971,40,F,40876.51,1993-06-19,1-URGENT
3972,736,P,95909.08,1995-08-12,5-LOW
3973,857,O,21193.6,1997-09-19,2-HIGH
3974,956,P,39707.65,1992-07-03,5-LOW
3975,617,F,17900.36,1997-08-01,3-MEDIUM
3976,459,O,3973.89,1992-11-25,1-URGENT
3977,923,F,98176.93,1998-07-09,4-NOT SPECIFIED
3978,397,P,91683.91,1996-09-10,5-LOW
3979,141,P,75722.2,1995-06-03,4-NOT SPECIFIED
3980,204,F,45273.2,1997-06-17,2-HIGH
3981,158,F,15700.74,1997-03-06,1-URGENT
3982,369,F,82842.64,1997-03-16,2-HIGH
3983,290,O,8335.11,1997-09-24,2-HIGH
3984,79,F,87651.14,1996-08-23,2-HIGH
3985,743,P,46462.86,1997-12-08,1-URGENT
3986,992,F,79079.66,1996-05-22,1-URGENT
3987,20,O,83308.13,1998-09-06,2-HIGH
3988,467,O,41068.8,1995-02-23,5-LOW
3989,401,O,25095.18,1995-10-14,4-NOT SPECIFIED
3990,184,P,65364.29,1998-06-03,1-URGENT
3991,774,P,7062.09,1994-10-04,1-URGENT
3992,191,F,65611.75,1997-02-26,3-MEDIUM
3993,272,F,2987.36,1993-05-09,4-NOT SPECIFIED
3994,626,P,60985.24,1998-12-03,5-LOW
3995,439,O,55641.0,1994-02-23,3-MEDIUM
3996,949,O,76911.72,1996-02-09,3-MEDIUM
3997,140,O,9542.2,1994-11-14,2-HIGH
3998,666,P,86438.46,1995-02-11,5-LOW
3999,294,P,67188.14,1995-01-03,1-URGENT
4000,807,P,88614.23,1998-09-27,1-URGENT
4001,526,P,24446.64,1995-06-09,5-LOW
4002,866,O,28152.3,1997-03-22,2-HIGH
4003,658,F,93662.52,1994-10-16,5-LOW
4004,682,P,24078.44,1994-04-17,4-NOT SPECIFIED
4005,173,O,28247.98,1993-07-01,1-URGENT
4006,688,O,25746.91,1993-11-24,2-HIGH
4007,32,P,88927.76,1992-05-03,2-HIGH
4008,389,O,55029.58,1995-12-01,2-HIGH
4009,183,F,52835.18,1994-08-15,2-HIGH
4010,34,O,32660.32,1997-12-19,4-NOT SPECIFIED
4011,858,O,39601.1,1995-06-09,3-MEDIUM
4012,640,O,20733.06,1997-04-27,2-HIGH
4013,18,O,46294.94,1997-05-11,3-MEDIUM
4014,157,O,68830.04,1995-10-09,2-HIGH
4015,821,O,84327.49,1995-07-26,3-MEDIUM
4016,480,O,35996.92,1994-07-27,4-NOT SPECIFIED
4017,467,O,85504.0,1996-08-27,1-URGENT
4018,235,O,57000.87,1992-09-15,1-URGENT
4019,249,O,4845.43,1995-05-14,4-NOT SPECIFIED
4020,566,P,84901.25,1992-08-12,1-URGENT
4021,971,P,70923.07,1997-02-09,5-LOW
4022,462,O,43911.37,1993-06-19,4-NOT SPECIFIED
4023,426,F,23433.0,1992-03-13,2-HIGH
4024,700,P,63316.21,1993-01-12,4-NOT SPECIFIED
4025,537,O,75122.26,1997-01-08,1-URGENT
4026,780,P,24534.47,1996-08-26,3-MEDIUM
4027,787,P,1650.24,1996-10-06,2-HIGH
4028,623,F,64121.78,1997-05-09,4-NOT SPECIFIED
4029,343,F,39954.8,1996-05-05,4-NOT SPECIFIED
4030,859,F,9669.28,1995-07-11,3-MEDIUM
4031,856,O,95538.09,1997-09-01,4-NOT SPECIFIED
4032,173,P,30242.95,1995-01-01,1-URGENT
4033,711,P,29633.98,1997-08-27,5-LOW
4034,306,P,26177.16,1997-12-19,5-LOW
4035,245,O,12725.09,1993-10-09,4-NOT SPECIFIED
4036,47,O,58921.68,1994-03-28,1-URGENT
4037,906,O,69345.24,1997-02-17,2-HIGH
4038,560,P,48098.86,1998-09-24,1-URGENT
4039,489,P,76298.77,1992-12-23,4-NOT SPECIFIED
4040,971,P,54802.89,1996-02-04,3-MEDIUM
4041,512,O,9661.09,1995-02-01,5-LOW
4042,820,P,84210.14,1994-03-25,3-MEDIUM
4043,565,F,62101.48,1996-06-05,2-HIGH
4044,624,P,78502.18,1992-08-13,4-NOT SPECIFIED
4045,980,F,34686.99,1992-05-27,1-URGENT
4046,454,P,58599.67,1995-05-14,2-HIGH
4047,215,F,28652.59,1995-07-18,1-URGENT
4048,612,O,17067.86,1996-10-24,2-HIGH
4049,957,F,14783.24,1994-10-15,5-LOW
4050,309,P,72842.66,1993-10-26,4-NOT SPECIFIED
4051,10,P,2620.64,1992-08-21,4-NOT SPECIFIED
4052,968,O,93427.15,1993-04-10,4-NOT SPECIFIED
4053,239,O,97219.16,1992-08-21,5-LOW
4054,25,O,95859.89,1993-08-24,5-LOW
4055,773,F,59141.92,1995-05-04,1-URGENT
4056,711,O,99349.29,1995-04-18,3-MEDIUM
4057,220,O,58383.16,1998-05-12,2-HIGH
4058,931,O,98784.19,1998-08-03,1-URGENT
4059,940,P,91401.89,1994-10-23,5-LOW
4060,686,P,90080.67,1992-07-16,4-NOT SPECIFIED
4061,493,F,99983.87,1996-06-24,2-HIGH
4062,328,O,40170.55,1998-04-10,3-MEDIUM
4063,954,O,27112.63,1994-09-14,4-NOT SPECIFIED
4064,939,F,28320.77,1998-04-21,3-MEDIUM
4065,69,F,91975.41,1997-10-02,4-NOT SPECIFIED
4066,761,P,98220.78,1994-12-11,3-MEDIUM
4067,816,P,69046.83,1992-04-08,2-HIGH
4068,725,P,98037.07,1998-10-07,4-NOT SPECIFIED
4069,390,P,39462.4,1995-06-21,2-HIGH
4070,799,O,70730.34,1994-04-12,3-MEDIUM
4071,663,O,8842.94,1993-07-03,3-MEDIUM
4072,745,P,91948.42,1995-12-01,3-MEDIUM
4073,281,P,15381.84,1995-05-07,3-MEDIUM
4074,875,P,11800.48,1994-04-09,3-MEDIUM
4075,517,F,62132.26,1994-03-10,4-NOT SPECIFIED
4076,10,P,34989.98,1998-02-05,5-LOW
4077,3,F,88697.85,1992-09-08,2-HIGH
4078,138,F,95632.35,1998-11-17,4-NOT SPECIFIED
4079,629,P,30111.32,1993-12-08,5-LOW
4080,346,F,51506.22,1993-06-08,1-URGENT
4081,608,O,97619.89,1994-10-21,5-LOW
4082,185,O,69603.26,1997-04-03,5-LOW
4083,264,P,83765.55,1997-06-15,5-LOW
4084,50,F,36820.25,1993-03-08,1-URGENT
4085,294,O,23039.27,1998-01-15,2-HIGH
4086,806,P,28141.59,1995-11-06,1-URGENT
4087,603,O,30359.78,1992-11-02,3-MEDIUM
4088,437,O,74002.93,1997-04-17,2-HIGH
4089,740,P,74422.15,1996-06-23,3-MEDIUM
4090,894,O,60484.59,1993-01-20,5-LOW
4091,328,O,6412.47,1993-05-23,5-LOW
4092,734,P,92830.39,1992-05-15,1-URGENT
4093,836,F,87005.75,1994-08-13,2-HIGH
4094,872,P,72739.02,1993-02-15,3-MEDIUM
4095,251,P,86988.88,1996-10-11,2-HIGH
4096,255,P,83161.19,1994-04-09,4-NOT SPECIFIED
4097,461,P,53877.27,1998-06-03,5-LOW
4098,217,F,23030.02,1996-05-18,4-NOT SPECIFIED
4099,644,P,73398.48,1995-09-12,4-NOT SPECIFIED
4100,103,F,92507.19,1994-08-25,3-MEDIUM
4101,678,F,80115.66,1994-04-07,3-MEDIUM
4102,661,P,99205.78,1997-12-22,3-MEDIUM
4103,865,O,17905.37,1992-03-02,1-URGENT
4104,175,F,78667.72,1995-05-03,2-HIGH
4105,964,P,78686.01,1994-01-15,1-URGENT
4106,232,O,42525.75,1995-03-05,2-HIGH
4107,39,P,22759.15,1995-03-12,5-LOW
4108,608,F,60884.85,1997-09-16,5-LOW
4109,417,P,4350.16,1992-06-18,5-LOW
4110,781,F,73692.94,1994-04-20,5-LOW
4111,159,O,13201.04,1997-04-15,2-HIGH
4112,685,F,35195.3,1994-06-19,3-MEDIUM
4113,893,O,95766.84,1992-09-28,2-HIGH
4114,25,P,72220.48,1994-08-19,5-LOW
4115,353,O,49738.31,1992-07-27,5-LOW
4116,603,P,48603.25,1998-08-13,3-MEDIUM
4117,329,F,42409.86,1998-10-25,2-HIGH
4118,384,P,17543.79,1997-10-19,3-MEDIUM
4119,631,F,74784.99,1994-11-12,1-URGENT
4120,145,O,5276.05,1993-02-26,3-MEDIUM
4121,227,O,33330.54,1993-03-11,1-URGENT
4122,519,P,95855.38,1993-07-13,1-URGENT
4123,850,O,11463.31,1998-02-02,5-LOW
4124,812,O,29551.7,1995-02-21,4-NOT SPECIFIED
4125,958,F,58503.71,1997-07-22,3-MEDIUM
4126,24,O,99011.2,1995-02-14,3-MEDIUM
4127,163,P,97122.99,1996-05-02,5-LOW
4128,158,P,48192.95,1993-06-09,1-URGENT
4129,975,O,51014.83,1992-08-16,4-NOT SPECIFIED
4130,461,F,3112.53,1998-02-27,5-LOW
4131,305,F,55519.41,1992-06-27,1-URGENT
4132,377,P,26315.12,1997-07-04,2-HIGH
4133,726,P,9839.95,1994-04-08,1-URGENT
4134,955,O,19873.31,1992-04-19,3-MEDIUM
4135,708,F,56822.68,1995-05-25,3-MEDIUM
4136,229,F,42149.53,1995-10-16,4-NOT SPECIFIED
4137,44,F,51190.73,1998-09-25,3-MEDIUM
4138,990,P,44686.55,1997-11-19,3-MEDIUM
4139,443,P,8586.8,1996-01-18,4-NOT SPECIFIED
4140,829,O,29195.9,1996-05-09,3-MEDIUM
4141,216,O,54990.65,1998-12-27,4-NOT SPECIFIED
4142,892,F,21161.47,1994-06-16,1-URGENT
4143,803,P,50492.39,1992-04-24,3-MEDIUM
4144,218,O,75538.72,1993-06-24,2-HIGH
4145,943,F,4866.36,1998-12-15,2-HIGH
4146,955,P,12511.54,1998-09-07,2-HIGH
4147,196,O,10217.28,1994-10-20,1-URGENT
4148,222,P,42448.64,1994-01-17,4-NOT SPECIFIED
4149,576,P,38429.39,1993-11-01,3-MEDIUM
4150,453,F,6320.58,1998-06-23,4-NOT SPECIFIED
4151,239,O,66772.15,1993-06-26,1-URGENT
4152,467,O,23871.71,1992-04-10,1-URGENT
4153,482,F,88272.31,1997-11-17,5-LOW
4154,928,O,82031.5,1994-09-26,5-LOW
4155,350,O,49766.14,1992-05-23,1-URGENT
4156,760,F,97417.94,1992-10-17,1-URGENT
4157,290,O,46497.16,1997-11-08,1-URGENT
4158,612,O,14316.08,1998-11-27,3-MEDIUM
4159,339,P,96707.42,1998-08-15,3-MEDIUM
4160,483,O,78572.07,1992-12-10,5-LOW
4161,700,O,17252.82,1995-07-23,3-MEDIUM
4162,454,P,36182.93,1995-12-25,4-NOT SPECIFIED
4163,496,P,90860.24,1997-06-21,5-LOW
4164,388,P,71617.92,1992-02-17,5-LOW
4165,679,F,50294.17,1993-11-23,1-URGENT
4166,173,O,90523.4,1992-02-14,5-LOW
4167,850,F,54012.71,1998-11-27,3-MEDIUM
4168,598,F,33298.89,1995-01-17,2-HIGH
4169,346,O,36721.77,1997-08-14,2-HIGH
4170,631,F,83891.17,1998-07-03,1-URGENT
4171,671,P,82243.9,1995-05-16,3-MEDIUM
4172,979,P,23769.08,1995-02-09,3-MEDIUM
4173,243,O,31918.48,1996-04-24,3-MEDIUM
4174,910,P,73744.55,1998-04-10,4-NOT SPECIFIED
4175,28,O,12605.5,1993-09-07,2-HIGH
4176,364,F,52551.2,1994-04-03,1-URGENT
4177,863,O,24085.45,1998-06-15,4-NOT SPECIFIED
4178,965,P,82451.0,1997-07-10,2-HIGH
4179,330,F,65726.78,1996-09-06,3-MEDIUM
4180,277,O,99298.23,1997-12-18,5-LOW
4181,277,F,5130.64,1996-05-04,1-URGENT
4182,765,F,75203.89,1998-07-02,4-NOT SPECIFIED
4183,192,F,45310.53,1996-08-06,4-NOT SPECIFIED
4184,327,F,13416.63,1994-04-01,2-HIGH
4185,346,O,3374.57,1993-06-22,4-NOT SPECIFIED
4186,125,F,2675.11,1993-06-03,4-NOT SPECIFIED
4187,127,O,20085.95,1998-08-09,3-MEDIUM
4188,999,P,68712.82,1998-06-16,2-HIGH
4189,512,P,46806.13,1994-02-04,5-LOW
4190,438,P,90166.31,1996-04-04,1-URGENT
4191,678,P,46411.55,1995-11-23,1-URGENT
4192,26,P,58535.27,1996-10-28,4-NOT SPECIFIED
4193,730,P,49907.74,1998-05-20,1-URGENT
4194,772,P,4689.41,1997-09-24,5-LOW
4195,773,P,50851.04,1998-10-26,4-NOT SPECIFIED
4196,448,O,6905.73,1993-04-22,4-NOT SPECIFIED
4197,564,O,56685.63,1997-08-05,4-NOT SPECIFIED
4198,121,F,7165.01,1996-02-21,2-HIGH
4199,893,P,54509.92,1994-07-22,4-NOT SPECIFIED
4200,389,O,87777.95,1996-04-15,4-NOT SPECIFIED
4201,198,P,47205.64,1998-05-26,2-HIGH
4202,102,P,13506.8,1995-12-23,5-LOW
4203,952,O,4836.11,1997-09-21,4-NOT SPECIFIED
4204,699,F,96724.86,1998-04-18,1-URGENT
4205,647,O,82306.89,1998-04-13,4-NOT SPECIFIED
4206,105,F,72403.32,1992-04-19,5-LOW
4207,330,F,8666.15,1994-02-20,1-URGENT
4208,67,F,36127.25,1996-04-11,5-LOW
4209,754,P,72074.88,1995-02-10,3-MEDIUM
4210,462,O,9530.97,1996-09-10,1-URGENT
4211,818,P,87116.85,1998-02-14,5-LOW
4212,502,O,21746.5,1997-11-13,5-LOW
4213,296,F,63105.12,1996-06-14,1-URGENT
4214,344,F,17128.85,1992-09-12,3-MEDIUM
4215,407,P,82025.48,1992-11-10,4-NOT SPECIFIED
4216,41,F,70350.39,1994-10-09,1-URGENT
4217,750,O,37326.43,1992-05-12,3-MEDIUM
4218,96,P,25956.85,1995-04-01,3-MEDIUM
4219,29,O,83257.13,1995-09-07,4-NOT SPECIFIED
4220,190,P,23731.07,1994-11-17,1-URGENT
4221,462,O,56683.43,1993-03-21,4-NOT SPECIFIED
4222,124,P,66761.84,1997-07-21,2-HIGH
4223,124,P,95192.61,1998-09-08,2-HIGH
4224,431,F,33873.17,1995-01-28,5-LOW
4225,239,O,25554.35,1995-11-19,4-NOT SPECIFIED
4226,283,O,40168.29,1997-02-23,3-MEDIUM
4227,339,F,2348.33,1994-11-18,5-LOW
4228,3,O,52103.05,1992-04-19,3-MEDIUM
4229,970,O,26069.55,1993-09-27,5-LOW
4230,477,O,71842.32,1995-05-19,2-HIGH
4231,154,P,57308.16,1996-09-09,5-LOW
4232,800,F,86756.53,1998-02-11,3-MEDIUM
4233,191,F,64021.82,1995-07-07,5-LOW
4234,420,P,36628.47,1998-11-11,2-HIGH
4235,434,P,25255.19,1992-05-27,4-NOT SPECIFIED
4236,928,O,95502.91,1997-06-26,1-URGENT
4237,439,O,96187.48,1996-07-04,2-HIGH
4238,69,P,11870.65,1992-02-19,3-MEDIUM
4239,574,P,43114.51,1998-02-21,3-MEDIUM
4240,287,O,28034.73,1993-01-17,1-URGENT
4241,304,F,77214.03,1994-02-20,1-URGENT
4242,176,F,10613.0,1992-01-28,2-HIGH
4243,294,P,96992.85,1995-11-10,2-HIGH
4244,579,P,95086.19,1995-02-13,1-URGENT
4245,199,F,55506.48,1996-11-07,2-HIGH
4246,640,O,24902.16,1998-01-04,2-HIGH
4247,628,O,80539.75,1995-09-14,2-HIGH
4248,802,P,15700.35,1996-01-01,4-NOT SPECIFIED
4249,864,O,64739.61,1993-01-23,1-URGENT
4250,15,F,9455.94,1993-05-18,5-LOW
4251,461,F,82026.18,1993-03-07,2-HIGH
4252,280,O,53959.47,1994-04-17,1-URGENT
4253,190,P,68453.41,1995-09-25,4-NOT SPECIFIED
4254,517,P,24685.7,1998-10-15,3-MEDIUM
4255,570,F,69468.34,1996-07-18,4-NOT SPECIFIED
4256,686,O,75131.42,1994-06-18,4-NOT SPECIFIED
4257,893,O,65804.2,1996-12-07,2-HIGH
4258,229,F,6283.9,1998-02-12,3-MEDIUM
4259,794,F,2020.51,1998-04-08,5-LOW
4260,399,F,34709.65,1993-01-16,4-NOT SPECIFIED
4261,589,O,25953.49,1993-05-04,1-URGENT
4262,93,P,27363.39,1992-03-23,3-MEDIUM
4263,180,P,68199.6,1994-09-24,2-HIGH
4264,201,F,9665.17,1993-01-17,4-NOT SPECIFIED
4265,960,F,42370.94,1992-07-04,2-HIGH
4266,167,P,56796.53,1992-07-14,1-URGENT
4267,273,O,59239.62,1998-10-27,2-HIGH
4268,824,O,98042.42,1993-06-03,2-HIGH
4269,119,P,79013.52,1998-01-05,5-LOW
4270,201,F,47003.99,1994-07-02,3-MEDIUM
4271,590,P,93984.79,1993-08-12,2-HIGH
4272,20,P,68446.51,1996-08-14,2-HIGH
4273,540,F,91011.11,1992-12-08,4-NOT SPECIFIED
4274,785,P,29461.34,1994-04-18,3-MEDIUM
4275,827,P,96940.92,1992-06-04,4-NOT SPECIFIED
4276,721,O,40128.25,1998-03-10,5-LOW
4277,530,P,67127.15,1994-11-10,4-NOT SPECIFIED
4278,818,F,38057.7,1994-06-01,5-LOW
4279,144,O,32897.33,1994-12-14,4-NOT SPECIFIED
4280,47,O,9077.26,1997-05-02,5-LOW
4281,235,P,41060.28,1992-12-06,4-NOT SPECIFIED
4282,677,O,76728.65,1996-02-02,5-LOW
4283,73,O,81180.28,1995-04-12,2-HIGH
4284,158,O,6402.2,1998-10-25,1-URGENT
4285,871,O,55130.0,1995-04-03,5-LOW
4286,230,F,88749.47,1994-07-07,5-LOW
4287,301,O,48066.83,1993-01-11,3-MEDIUM
4288,247,P,70375.79,1998-12-11,3-MEDIUM
4289,721,O,96874.16,1996-03-22,2-HIGH
4290,574,P,81392.24,1995-04-01,3-MEDIUM
4291,897,P,51563.81,1997-04-09,2-HIGH
4292,951,O,85390.35,1992-04-06,1-URGENT
4293,849,O,76198.94,1995-10-16,1-URGENT
4294,242,O,90001.83,1998-11-04,4-NOT SPECIFIED
4295,498,P,16504.82,1992-09-19,4-NOT SPECIFIED
4296,896,F,18883.4,1998-07-01,4-NOT SPECIFIED
4297,132,F,74246.59,1997-09-14,5-LOW
4298,348,F,19053.77,1995-09-09,3-MEDIUM
4299,686,P,79537.53,1994-04-25,1-URGENT
4300,414,O,84512.53,1995-11-15,1-URGENT
4301,393,O,12693.8,1994-04-10,1-URGENT
4302,1000,P,76877.33,1997-06-01,2-HIGH
4303,737,F,16852.84,1995-05-21,3-MEDIUM
4304,861,P,61569.18,1994-07-06,5-LOW
4305,347,F,50554.14,1997-01-26,5-LOW
4306,811,O,58355.29,1994-02-08,5-LOW
4307,443,O,71694.89,1996-01-28,4-NOT SPECIFIED
4308,415,O,52132.48,1994-02-12,2-HIGH
4309,39,P,8731.62,1994-08-21,5-LOW
4310,43,P,13523.83,1998-02-18,5-LOW
4311,911,F,28645.89,1996-09-14,2-HIGH
4312,601,F,45110.37,1993-03-07,1-URGENT
4313,207,P,73416.96,1992-04-09,2-HIGH
4314,531,F,92665.75,1992-03-12,4-NOT SPECIFIED
4315,627,F,93239.14,1994-03-24,1-URGENT
4316,950,F,7597.01,1998-12-09,2-HIGH
4317,242,P,75526.16,1998-01-09,2-HIGH
4318,929,O,32130.77,1997-07-04,3-MEDIUM
4319,921,O,69870.32,1995-07-06,4-NOT SPECIFIED
4320,82,P,96072.22,1996-07-25,5-LOW
4321,558,O,71502.4,1993-07-04,2-HIGH
4322,606,O,42129.92,1993-03-12,1-URGENT
4323,329,F,37783.11,1995-11-04,5-LOW
4324,290,O,23705.97,1992-07-04,3-MEDIUM
4325,42,F,93463.2,1992-01-11,1-URGENT
4326,724,P,69832.69,1995-10-24,4-NOT SPECIFIED
4327,171,P,92516.67,1996-11-01,4-NOT SPECIFIED
4328,548,O,80975.74,1992-10-09,2-HIGH
4329,696,P,11113.4,1995-09-12,1-URGENT
4330,735,O,78930.41,1994-02-13,5-LOW
4331,564,O,87717.17,1997-01-19,4-NOT SPECIFIED
4332,718,P,79097.1,1997-06-20,5-LOW
4333,211,O,11547.54,1992-10-15,1-URGENT
4334,538,O,78363.83,1993-10-24,3-MEDIUM
4335,598,P,6437.56,1996-08-25,5-LOW
4336,552,P,14058.7,1995-03-24,1-URGENT
4337,970,F,88999.79,1993-09-02,2-HIGH
4338,279,P,9483.78,1998-05-20,5-LOW
4339,331,P,30700.23,1997-04-21,2-HIGH
4340,798,P,41287.59,1992-02-03,3-MEDIUM
4341,682,F,69884.73,1996-06-12,1-URGENT
4342,983,O,26715.74,1996-08-19,1-URGENT
4343,528,O,39197.8,1997-12-22,1-URGENT
4344,505,F,18419.22,1994-12-03,5-LOW
4345,893,F,70455.41,1998-04-27,1-URGENT
4346,301,P,4298.31,1997-03-12,2-HIGH
4347,406,P,45249.15,1992-04-05,3-MEDIUM
4348,577,P,2154.28,1995-05-20,1-URGENT
4349,126,F,36305.91,1993-11-25,5-LOW
4350,729,P,49867.29,1994-08-24,2-HIGH
4351,263,F,45108.01,1993-08-08,5-LOW
4352,345,O,27120.24,1998-04-14,3-MEDIUM
4353,631,P,83435.66,1998-01-21,4-NOT SPECIFIED
4354,164,F,17588.59,1993-01-11,4-NOT SPECIFIED
4355,991,F,6812.45,1994-08-13,3-MEDIUM
4356,806,F,2511.74,1994-05-05,5-LOW
4357,509,O,28947.01,1992-12-24,5-LOW
4358,777,P,89591.01,1995-01-16,1-URGENT
4359,976,O,1906.2,1992-04-23,4-NOT SPECIFIED
4360,460,O,11863.68,1993-02-03,2-HIGH
4361,841,P,70316.6,1997-05-15,5-LOW
4362,126,P,71716.08,1998-01-16,4-NOT SPECIFIED
4363,100,P,60170.49,1996-04-15,1-URGENT
4364,558,O,88117.53,1993-09-11,3-MEDIUM
4365,84,P,76193.09,1992-12-02,3-MEDIUM
4366,403,F,75196.23,1998-10-25,2-HIGH
4367,882,F,13493.64,1994-08-27,1-URGENT
4368,185,F,41125.6,1998-06-02,1-URGENT
4369,647,O,76788.3,1998-09-10,1-URGENT
4370,474,O,66399.21,1993-07-16,1-URGENT
4371,271,F,72471.58,1995-09-01,5-LOW
4372,253,O,40671.1,1995-09-10,3-MEDIUM
4373,638,P,29978.79,1994-08-28,4-NOT SPECIFIED
4374,838,F,17806.04,1994-04-27,4-NOT SPECIFIED
4375,993,P,77404.59,1998-08-14,2-HIGH
4376,894,P,45600.37,1997-11-07,2-HIGH
4377,209,P,79544.41,1994-12-06,1-URGENT
4378,730,P,6098.56,1996-11-14,4-NOT SPECIFIED
4379,817,F,81802.04,1996-04-03,3-MEDIUM
4380,184,P,29124.13,1992-07-06,2-HIGH
4381,328,F,38843.08,1993-09-12,4-NOT SPECIFIED
4382,278,P,50509.73,1996-05-28,1-URGENT
4383,278,F,41933.36,1994-10-07,1-URGENT
4384,826,F,12814.11,1997-04-18,1-URGENT
4385,200,P,19466.59,1993-10-28,4-NOT SPECIFIED
4386,915,O,52623.51,1996-05-24,2-HIGH
4387,643,O,86541.77,1998-09-19,2-HIGH
4388,934,P,32045.83,1996-03-15,5-LOW
4389,336,F,22272.49,1993-08-16,4-NOT SPECIFIED
4390,864,P,98951.09,1992-04-10,3-MEDIUM
4391,751,O,91193.37,1997-07-04,1-URGENT
4392,449,P,53580.51,1998-06-18,5-LOW
4393,803,P,16301.87,1998-07-22,3-MEDIUM
4394,292,F,89008.55,1992-11-21,3-MEDIUM
4395,7,P,89404.52,1992-10-18,3-MEDIUM
4396,432,F,32010.91,1994-08-27,3-MEDIUM
4397,604,F,42505.75,1994-05-25,1-URGENT
4398,169,F,82490.59,1995-11-22,2-HIGH
4399,248,O,43930.88,1992-06-04,2-HIGH
4400,949,P,68585.99,1992-01-06,4-NOT SPECIFIED
4401,772,F,86946.6,1992-12-27,3-MEDIUM
4402,931,F,2899.75,1995-08-16,1-URGENT
4403,37,O,35927.5,1994-06-05,4-NOT SPECIFIED
4404,714,P,20657.82,1993-02-18,2-HIGH
4405,11,P,58765.69,1993-09-22,5-LOW
4406,830,F,96466.77,1993-07-08,4-NOT SPECIFIED
4407,798,P,14734.17,1992-06-16,5-LOW
4408,916,P,11022.26,1992-06-02,3-MEDIUM
4409,271,O,63615.02,1996-05-23,2-HIGH
4410,614,O,11156.67,1992-11-14,3-MEDIUM
4411,791,O,42805.58,1994-08-06,3-MEDIUM
4412,532,O,61195.32,1998-02-16,1-URGENT
4413,922,P,50224.6,1992-05-02,5-LOW
4414,574,P,62097.33,1994-11-23,1-URGENT
4415,320,O,54671.67,1992-02-03,1-URGENT
4416,819,O,13969.47,1992-03-05,3-MEDIUM
4417,814,P,70152.58,1993-04-15,4-NOT SPECIFIED
4418,563,P,46850.49,1998-07-11,2-HIGH
4419,657,F,57999.11,1995-08-05,1-URGENT
4420,453,O,33741.59,1997-09-09,2-HIGH
4421,883,O,8839.07,1993-11-03,2-HIGH
4422,139,O,50674.58,1995-06-04,4-NOT SPECIFIED
4423,397,P,79032.97,1998-08-10,2-HIGH
4424,468,F,85048.15,1993-02-17,5-LOW
4425,924,O,58404.88,1998-08-27,4-NOT SPECIFIED
4426,829,F,58376.69,1994-04-02,5-LOW
4427,807,P,45686.22,1995-11-07,4-NOT SPECIFIED
4428,713,P,8262.15,1998-07-11,1-URGENT
4429,236,F,61607.59,1995-03-07,1-URGENT
4430,484,O,1419.63,1993-07-11,3-MEDIUM
4431,335,F,61352.67,1998-07-24,3-MEDIUM
4432,406,O,59516.3,1998-04-13,5-LOW
4433,544,P,58495.08,1995-05-15,2-HIGH
4434,894,F,22008.42,1998-12-10,4-NOT SPECIFIED
4435,259,F,54393.63,1994-10-13,3-MEDIUM
4436,458,F,94036.02,1997-04-09,3-MEDIUM
4437,240,F,98001.49,1994-11-07,2-HIGH
4438,17,O,19142.88,1994-11-09,4-NOT SPECIFIED
4439,837,O,74228.0,1993-08-11,3-MEDIUM
4440,79,O,67137.82,1995-12-11,3-MEDIUM
4441,679,P,30721.59,1995-01-26,5-LOW
4442,996,P,54456.17,1997-05-18,5-LOW
4443,798,O,37887.09,1995-01-10,2-HIGH
4444,850,O,24348.75,1992-12-19,5-LOW
4445,345,O,12484.2,1995-01-22,1-URGENT
4446,536,P,38696.88,1996-04-03,4-NOT SPECIFIED
4447,569,F,98816.85,1996-05-14,4-NOT SPECIFIED
4448,248,O,98222.89,1996-10-21,5-LOW
4449,282,P,22612.36,1993-11-18,2-HIGH
4450,193,P,20329.41,1996-04-22,1-URGENT
4451,506,F,53480.32,1997-10-13,5-LOW
4452,775,P,10646.43,1998-09-19,3-MEDIUM
4453,241,O,14976.52,1994-12-20,1-URGENT
4454,528,P,80732.87,1994-11-14,3-MEDIUM
4455,943,O,57345.8,1992-04-04,5-LOW
4456,847,F,40275.83,1992-11-06,3-MEDIUM
4457,138,O,54160.65,1992-12-24,1-URGENT
4458,729,P,64697.08,1998-07-28,2-HIGH
4459,662,O,86062.11,1994-10-12,5-LOW
4460,823,O,14231.17,1995-02-18,1-URGENT
4461,658,P,3358.68,1996-08-11,3-MEDIUM
4462,572,F,91489.82,1995-01-21,5-LOW
4463,769,F,18882.98,1993-12-19,4-NOT SPECIFIED
4464,444,P,40132.86,1994-09-19,4-NOT SPECIFIED
4465,290,P,76140.47,1996-02-25,3-MEDIUM
4466,791,P,35624.73,1992-01-03,5-LOW
4467,529,P,36093.05,1992-01-22,4-NOT SPECIFIED
4468,954,P,8872.87,1992-01-03,5-LOW
4469,797,P,92345.65,1993-05-06,4-NOT SPECIFIED
4470,440,F,18588.13,1994-03-24,2-HIGH
4471,381,P,90857.93,1992-11-07,4-NOT SPECIFIED
4472,247,P,17396.01,1995-12-22,2-HIGH
4473,205,O,44542.72,1994-01-04,2-HIGH
4474,16,O,77350.53,1997-08-24,5-LOW
4475,431,O,21701.2,1997-09-14,1-URGENT
4476,555,O,8352.54,1995-08-07,3-MEDIUM
4477,208,O,91865.49,1998-10-19,1-URGENT
4478,116,P,79446.96,1994-09-25,2-HIGH
4479,204,O,57275.61,1995-04-05,1-URGENT
4480,422,O,67132.34,1997-11-11,1-URGENT
4481,665,P,16608.65,1994-07-24,4-NOT SPECIFIED
4482,834,P,42136.53,1993-04-20,1-URGENT
4483,791,F,29164.36,1996-06-07,5-LOW
4484,800,P,92490.8,1996-06-14,4-NOT SPECIFIED
4485,987,O,26094.67,1993-09-13,2-HIGH
4486,804,P,92010.62,1992-01-05,3-MEDIUM
4487,662,P,79426.36,1997-03-16,4-NOT SPECIFIED
4488,280,F,71746.85,1995-12-18,4-NOT SPECIFIED
4489,144,P,63682.46,1994-10-25,3-MEDIUM
4490,337,P,23975.85,1997-12-28,2-HIGH
4491,35,O,3287.46,1995-11-14,5-LOW
4492,821,O,4368.43,1998-06-21,4-NOT SPECIFIED
4493,934,F,40105.86,1995-06-15,5-LOW
4494,45,O,52125.91,1996-06-17,4-NOT SPECIFIED
4495,13,O,48780.47,1996-07-20,5-LOW
4496,298,O,6841.22,1995-02-12,4-NOT SPECIFIED
4497,3,O,44567.33,1996-03-14,5-LOW
4498,114,O,86837.27,1994-10-11,4-NOT SPECIFIED
4499,763,F,32478.95,1997-08-26,5-LOW
4500,630,P,61329.7,1997-01-14,4-NOT SPECIFIED
4501,150,O,17986.61,1995-03-16,3-MEDIUM
4502,410,P,59969.62,1993-04-01,3-MEDIUM
4503,932,O,75606.84,1995-04-21,5-LOW
4504,130,O,20016.24,1993-02-21,4-NOT SPECIFIED
4505,927,F,4234.77,1998-09-28,3-MEDIUM
4506,557,P,71611.6,1992-12-27,5-LOW
4507,758,P,70952.68,1994-06-27,3-MEDIUM
4508,176,P,96518.57,1993-12-08,3-MEDIUM
4509,746,O,75459.72,1997-01-09,5-LOW
4510,116,O,10377.77,1995-01-19,2-HIGH
4511,739,P,17891.37,1997-12-25,3-MEDIUM
4512,337,O,1292.0,1997-02-03,4-NOT SPECIFIED
4513,944,P,71959.48,1992-11-20,1-URGENT
4514,436,O,31949.28,1994-08-09,3-MEDIUM
4515,91,O,9555.82,1996-09-20,2-HIGH
4516,646,F,78290.33,1995-05-18,2-HIGH
4517,108,F,47995.8,1996-03-11,3-MEDIUM
4518,685,F,1677.12,1993-09-10,3-MEDIUM
4519,22,P,38794.07,1995-01-28,1-URGENT
4520,92,O,68394.95,1996-09-21,1-URGENT
4521,939,P,90181.03,1996-05-13,3-MEDIUM
4522,81,O,2005.28,1997-12-06,2-HIGH
4523,660,P,30174.88,1994-07-03,1-URGENT
4524,239,P,30748.98,1998-05-01,3-MEDIUM
4525,256,O,62793.94,1993-02-05,5-LOW
4526,741,P,94066.87,1994-04-01,4-NOT SPECIFIED
4527,438,F,72903.94,1998-12-25,3-MEDIUM
4528,791,F,15960.47,1998-04-22,2-HIGH
4529,303,F,69326.95,1996-02-04,2-HIGH
4530,866,O,54904.61,1998-06-23,3-MEDIUM
4531,352,P,31921.54,1993-01-21,2-HIGH
4532,142,O,41527.72,1995-06-04,5-LOW
4533,473,O,24946.0,1994-05-26,2-HIGH
4534,183,O,34452.15,1998-07-03,2-HIGH
4535,845,O,59968.59,1996-03-19,1-URGENT
4536,427,F,28723.21,1996-08-09,5-LOW
4537,144,F,38287.55,1995-09-16,1-URGENT
4538,286,O,91238.25,1998-07-24,1-URGENT
4539,362,F,60500.35,1996-06-06,3-MEDIUM
4540,217,O,1727.33,1992-01-05,4-NOT SPECIFIED
4541,51,P,21222.32,1993-10-09,4-NOT SPECIFIED
4542,672,O,20737.81,1994-10-24,1-URGENT
4543,551,F,63886.69,1993-02-17,5-LOW
4544,826,P,10393.4,1993-10-10,4-NOT SPECIFIED
4545,393,P,64613.6,1992-04-10,4-NOT SPECIFIED
4546,626,O,62498.11,1992-11-27,2-HIGH
4547,553,F,34368.55,1996-08-20,3-MEDIUM
4548,684,F,4310.62,1996-10-04,1-URGENT
4549,517,P,10839.04,1996-05-14,4-NOT SPECIFIED
4550,461,O,98832.18,1993-07-07,4-NOT SPECIFIED
4551,75,P,96290.86,1995-02-12,2-HIGH
4552,753,O,73118.47,1992-11-13,1-URGENT
4553,623,O,54960.33,1997-09-26,4-NOT SPECIFIED
4554,720,F,9108.21,1996-05-06,3-MEDIUM
4555,145,O,85176.32,1995-02-06,5-LOW
4556,262,O,34910.57,1995-11-26,4-NOT SPECIFIED
4557,187,P,16960.74,1998-03-03,2-HIGH
4558,754,P,53689.61,1995-12-11,5-LOW
4559,926,O,58793.97,1995-04-12,1-URGENT
4560,221,F,59572.93,1992-10-19,3-MEDIUM
4561,98,F,77070.68,1992-06-09,2-HIGH
4562,522,F,86910.33,1998-05-16,4-NOT SPECIFIED
4563,197,P,84054.58,1995-09-23,3-MEDIUM
4564,380,O,36883.5,1994-05-18,2-HIGH
4565,289,F,95240.07,1995-12-15,2-HIGH
4566,863,F,77177.92,1998-04-05,1-URGENT
4567,688,F,63459.45,1997-05-27,3-MEDIUM
4568,241,P,22095.98,1992-01-11,3-MEDIUM
4569,423,O,91143.7,1998-03-26,3-MEDIUM
4570,590,F,36321.83,1992-06-17,3-MEDIUM
4571,620,P,94171.98,1996-04-09,5-LOW
4572,416,P,43690.32,1992-08-20,5-LOW
4573,428,F,49579.67,1997-03-06,4-NOT SPECIFIED
4574,110,F,44579.76,1992-04-18,3-MEDIUM
4575,862,F,73220.49,1992-11-20,5-LOW
4576,114,O,63649.55,1995-07-08,4-NOT SPECIFIED
4577,653,F,2966.73,1994-06-13,2-HIGH
4578,512,O,46907.64,1994-11-08,3-MEDIUM
4579,420,F,66611.62,1994-06-21,4-NOT SPECIFIED
4580,709,P,70257.71,1994-12-10,2-HIGH
4581,111,F,54611.04,1997-07-07,2-HIGH
4582,619,P,55191.87,1996-01-13,3-MEDIUM
4583,843,O,22564.0,1997-02-04,1-URGENT
4584,80,F,36917.32,1998-02-02,1-URGENT
4585,588,F,35510.34,1993-09-25,3-MEDIUM
4586,967,F,32185.65,1993-05-03,3-MEDIUM
4587,605,F,62199.8,1992-09-18,3-MEDIUM
4588,564,O,3843.8,1992-10-14,3-MEDIUM
4589,858,P,71561.44,1997-12-12,2-HIGH
4590,507,O,44841.54,1997-12-11,2-HIGH
4591,16,P,47489.88,1992-02-25,5-LOW
4592,487,O,59854.05,1995-06-08,4-NOT SPECIFIED
4593,118,P,31020.9,1995-04-23,4-NOT SPECIFIED
4594,988,P,69149.25,1997-11-24,1-URGENT
4595,120,P,78108.67,1998-12-09,4-NOT SPECIFIED
4596,222,O,93059.09,1993-03-16,3-MEDIUM
4597,46,F,55684.02,1995-08-07,4-NOT SPECIFIED
4598,658,O,80229.86,1996-04-23,1-URGENT
4599,106,O,31222.92,1997-12-28,4-NOT SPECIFIED
4600,938,O,24827.59,1992-10-17,2-HIGH
4601,210,P,91804.32,1995-12-07,3-MEDIUM
4602,938,F,81040.67,1998-06-21,2-HIGH
4603,226,F,78366.16,1994-01-05,3-MEDIUM
4604,387,F,30427.55,1998-04-03,5-LOW
4605,225,F,96267.16,1993-04-09,4-NOT SPECIFIED
4606,857,F,91392.57,1994-06-11,2-HIGH
4607,955,F,81750.68,1993-05-17,3-MEDIUM
4608,49,O,28092.14,1992-03-22,1-URGENT
4609,589,O,83274.29,1998-02-17,4-NOT SPECIFIED
4610,335,O,57256.57,1994-08-17,5-LOW
4611,963,F,73344.76,1995-09-09,3-MEDIUM
4612,988,O,14810.4,1995-09-09,5-LOW
4613,575,P,95786.0,1995-03-07,3-MEDIUM
4614,65,O,40948.7,1992-08-24,2-HIGH
4615,713,F,39176.24,1993-05-12,3-MEDIUM
4616,117,F,3556.14,1995-05-12,2-HIGH
4617,488,O,67976.69,1996-11-08,3-MEDIUM
4618,892,O,87875.19,1998-07-02,1-URGENT
4619,472,P,10545.47,1998-05-01,5-LOW
4620,97,O,10246.45,1992-04-28,2-HIGH
4621,504,F,55866.29,1998-02-28,1-URGENT
4622,831,F,87806.03,1997-12-19,2-HIGH
4623,554,F,43517.57,1997-04-10,2-HIGH
4624,567,O,34478.29,1995-11-21,5-LOW
4625,139,P,80510.79,1995-07-25,2-HIGH
4626,334,O,57634.67,1997-05-28,2-HIGH
4627,821,O,22096.96,1994-06-10,5-LOW
4628,47,P,78561.93,1992-01-10,3-MEDIUM
4629,66,F,14599.42,1992-01-28,5-LOW
4630,495,P,6843.25,1997-09-20,5-LOW
4631,675,P,36467.87,1996-02-17,5-LOW
4632,442,P,79512.39,1994-05-02,5-LOW
4633,312,P,98719.12,1996-10-23,1-URGENT
4634,703,P,80512.52,1997-04-21,4-NOT SPECIFIED
4635,55,F,57901.75,1995-12-20,5-LOW
4636,548,F,17355.87,1993-09-28,5-LOW
4637,485,F,62622.17,1995-11-26,2-HIGH
4638,750,F,7446.17,1993-04-23,4-NOT SPECIFIED
4639,974,P,25835.23,1995-02-27,4-NOT SPECIFIED
4640,742,O,27608.22,1992-06-17,2-HIGH
4641,286,P,63729.02,1998-06-26,4-NOT SPECIFIED
4642,34,F,62528.7,1993-09-12,2-HIGH
4643,300,P,29286.34,1995-03-06,1-URGENT
4644,762,P,83737.29,1995-07-27,1-URGENT
4645,727,F,53160.97,1994-06-10,5-LOW
4646,487,F,29498.54,1993-08-21,5-LOW
4647,271,O,95238.99,1997-03-07,2-HIGH
4648,625,P,32731.95,1997-10-14,4-NOT SPECIFIED
4649,867,F,86922.87,1993-01-24,3-MEDIUM
4650,679,F,51005.25,1992-07-05,2-HIGH
4651,381,P,81576.93,1997-07-14,4-NOT SPECIFIED
4652,791,O,69770.21,1996-07-18,5-LOW
4653,516,O,27435.83,1996-12-07,4-NOT SPECIFIED
4654,37,P,49731.03,1996-09-02,1-URGENT
4655,670,F,75529.05,1995-07-09,3-MEDIUM
4656,267,F,84530.04,1994-04-27,4-NOT SPECIFIED
4657,505,P,90661.13,1997-05-20,1-URGENT
4658,969,P,87706.85,1995-08-21,2-HIGH
4659,783,P,73571.75,1996-02-28,4-NOT SPECIFIED
4660,422,O,25040.46,1995-10-11,2-HIGH
4661,984,O,75246.98,1997-09-25,4-NOT SPECIFIED
4662,938,P,20613.39,1997-08-09,2-HIGH
4663,741,O,99229.67,1993-06-10,2-HIGH
4664,830,O,26196.46,1992-06-27,4-NOT SPECIFIED
4665,592,P,82133.27,1996-02-15,2-HIGH
4666,75,P,69296.91,1993-03-09,5-LOW
4667,936,F,72147.55,1996-06-10,4-NOT SPECIFIED
4668,585,O,75827.11,1996-04-08,1-URGENT
4669,400,P,9815.11,1996-03-08,2-HIGH
4670,915,P,2992.86,1995-04-09,4-NOT SPECIFIED
4671,736,F,66984.71,1996-02-25,5-LOW
4672,642,P,40656.67,1992-10-21,4-NOT SPECIFIED
4673,944,O,67529.4,1992-05-03,5-LOW
4674,705,O,20409.7,1995-12-16,3-MEDIUM
4675,994,O,10678.76,1997-07-09,2-HIGH
4676,614,F,12128.26,1998-01-04,4-NOT SPECIFIED
4677,177,F,96776.15,1997-02-13,1-URGENT
4678,60,O,91153.16,1994-02-13,1-URGENT
4679,803,P,57091.86,1996-05-27,1-URGENT
4680,952,O,40417.42,1995-02-11,2-HIGH
4681,839,O,5150.04,1993-03-04,5-LOW
4682,670,F,28372.93,1998-06-12,4-NOT SPECIFIED
4683,876,P,82553.68,1997-01-12,4-NOT SPECIFIED
4684,251,F,74100.6,1995-10-07,3-MEDIUM
4685,434,O,46868.21,1998-06-04,1-URGENT
4686,37,F,23332.49,1996-08-01,2-HIGH
4687,286,F,44025.56,1992-02-02,4-NOT SPECIFIED
4688,218,P,15690.9,1998-03-13,1-URGENT
4689,496,P,64812.95,1994-10-18,2-HIGH
4690,281,F,81012.61,1995-07-06,3-MEDIUM
4691,703,O,75538.12,1992-06-09,4-NOT SPECIFIED
4692,958,O,76226.67,1996-10-01,2-HIGH
4693,143,P,1689.98,1993-05-06,1-URGENT
4694,967,P,38290.22,1995-03-25,4-NOT SPECIFIED
4695,129,O,41083.84,1997-01-20,2-HIGH
4696,145,F,47022.04,1997-12-28,2-HIGH
4697,137,F,25759.43,1994-11-21,3-MEDIUM
4698,50,P,5218.71,1992-08-18,4-NOT SPECIFIED
4699,12,F,82566.02,1998-01-02,3-MEDIUM
4700,168,O,74262.51,1996-12-12,4-NOT SPECIFIED
4701,128,F,39676.48,1994-06-09,3-MEDIUM
4702,7,P,34967.29,1995-12-03,3-MEDIUM
4703,994,P,54072.75,1995-02-02,3-MEDIUM
4704,320,P,45887.12,1997-01-14,3-MEDIUM
4705,171,P,19026.66,1995-07-27,4-NOT SPECIFIED
4706,10,O,14342.31,1995-02-18,2-HIGH
4707,418,O,92586.87,1995-03-21,1-URGENT
4708,122,P,10847.75,1995-02-08,5-LOW
4709,939,O,43821.72,1996-01-01,2-HIGH
4710,69,F,56792.81,1994-08-10,3-MEDIUM
4711,33,F,42220.75,1998-02-12,5-LOW
4712,910,F,27209.5,1993-01-13,1-URGENT
4713,105,P,26955.18,1993-12-08,5-LOW
4714,536,F,5621.13,1997-08-11,2-HIGH
4715,257,F,33203.96,1993-03-27,1-URGENT
4716,299,O,75241.57,1992-03-19,1-URGENT
4717,482,O,12328.94,1998-12-06,5-LOW
4718,603,F,4000.13,1996-03-10,1-URGENT
4719,114,O,77947.01,1996-06-15,4-NOT SPECIFIED
4720,252,F,82622.44,1995-04-01,4-NOT SPECIFIED
4721,907,F,60969.44,1996-08-28,2-HIGH
4722,48,O,52072.39,1994-04-28,2-HIGH
4723,58,F,94391.56,1996-03-27,1-URGENT
4724,146,P,30998.57,1995-02-28,1-URGENT
4725,358,O,68711.66,1994-11-11,1-URGENT
4726,176,O,68942.36,1994-07-08,4-NOT SPECIFIED
4727,965,F,35178.99,1993-04-01,3-MEDIUM
4728,314,O,72689.98,1994-07-22,5-LOW
4729,448,P,4711.5,1998-05-13,1-URGENT
4730,193,F,75374.57,1994-08-13,5-LOW
4731,537,P,99462.25,1998-08-21,5-LOW
4732,277,P,37025.55,1997-02-15,2-HIGH
4733,96,P,30569.63,1998-01-19,5-LOW
4734,638,P,48728.08,1993-11-07,3-MEDIUM
4735,849,P,81152.14,1998-09-18,4-NOT SPECIFIED
4736,826,O,90548.4,1992-10-15,4-NOT SPECIFIED
4737,698,O,98976.74,1997-05-23,4-NOT SPECIFIED
4738,945,O,1278.34,1993-07-18,5-LOW
4739,1,F,57162.04,1992-06-25,1-URGENT
4740,634,O,41288.39,1995-12-18,4-NOT SPECIFIED
4741,746,P,7404.38,1998-01-21,2-HIGH
4742,878,F,1832.66,1992-12-17,3-MEDIUM
4743,420,O,67066.28,1997-08-03,4-NOT SPECIFIED
4744,460,P,44220.4,1993-01-11,3-MEDIUM
4745,945,O,64824.17,1993-01-04,2-HIGH
4746,660,P,57119.79,1993-02-08,2-HIGH
4747,605,O,48229.2,1992-02-20,5-LOW
4748,61,P,41778.77,1996-09-05,4-NOT SPECIFIED
4749,685,F,56347.84,1995-06-02,4-NOT SPECIFIED
4750,261,P,39726.39,1992-01-01,5-LOW
4751,111,F,46337.83,1993-08-14,2-HIGH
4752,421,P,67867.32,1996-01-04,1-URGENT
4753,454,O,17341.83,1995-05-06,1-URGENT
4754,478,P,53590.6,1998-09-01,3-MEDIUM
4755,846,O,42164.1,1993-04-15,4-NOT SPECIFIED
4756,891,P,65864.22,1997-03-20,5-LOW
4757,869,F,66384.19,1996-10-18,3-MEDIUM
4758,229,F,57923.32,1997-01-04,5-LOW
4759,396,F,38164.41,1997-07-06,4-NOT SPECIFIED
4760,182,O,73763.62,1992-08-18,5-LOW
4761,381,F,80897.87,1996-12-12,2-HIGH
4762,908,O,22857.12,1996-05-06,4-NOT SPECIFIED
4763,758,O,7123.04,1997-09-04,1-URGENT
4764,39,O,15032.17,1994-09-26,4-NOT SPECIFIED
4765,798,F,92714.94,1993-02-12,2-HIGH
4766,805,F,24629.99,1993-01-06,3-MEDIUM
4767,877,O,28789.04,1997-05-04,3-MEDIUM
4768,848,O,54539.38,1997-03-12,2-HIGH
4769,820,F,77355.99,1998-04-27,5-LOW
4770,563,O,15608.58,1992-04-16,3-MEDIUM
4771,73,P,72748.28,1998-06-15,4-NOT SPECIFIED
4772,195,O,34126.43,1993-07-05,5-LOW
4773,243,O,72970.77,1996-11-27,2-HIGH
4774,421,F,51572.69,1992-05-14,3-MEDIUM
4775,748,O,24255.77,1996-04-10,1-URGENT
4776,631,F,46038.43,1993-03-16,3-MEDIUM
4777,889,F,38350.07,1996-06-08,4-NOT SPECIFIED
4778,186,P,80340.22,1998-07-26,3-MEDIUM
4779,59,O,63802.3,1996-02-15,1-URGENT
4780,818,O,90093.48,1997-11-07,4-NOT SPECIFIED
4781,441,F,62245.02,1993-01-22,2-HIGH
4782,850,P,62701.3,1993-06-18,5-LOW
4783,431,P,91957.03,1997-09-23,4-NOT SPECIFIED
4784,273,P,50088.77,1994-10-01,2-HIGH
4785,175,O,77939.23,1993-12-11,1-URGENT
4786,457,F,70183.68,1997-11-19,2-HIGH
4787,153,P,79645.2,1996-03-21,3-MEDIUM
4788,241,P,10026.72,1994-12-02,5-LOW
4789,334,P,52598.29,1996-02-24,5-LOW
4790,856,O,30699.71,1993-10-02,4-NOT SPECIFIED
4791,588,F,36833.94,1998-09-24,3-MEDIUM
4792,561,O,34813.18,1994-12-04,4-NOT SPECIFIED
4793,94,F,39042.12,1996-10-10,1-URGENT
4794,653,F,13071.05,1994-10-18,2-HIGH
4795,139,P,56749.63,1993-02-21,5-LOW
4796,10,F,81156.86,1997-05-13,2-HIGH
4797,536,O,47832.92,1997-02-24,2-HIGH
4798,371,F,61737.44,1996-07-23,5-LOW
4799,28,O,27227.68,1994-11-12,2-HIGH
4800,502,P,85439.88,1992-04-13,2-HIGH
4801,707,P,44456.11,1994-04-05,5-LOW
4802,29,F,39669.41,1998-09-10,5-LOW
4803,117,F,18556.52,1998-11-14,2-HIGH
4804,87,O,9390.96,1997-10-28,2-HIGH
4805,302,O,95471.39,1992-12-01,1-URGENT
4806,819,O,24497.49,1993-10-16,2-HIGH
4807,513,O,13300.99,1995-01-22,3-MEDIUM
4808,991,O,48599.33,1998-10-16,5-LOW
4809,817,O,12464.58,1998-01-03,2-HIGH
4810,361,O,2787.52,1994-01-02,2-HIGH
4811,888,P,56730.15,1996-11-22,5-LOW
4812,637,F,62797.58,1997-12-23,4-NOT SPECIFIED
4813,533,P,18760.93,1997-02-25,5-LOW
4814,56,P,70813.44,1998-09-04,1-URGENT
4815,118,P,25860.3,1993-08-28,4-NOT SPECIFIED
4816,643,O,2409.06,1996-06-12,2-HIGH
4817,547,P,52972.69,1997-06-04,1-URGENT
4818,909,F,72738.87,1993-08-15,1-URGENT
4819,541,F,28322.51,1992-01-19,3-MEDIUM
4820,741,O,60827.34,1996-02-14,2-HIGH
4821,506,P,87603.24,1997-05-07,5-LOW
4822,723,O,9472.58,1997-11-24,1-URGENT
4823,268,O,29909.12,1993-09-22,1-URGENT
4824,724,F,57150.19,1997-02-27,2-HIGH
4825,627,P,47438.96,1993-10-25,1-URGENT
4826,456,F,51279.13,1994-05-23,3-MEDIUM
4827,796,P,15244.24,1992-05-02,1-URGENT
4828,238,O,22434.39,1996-08-19,3-MEDIUM
4829,962,O,98568.34,1997-12-23,4-NOT SPECIFIED
4830,78,F,11923.65,1995-10-17,5-LOW
4831,678,P,28195.38,1995-12-04,4-NOT SPECIFIED
4832,924,O,41641.1,1994-07-20,3-MEDIUM
4833,463,P,6813.56,1995-03-13,4-NOT SPECIFIED
4834,6,O,49359.81,1997-12-11,5-LOW
4835,846,O,64247.05,1995-10-06,4-NOT SPECIFIED
4836,873,O,21564.66,1997-08-15,3-MEDIUM
4837,46,P,86661.82,1994-01-28,2-HIGH
4838,406,O,63701.17,1994-12-22,4-NOT SPECIFIED
4839,326,P,13479.97,1995-12-06,3-MEDIUM
4840,196,O,84542.84,1995-05-03,2-HIGH
4841,63,O,40074.17,1994-06-15,1-URGENT
4842,97,F,56561.8,1998-03-12,1-URGENT
4843,593,P,72355.21,1995-11-14,5-LOW
4844,94,P,49282.71,1995-01-28,4-NOT SPECIFIED
4845,262,O,33924.69,1997-07-26,5-LOW
4846,246,F,20842.5,1995-09-05,4-NOT SPECIFIED
4847,971,O,43469.85,1996-02-26,4-NOT SPECIFIED
4848,979,P,14476.15,1992-02-22,3-MEDIUM
4849,904,P,12437.28,1997-02-18,2-HIGH
4850,236,P,54680.9,1994-09-10,4-NOT SPECIFIED
4851,724,O,87334.01,1993-03-01,1-URGENT
4852,168,F,45490.07,1997-03-02,3-MEDIUM
4853,925,F,62240.65,1995-01-08,1-URGENT
4854,348,P,19147.28,1998-07-06,1-URGENT
4855,975,P,34117.27,1992-01-18,5-LOW
4856,230,O,80453.87,1992-02-13,3-MEDIUM
4857,882,F,27962.31,1998-10-25,2-HIGH
4858,433,O,20377.39,1997-07-02,4-NOT SPECIFIED
4859,157,P,28535.22,1998-06-08,2-HIGH
4860,128,P,27434.84,1997-06-04,4-NOT SPECIFIED
4861,604,P,94863.94,1995-02-16,4-NOT SPECIFIED
4862,144,O,98452.44,1992-07-08,1-URGENT
4863,589,O,42432.89,1998-10-18,4-NOT SPECIFIED
4864,500,F,29627.21,1995-10-25,4-NOT SPECIFIED
4865,679,F,76207.71,1992-11-18,1-URGENT
4866,226,P,9070.59,1994-12-07,4-NOT SPECIFIED
4867,490,P,48522.22,1992-06-28,4-NOT SPECIFIED
4868,903,O,59642.89,1992-07-03,2-HIGH
4869,402,F,87527.91,1992-09-20,3-MEDIUM
4870,537,O,76667.42,1992-03-23,1-URGENT
4871,417,F,78851.35,1996-06-28,2-HIGH
4872,526,P,57477.21,1994-07-15,1-URGENT
4873,489,O,38951.67,1994-06-03,5-LOW
4874,283,P,92925.71,1992-11-11,2-HIGH
4875,46,P,24567.82,1997-03-04,3-MEDIUM
4876,171,O,72793.75,1996-08-12,4-NOT SPECIFIED
4877,792,F,4828.55,1994-10-26,5-LOW
4878,648,O,1422.5,1995-08-17,1-URGENT
4879,23,F,16431.76,1996-09-21,1-URGENT
4880,836,O,72429.51,1993-08-05,5-LOW
4881,34,F,36226.34,1993-03-13,4-NOT SPECIFIED
4882,347,P,2253.82,1992-11-27,1-URGENT
4883,7,O,2176.65,1994-06-26,3-MEDIUM
4884,651,P,5939.4,1995-12-01,1-URGENT
4885,924,F,66884.64,1994-02-24,1-URGENT
4886,928,O,77384.92,1992-11-21,4-NOT SPECIFIED
4887,101,O,54066.21,1992-11-21,1-URGENT
4888,422,O,63989.47,1994-06-07,4-NOT SPECIFIED
4889,737,P,21306.58,1993-07-10,1-URGENT
4890,665,O,52338.33,1998-08-24,2-HIGH
4891,647,P,61258.07,1994-04-14,3-MEDIUM
4892,77,O,68628.03,1998-03-16,3-MEDIUM
4893,881,P,16615.79,1995-11-02,3-MEDIUM
4894,687,P,90094.71,1992-09-24,1-URGENT
4895,815,F,42707.78,1993-06-27,3-MEDIUM
4896,810,F,20567.27,1998-08-27,2-HIGH
4897,890,O,31885.47,1997-07-08,5-LOW
4898,400,P,38062.9,1992-09-21,1-URGENT
4899,671,P,85278.75,1997-11-20,4-NOT SPECIFIED
4900,489,O,15642.02,1994-01-12,5-LOW
4901,760,O,24313.87,1992-12-06,3-MEDIUM
4902,837,O,2588.31,1996-08-02,2-HIGH
4903,138,O,71351.54,1997-06-03,2-HIGH
4904,56,P,27619.92,1997-02-08,2-HIGH
4905,840,O,13784.13,1997-01-04,4-NOT SPECIFIED
4906,304,O,28303.38,1996-05-18,1-URGENT
4907,167,F,55558.56,1995-10-23,3-MEDIUM
4908,250,O,74431.86,1998-12-13,3-MEDIUM
4909,623,F,81890.83,1995-11-03,4-NOT SPECIFIED
4910,987,O,33203.12,1995-01-26,3-MEDIUM
4911,11,O,90774.79,1994-05-28,3-MEDIUM
4912,565,P,48253.54,1993-07-16,5-LOW
4913,640,O,14839.0,1992-10-11,5-LOW
4914,828,P,58739.42,1992-08-16,2-HIGH
4915,896,P,17447.14,1997-03-08,5-LOW
4916,125,F,54320.01,1997-03-24,1-URGENT
4917,229,P,74011.29,1996-04-14,2-HIGH
4918,912,P,13723.47,1993-03-11,2-HIGH
4919,739,O,72232.37,1997-06-15,3-MEDIUM
4920,31,O,57628.18,1995-01-13,2-HIGH
4921,486,F,15754.28,1995-09-15,3-MEDIUM
4922,563,O,67144.6,1998-01-17,4-NOT SPECIFIED
4923,238,F,53683.85,1996-12-05,5-LOW
4924,720,F,75055.96,1995-06-10,5-LOW
4925,430,F,62383.22,1993-04-09,1-URGENT
4926,934,P,97519.09,1994-10-18,2-HIGH
4927,131,F,29719.46,1992-10-06,3-MEDIUM
4928,441,P,63113.39,1992-09-01,2-HIGH
4929,483,P,89386.2,1995-07-23,1-URGENT
4930,805,P,53679.66,1995-08-09,3-MEDIUM
4931,726,O,79483.48,1998-03-28,4-NOT SPECIFIED
4932,363,F,5830.04,1992-06-24,5-LOW
4933,414,O,23854.39,1996-10-01,2-HIGH
4934,580,P,31877.22,1996-02-03,3-MEDIUM
4935,833,P,29855.78,1997-06-23,1-URGENT
4936,667,F,46270.25,1995-12-06,3-MEDIUM
4937,170,F,53725.59,1996-12-09,5-LOW
4938,157,F,38340.22,1994-03-25,4-NOT SPECIFIED
4939,880,O,2232.74,1996-09-16,4-NOT SPECIFIED
4940,855,P,72798.2,1996-03-25,1-URGENT
4941,198,O,20049.53,1992-01-24,3-MEDIUM
4942,986,O,65606.28,1997-03-25,5-LOW
4943,144,P,42361.89,1998-11-02,5-LOW
4944,398,F,76794.4,1995-01-19,5-LOW
4945,264,F,97843.22,1993-11-07,4-NOT SPECIFIED
4946,824,F,89611.66,1994-06-12,3-MEDIUM
4947,965,F,45073.56,1994-08-16,2-HIGH
4948,240,P,37653.07,1993-04-13,4-NOT SPECIFIED
4949,852,F,28211.06,1995-07-05,1-URGENT
4950,984,O,12297.36,1993-03-09,4-NOT SPECIFIED
4951,950,O,81597.34,1993-02-14,1-URGENT
4952,66,O,54090.34,1995-10-10,4-NOT SPECIFIED
4953,726,F,7909.51,1994-05-23,3-MEDIUM
4954,446,F,61302.65,1993-03-27,1-URGENT
4955,131,O,79788.66,1998-01-20,5-LOW
4956,730,O,50676.96,1995-12-11,2-HIGH
4957,791,O,76576.41,1996-04-22,5-LOW
4958,558,O,66432.34,1997-05-07,4-NOT SPECIFIED
4959,621,O,47492.83,1998-04-05,2-HIGH
4960,995,F,62964.1,1992-01-27,5-LOW
4961,248,F,97508.58,1994-11-25,1-URGENT
4962,549,F,52885.76,1993-10-24,3-MEDIUM
4963,572,P,39184.2,1992-11-05,1-URGENT
4964,614,P,47741.74,1995-08-17,2-HIGH
4965,888,P,58302.64,1998-03-05,1-URGENT
4966,469,P,99757.0,1998-07-04,3-MEDIUM
4967,636,F,81093.65,1998-09-13,2-HIGH
4968,47,P,77813.65,1997-10-08,4-NOT SPECIFIED
4969,899,O,96869.6,1996-08-08,2-HIGH
4970,511,O,64914.01,1995-03-08,3-MEDIUM
4971,88,O,96890.94,1994-01-03,3-MEDIUM
4972,273,P,9348.0,1993-08-07,4-NOT SPECIFIED
4973,834,P,89974.48,1994-01-16,1-URGENT
4974,630,O,85764.05,1992-09-08,2-HIGH
4975,229,O,92136.12,1992-12-12,4-NOT SPECIFIED
4976,426,F,96958.03,1993-11-11,3-MEDIUM
4977,137,F,7938.85,1997-11-07,4-NOT SPECIFIED
4978,352,F,14479.04,1996-07-24,5-LOW
4979,124,F,59632.91,1993-10-26,2-HIGH
4980,984,O,48523.71,1997-07-13,3-MEDIUM
4981,177,F,99791.01,1998-02-05,1-URGENT
4982,397,O,28624.81,1995-09-27,5-LOW
4983,816,P,75560.36,1993-11-24,3-MEDIUM
4984,388,P,21776.61,1996-12-04,2-HIGH
4985,406,O,94065.25,1996-09-23,4-NOT SPECIFIED
4986,932,P,75272.58,1995-07-23,4-NOT SPECIFIED
4987,102,O,52327.3,1994-07-04,2-HIGH
4988,830,O,96063.3,1994-06-16,2-HIGH
4989,40,O,92530.04,1995-08-04,2-HIGH
4990,858,P,43607.78,1995-01-07,4-NOT SPECIFIED
4991,942,F,56362.91,1992-03-01,3-MEDIUM
4992,82,P,65563.68,1992-02-28,2-HIGH
4993,821,P,6323.03,1995-06-02,2-HIGH
4994,832,F,57888.7,1992-07-01,3-MEDIUM
4995,663,F,27174.8,1994-05-07,5-LOW
4996,503,O,69507.56,1992-12-02,4-NOT SPECIFIED
4997,839,O,53671.42,1995-11-02,4-NOT SPECIFIED
4998,929,O,5610.82,1998-01-04,2-HIGH
4999,239,P,36554.04,1997-05-11,3-MEDIUM
5000,205,F,36837.4,1995-08-01,5-LOW
